accession,version,uid,organism,year,definition,culture_cell,cpe,passage,clinical,clinical_no_culture
NC_141872,NC_141872.1,,Totsukavirus waseda,2026,"MAG: Totsukavirus waseda isolate 2698_63430, complete genome.",0,0,0,1,1
NC_111760,NC_111760.1,,Escherichia phage vB_VIPECOOM03,2026,"Escherichia phage vB_VIPECOOM03, complete genome.",1,0,0,0,0
NC_141871,NC_141871.1,,Glazvirus inraei,2026,"uncultured Methanobacterium virus C158, complete genome.",0,0,0,0,0
NC_115729,NC_115729.1,,Japanese grapevine viroid,2026,"Japanese grapevine viroid Na RNA, complete genome.",0,0,0,0,0
NC_117067,NC_117067.1,,Pheasant-associated gyrovirus,2026,"Pheasant-associated gyrovirus strain PAGyV1, complete genome.",0,0,0,0,0
NC_117100,NC_117100.1,,Wenzhou Myotis laniger paramyxovirus 2,2026,"Wenzhou Myotis laniger paramyxovirus 2 isolate YJB_DaWei, complete genome.",0,0,0,0,0
NC_140766,NC_140766.1,,Bat paramyxovirus,2026,"Bat paramyxovirus, complete genome.",0,0,0,0,0
NC_117170,NC_117170.1,,denwin virus,2026,"Denwin virus strain BE/Ninove/Cr/1/2019, complete genome.",0,0,0,0,0
NC_116861,NC_116861.1,,Wenzhou Apodemus agrarius henipavirus 1,2026,"Wenzhou Apodemus agrarius henipavirus 1, complete genome.",0,0,0,0,0
NC_140761,NC_140761.1,,Ninorex virus,2026,"Ninorex virus strain BE/Ninove/Sm/1/2020, complete genome.",0,0,0,0,0
NC_117172,NC_117172.1,,melian virus,2026,"Melian virus strain GN/Meliandou/Cg/1/2018, complete genome.",0,0,0,0,0
NC_117268,NC_117268.1,,Langya virus,2026,"Langya virus isolate SDQD_H1801, complete genome.",0,0,0,0,0
NC_117091,NC_117091.1,,Jingmen Crocidura shantungensis henipavirus 1,2026,"Jingmen Crocidura shantungensis henipavirus 1 isolate SYS_SheQu, complete genome.",0,0,0,0,0
NC_117099,NC_117099.1,,Wenzhou Myotis davidii paramyxovirus 1,2026,"Wenzhou Myotis davidii paramyxovirus 1 isolate YJB_DaWei, complete genome.",0,0,0,0,0
NC_131367,NC_131367.1,,Wufeng Rhinolophus pearsonii paramyxovirus 1,2026,"Wufeng Rhinolophus pearsonii paramyxovirus 1, complete genome.",0,0,0,0,0
NC_140760,NC_140760.1,,Plecomyxo virus,2026,"Plecomyxo virus strain BE/Oudenaarde/Pa/1/2020, complete genome.",0,0,0,0,0
NC_140759,NC_140759.1,,Piparella virus,2026,"Piparella virus strain BE/Aalst/Pp/1/2020, complete genome.",0,0,0,0,0
NC_117101,NC_117101.1,,Wufeng Myotis altarium paramyxovirus 1,2026,"Wufeng Myotis altarium paramyxovirus 1 isolate WFB_YunShu, complete genome.",0,0,0,0,0
NC_117102,NC_117102.1,,Jingmen Myotis davidii paramyxovirus 1,2026,"Jingmen Myotis davidii paramyxovirus 1 isolate JSB_DaWei, complete genome.",0,0,0,0,0
NC_116854,NC_116854.1,,Jingmen Miniopterus schreibersii paramyxovirus 1,2026,"Jingmen Miniopterus schreibersii paramyxovirus 1, complete genome.",0,0,0,0,0
NC_116595,NC_116595.1,,Parahenipavirus daeryongense,2026,"Parahenipavirus daeryongense strain Cs17-65, complete genome.",0,0,0,0,0
NC_117093,NC_117093.1,,Wufeng Chodsigoa smithii henipavirus 1,2026,"Wufeng Chodsigoa smithii henipavirus 1 isolate WFS_ChangWei, complete genome.",0,0,0,0,0
NC_117168,NC_117168.1,,denalis virus,2026,"Denalis virus strain BE/Ninove/Mar/1/2019, complete genome.",0,0,0,0,0
NC_117171,NC_117171.1,,meleucus virus,2026,"Meleucus virus strain GN/Meliandou/Me/2/2018, complete genome.",0,0,0,0,0
NC_116736,NC_116736.1,,Porcine morbillivirus,2026,"Porcine morbillivirus strain PMV/MX/ISU7758/2020, complete genome.",0,0,0,0,0
NC_140758,NC_140758.1,,Phyllostomus bat morbillivirus,2026,"Phyllostomus bat morbillivirus isolate PREDICT/PBZ-1381, complete genome.",0,0,0,0,0
NC_116742,NC_116742.1,,Myotis bat morbillivirus,2026,"Myotis bat morbillivirus isolate PREDICT/PDF-3137, complete genome.",0,0,0,0,0
NC_117103,NC_117103.1,,Wufeng Apodemus chevrieri jeilongvirus 1,2026,"Wufeng Apodemus chevrieri jeilongvirus 1 isolate WFS_GaoShan, complete genome.",0,0,0,0,0
NC_140757,NC_140757.1,,Denotus virus,2026,"Denotus virus strain BE/Ninove/Ma/1/2019, complete genome.",0,0,0,0,0
NC_117105,NC_117105.1,,Wufeng Typhlomys cinereus jeilongvirus 1,2026,"Wufeng Typhlomys cinereus jeilongvirus 1 isolate WFS_ZhuWei, complete genome.",0,0,0,0,0
NC_116851,NC_116851.1,,Longquan Niviventer niviventer jeilongvirus 1,2026,"Longquan Niviventer niviventer jeilongvirus 1, complete genome.",0,0,0,0,0
NC_117169,NC_117169.1,,denestis virus,2026,"Denestis virus strain BE/Ninove/Mag/2/2019, complete genome.",0,0,0,0,0
NC_117104,NC_117104.1,,Wenzhou Rattus losea jeilongvirus 2,2026,"Wenzhou Rattus losea jeilongvirus 2 isolate WZS_HuMao, complete genome.",0,0,0,0,0
NC_117166,NC_117166.1,,Meliandou praomys virus,2026,"Meliandou praomys virus strain GN/Meliandou/Pr/1/2018, complete genome.",0,0,0,0,0
NC_116856,NC_116856.1,,Wufeng Rattus nitidus jeilongvirus 1,2026,"Wufeng Rattus nitidus jeilongvirus 1, complete genome.",0,0,0,0,0
NC_115778,NC_115778.1,,Jeilongvirus pajuense,2026,"Jeilongvirus pajuense strain Aa-17-179, complete genome.",0,0,0,0,0
NC_116853,NC_116853.1,,Wenzhou Rattus norvegicus jeilongvirus 1,2026,"Wenzhou Rattus norvegicus jeilongvirus 1, complete genome.",0,0,0,0,0
NC_131399,NC_131399.1,,Meliandou mastomys virus,2026,"Meliandou mastomys virus strain GN/Meliandou/Me/1/2018, complete genome.",0,0,0,0,0
NC_140554,NC_140554.1,,Ninapo virus,2026,"Ninapo virus strain BE/Ninove/As/1/2019, complete genome.",0,0,0,0,0
NC_117167,NC_117167.1,,Ninove microtus virus,2026,"Ninove microtus virus strain BE/Ninove/Mag/1/2019, complete genome.",0,0,0,0,0
NC_140553,NC_140553.1,,Gerbil paramyxovirus,2026,"UNVERIFIED: Gerbil paramyxovirus isolate DB04S/SX/2018, complete genome.",0,0,0,0,0
NC_117165,NC_117165.1,,Meliandou lophuromys virus,2026,"Meliandou lophuromys virus strain GN/Meliandou/Lm/1/2018, complete genome.",0,0,0,0,0
NC_140552,NC_140552.1,,Ninomys virus,2026,"Ninomys virus strain BE/Ninove/Mm/1/2021, complete genome.",0,0,0,0,0
NC_116849,NC_116849.1,,Longquan Niviventer fulvescens jeilongvirus 1,2026,"Longquan Niviventer fulvescens jeilongvirus 1, complete genome.",0,0,0,0,0
NC_116850,NC_116850.1,,Longquan Niviventer fulvescens jeilongvirus 2,2026,"Longquan Niviventer fulvescens jeilongvirus 2, complete genome.",0,0,0,0,0
NC_117173,NC_117173.1,,memana virus,2026,"Memana virus strain GN/Meliandou/Mn/1/2018, complete genome.",0,0,0,0,0
NC_117106,NC_117106.1,,Wufeng Eothenomys melanogaster jeilongvirus 1,2026,"Wufeng Eothenomys melanogaster jeilongvirus 1 isolate WFS_RongShu, complete genome.",0,0,0,0,0
NC_105524,NC_105524.1,,Jeilongvirus chaetodipodis,2026,"Jeilongvirus chaetodipodis isolate AB1, complete genome.",0,0,0,0,0
NC_140550,NC_140550.1,,Bovine narmovirus 1,2026,"Bovine narmovirus 1 strain Australia/bovine/L11/2019, complete genome.",0,0,0,0,0
NC_115926,NC_115926.1,,Respirovirus rupicaprae,2026,"Respirovirus rupicaprae isolate ChamoisRV/IT2014, complete genome.",0,0,0,0,0
NC_073046,NC_073046.1,,Bacillus phage vB_BanS_Booya,2026,"Bacillus phage vB_BanS_Booya, complete genome.",1,0,0,0,0
NC_139533,NC_139533.1,,Taeniopygia guttata deltavirus,2026,"Taeniopygia guttata deltavirus RNA, complete genome.",0,0,0,0,0
NC_139532,NC_139532.1,,Odocoileus virginianus deltavirus,2026,"Odocoileus virginianus deltavirus RNA, complete genome.",0,0,0,0,0
NC_139531,NC_139531.1,,Marmota monax deltavirus,2026,"Marmota monax deltavirus RNA, complete genome.",0,0,0,0,0
NC_139478,NC_139478.1,,Musk shrew hepatitis B virus,2026,"Musk shrew hepatitis B virus isolate CIV-304, complete genome.",0,0,0,0,0
NC_139477,NC_139477.1,,Crowned shrew hepatitis B virus,2026,"Crowned shrew hepatitis B virus isolate GF2139, complete genome.",0,0,0,0,0
NC_117090,NC_117090.1,,Orthohepadnavirus magnimyotis,2026,"Orthohepadnavirus magnimyotis isolate LQB_ZhongShu, complete genome.",0,0,0,0,0
NC_116885,NC_116885.1,,Orthohepadnavirus bassarisci,2026,"Orthohepadnavirus bassarisci isolate CO-09/924, complete genome.",0,0,0,0,0
NC_116972,NC_116972.1,,Potyvirus thevetiae,2026,"Potyvirus thevetiae isolate Amazonas, complete genome.",0,0,0,0,0
NC_117432,NC_117432.1,,Polygonatum mosaic-associated virus 1,2026,"Polygonatum mosaic-associated virus 1 isolate S21MP21 SR, complete genome.",0,0,0,0,0
NC_139456,NC_139456.1,,Passiflora foetida virus Y,2026,"Passiflora foetida virus Y isolate SG, complete genome.",0,0,0,0,0
NC_117233,NC_117233.1,,Miscanthus sinensis mosaic virus,2026,"Miscanthus sinensis mosaic virus isolate WA, complete genome.",0,0,0,0,0
NC_105787,NC_105787.1,,Falcon aviadenovirus A,2026,"Falcon aviadenovirus A isolate CDVUM_2557971, complete genome.",0,0,0,0,0
NC_116743,NC_116743.1,,Aviadenovirus bubonis,2026,"Aviadenovirus bubonis DNA, complete genome.",0,0,0,0,0
NC_139445,NC_139445.1,,Qinghai Lake virophage,2026,"MAG: Qinghai Lake virophage, complete genome.",0,0,0,1,1
NC_105837,NC_105837.1,,Essdubovirus chlorellae,2026,"Essdubovirus chlorellae isolate SW01, complete genome.",0,0,0,0,0
NC_115876,NC_115876.1,,Cedratvirus kamchatka,2026,"Cedratvirus kamchatka isolate P4, complete genome.",1,0,0,0,0
NC_139440,NC_139440.1,,Thurisazvirus desmodi,2026,"Thurisazvirus desmodi isolate DesRot/Peru/AYA11_DrDV-B, complete genome.",0,0,0,0,0
NC_116500,NC_116500.1,,Perideltavirus desmodi,2026,"Perideltavirus desmodi isolate DesRot/Peru/AYA14_DrDV-A, complete genome.",0,0,0,0,0
NC_139403,NC_139403.1,,Cat Tien Odontotermes delta-like virus,2026,"Cat Tien Odontotermes delta-like virus isolate hdv-like, complete genome.",0,0,0,0,0
NC_115481,NC_115481.1,,Solenopsis midden virus,2026,"Solenopsis midden virus isolate Formosa, complete genome.",0,0,0,0,0
NC_012532,NC_012532.1,,Zika virus,2026,"Zika virus strain MR 766, complete genome.",0,0,0,0,0
NC_038235,NC_038235.1,,human respiratory syncytial virus,2026,"Human respiratory syncytial virus isolate HRSV/A/USA/001/198X, complete genome.",0,0,0,0,0
NC_001803,NC_001803.1,,Human respiratory syncytial virus A,2026,"Human respiratory syncytial virus A isolate HRSV/A/UK/S2.ts1C/1995, complete genome.",0,0,0,0,0
NC_117253,NC_117253.1,,Cereal chlorotic mottle virus,2026,"Cereal chlorotic mottle virus isolate M, complete genome.",0,0,0,0,0
NC_139379,NC_139379.1,,Medicago sativa virus 1,2026,"Medicago sativa virus 1 isolate ZM1-NX2, complete genome.",0,0,0,0,0
NC_116975,NC_116975.1,,Strawberry virus 3,2026,"Strawberry virus 3 isolate Fragaria7, complete genome.",0,0,0,0,0
NC_139378,NC_139378.1,,Cytorhabdovirus sp. 'tiliae',2026,"Cytorhabdovirus tiliae isolate E54634 genome assembly, complete genome: monopartite.",0,0,0,0,0
NC_139377,NC_139377.1,,Taraxacum cytorhabdovirus 1,2026,"MAG: Taraxacum cytorhabdovirus 1 isolate PLE20SW, complete genome.",0,0,0,1,1
NC_117182,NC_117182.1,,Alphacytorhabdovirus sambuci,2026,"Alphacytorhabdovirus sambuci isolate B15, complete genome.",0,0,0,0,0
NC_117269,NC_117269.1,,rudbeckia virus 1,2026,"Rudbeckia virus 1 isolate PQ, complete genome.",0,0,0,0,0
NC_117394,NC_117394.1,,Alphacytorhabdovirus ribes,2026,"Alphacytorhabdovirus ribes isolate BcCRV1/KB1, complete genome.",0,0,0,0,0
NC_117321,NC_117321.1,,Alphacytorhabdovirus alphapogostemi,2026,"Alphacytorhabdovirus alphapogostemi isolate PA, complete genome.",0,0,0,0,0
NC_139376,NC_139376.1,,Pastinaca cytorhabdovirus 1,2026,"MAG: Pastinaca cytorhabdovirus 1 isolate POR19SW, complete genome.",0,0,0,1,1
NC_117252,NC_117252.1,,Hyptis latent virus,2026,"Hyptis latent virus, complete genome.",0,0,0,0,0
NC_139375,NC_139375.1,,Soybean blotchy mosaic virus,2026,"Soybean blotchy mosaic virus isolate 21-0287, complete genome.",0,0,0,0,0
NC_117410,NC_117410.1,,Daphne virus 1,2026,"Daphne virus 1 isolate SK, complete genome.",0,0,0,0,0
NC_116974,NC_116974.1,,Strawberry virus 2,2026,"Strawberry virus 2 isolate CFRA9094, complete genome.",0,0,0,0,0
NC_139374,NC_139374.1,,Betanucleorhabdovirus taraxi,2026,"MAG: Betanucleorhabdovirus taraxi isolate PLE20SW, complete genome.",0,0,0,1,1
NC_139373,NC_139373.1,,Betanucleorhabdovirus picridis,2026,"MAG: Betanucleorhabdovirus picridis isolate SKO20SW, complete genome.",0,0,0,1,1
NC_139372,NC_139372.1,,Tomato betanucleorhabdovirus 2,2026,"MAG: Tomato betanucleorhabdovirus 2 isolate SKO20ST1, complete genome.",0,0,0,1,1
NC_139371,NC_139371.1,,Tomato betanucleorhabdovirus 1,2026,"MAG: Tomato betanucleorhabdovirus 1 isolate BER19ST2, complete genome.",0,0,0,1,1
NC_139369,NC_139369.1,,Alphanucleorhabdovirus xinjianensis,2026,"MAG: Alphanucleorhabdovirus xinjianensis isolate 193-k141_301243, complete genome.",0,0,0,1,1
NC_025412,NC_025412.1,,Marseillevirus sp. 'Melbournevirus',2026,"Melbournevirus isolate 1, complete genome.",0,0,0,0,0
NC_139368,NC_139368.1,,Tomato alphanucleorhabdovirus 1,2026,"MAG: Tomato alphanucleorhabdovirus 1 isolate BER20ST1, complete genome.",0,0,0,1,1
NC_139361,NC_139361.1,,Killamcar virus 1,2026,"Killamcar virus 1 isolate PP32, complete genome.",0,0,0,0,0
NC_116599,NC_116599.1,,Tupavirus incomtus,2026,"Tupavirus incomtus strain SB8301, complete genome.",0,0,0,0,0
NC_115547,NC_115547.1,,Pepper whitefly borne vein yellow virus,2026,"Pepper whitefly borne vein yellow virus isolate PeWBVYV1, complete genome.",0,0,0,0,0
NC_117424,NC_117424.1,,Mimosa mosaic virus,2026,"Mimosa mosaic virus isolate BRPA, complete genome.",0,0,0,0,0
NC_115477,NC_115477.1,,Zucchini aphid-borne yellows virus,2026,"Zucchini aphid-borne yellows virus isolate XJ5, complete genome.",0,0,0,0,0
NC_115422,NC_115422.1,,Ullucus polerovirus 1,2026,"Ullucus polerovirus 1 strain Site 2, complete genome.",0,0,0,0,0
NC_117431,NC_117431.1,,Triticum yellow stripe virus,2026,"Triticum yellow stripe virus isolate SD, complete genome.",0,0,0,0,0
NC_117028,NC_117028.1,,Tobacco polerovirus 2,2026,"Tobacco polerovirus 2 isolate YKMPL, complete genome.",0,0,0,0,0
NC_139356,NC_139356.1,,Tobacco polerovirus 1,2026,"Tobacco polerovirus 1 isolate YBSh, complete genome.",0,0,0,0,0
NC_139355,NC_139355.1,,Torilis crimson leaf virus,2026,"Torilis crimson leaf virus isolate RL5 genome assembly, complete genome: monopartite.",0,0,0,0,0
NC_116890,NC_116890.1,,Trachyspermum ammi polerovirus,2026,"TPA: Trachyspermum ammi polerovirus isolate Tra amm, complete genome.",0,0,0,0,0
NC_115511,NC_115511.1,,Siratro latent polerovirus,2026,"Siratro latent polerovirus isolate 5271, complete genome.",0,0,0,0,0
NC_117245,NC_117245.1,,Soybean chlorotic leafroll virus,2026,"Soybean chlorotic leafroll virus, complete genome.",0,0,0,0,0
NC_117050,NC_117050.1,,Pterostylis polerovirus,2026,"Pterostylis polerovirus strain 13365, complete genome.",0,0,0,0,0
NC_115668,NC_115668.1,,Persimmon polerovirus,2026,"Persimmon polerovirus LuVa2 RNA, complete genome.",0,0,0,0,0
NC_116587,NC_116587.1,,Pod pepper vein yellows virus,2026,"Pod pepper vein yellows virus isolate YN, complete genome.",0,0,0,0,0
NC_131370,NC_131370.1,,Paspalum notatum polerovirus,2026,"TPA: Paspalum notatum polerovirus isolate Pas not, complete genome.",0,0,0,0,0
NC_116889,NC_116889.1,,Piper methysticum polerovirus,2026,"Piper methysticum polerovirus isolate Pip met, complete genome.",0,0,0,0,0
NC_116799,NC_116799.1,,Plantago asiatica virus A,2026,"Plantago asiatica virus A, complete genome.",0,0,0,0,0
NC_115371,NC_115371.1,,Panicum distortion mosaic virus,2026,"Panicum distortion mosaic virus Uiseong genomic RNA, complete genome.",0,0,0,0,0
NC_115733,NC_115733.1,,Ornithogalum virus 5,2026,"Ornithogalum virus 5, complete genome.",0,0,0,0,0
NC_116528,NC_116528.1,,Miscanthus yellow fleck virus,2026,"Miscanthus yellow fleck virus isolate PGQP1, complete genome.",0,0,0,0,0
NC_117310,NC_117310.1,,Mallotus japonicus virus A,2026,"Mallotus japonicus virus A isolate MjA, complete genome.",0,0,0,0,0
NC_116888,NC_116888.1,,Kalanchoe marnieriana polerovirus,2026,"TPA: Kalanchoe marnieriana polerovirus isolate Kal mar, complete genome.",0,0,0,0,0
NC_139284,NC_139284.1,,Hemisteptia virus A,2026,"Hemisteptia virus A isolate SKD, complete genome.",0,0,0,0,0
NC_139283,NC_139283.1,,Grapevine polerovirus 1,2026,"Grapevine polerovirus 1 KC RNA, complete genome.",0,0,0,0,0
NC_115946,NC_115946.1,,Phytophthora cactorum RNA virus 1,2026,"Phytophthora cactorum RNA virus 1 strain PcRV1-pc1, complete genome.",0,0,0,0,0
NC_116651,NC_116651.1,,Phytophthora condilina RNA virus 1,2026,"Phytophthora condilina RNA virus 1 isolate PcoRV1/BD661, complete genome.",0,0,0,0,0
NC_115506,NC_115506.1,,Pythium splendens RNA virus 1,2026,"Pythium splendens RNA virus 1 PsRV1-425508 genomic RNA, complete genome.",0,0,0,0,0
NC_116530,NC_116530.1,,Picoa juniperi megatotivirus 1,2026,"Picoa juniperi megatotivirus 1 isolate ANK_VIR-88, complete genome.",0,0,0,0,0
NC_139278,NC_139278.1,,Chickpea leafroll virus,2026,"Chickpea leafroll virus isolate GIRD, complete genome.",0,0,0,0,0
NC_117428,NC_117428.1,,Cnidium polerovirus 1,2026,"Cnidium polerovirus 1 isolate SK, complete genome.",0,0,0,0,0
NC_116313,NC_116313.1,,Cardamom polerovirus,2026,"TPA: Cardamom polerovirus isolate Kerala, complete genome.",0,0,0,0,0
NC_116971,NC_116971.1,,Cotton bunchy top virus 2,2026,"Cotton bunchy top virus 2 isolate 3092-2, complete genome.",1,0,0,0,0
NC_116970,NC_116970.1,,Cotton bunchy top virus 1,2026,"Cotton bunchy top virus 1 isolate 3092-1, complete genome.",1,0,0,0,0
NC_139276,NC_139276.1,,Beet leaf yellowing virus,2026,"Beet leaf yellowing virus NN RNA, complete genome.",0,0,0,0,0
NC_116609,NC_116609.1,,Artemisia virus B,2026,"Artemisia virus B isolate SK, complete genome.",0,0,0,0,0
NC_115690,NC_115690.1,,Allium polerovirus A,2026,"Allium polerovirus A isolate RDS22-3, complete genome.",0,0,0,0,0
NC_115720,NC_115720.1,,Hubei sclerotinia RNA virus 1,2026,"Hubei sclerotinia RNA virus 1 isolate 277, complete genome.",0,0,0,0,0
NC_139275,NC_139275.1,,Red clover enamovirus 1,2026,"Red clover enamovirus 1 isolate RCEV1/Landkreis Meissen_17, complete genome.",0,0,0,0,0
NC_116026,NC_116026.1,,Kummerowia striatad enamovirus,2026,"Kummerowia striatad enamovirus strain pt119-phy-2-NY, complete genome.",0,0,0,0,0
NC_116580,NC_116580.1,,Green Sichuan pepper enamovirus,2026,"Green Sichuan pepper enamovirus isolate ZPE1, complete genome.",0,0,0,0,0
NC_116891,NC_116891.1,,Celmisia lyallii enamovirus,2026,"TPA: Celmisia lyallii enamovirus isolate Cel lya, complete genome.",0,0,0,0,0
NC_117053,NC_117053.1,,Bean enamovirus 1,2026,"Bean enamovirus 1 isolate YKM-CD, complete genome.",0,0,0,0,0
NC_139271,NC_139271.1,,Ageratum virus 2,2026,"Ageratum virus 2 isolate Fuding, complete genome.",0,0,0,0,0
NC_116297,NC_116297.1,,Lettuce waikavirus 1,2026,"Lettuce waikavirus 1 isolate JG1, complete genome.",0,0,0,0,0
NC_139267,NC_139267.1,,Inari rhabdovirus,2026,"MAG: Inari rhabdovirus isolate FIN/L-2018/84, complete genome.",0,0,0,1,1
NC_139266,NC_139266.1,,Hattula rhabdovirus,2026,"MAG: Hattula rhabdovirus isolate FIN/PK-2018/62, complete genome.",0,0,0,1,1
NC_139264,NC_139264.1,,Kotalahti bat lyssavirus,2026,"Kotalahti bat lyssavirus isolate NA genome assembly, complete genome: monopartite.",0,0,0,0,0
NC_131414,NC_131414.1,,Boana pugnax lyssa-like virus 1,2026,"Boana pugnax lyssa-like virus 1 strain Antioquia, complete genome.",0,0,0,0,0
NC_117368,NC_117368.1,,Tahe rhabdovirus 1,2026,"Tahe rhabdovirus 1 strain NE-DH1, complete genome.",0,0,0,1,1
NC_117164,NC_117164.1,,Gierle apodemus virus,2026,"Gierle apodemus virus strain BE/Gierle/As/1/2013, complete genome.",0,0,0,0,0
NC_116857,NC_116857.1,,Longquan Berylmys bowersi morbillivirus 1,2026,"Longquan Berylmys bowersi morbillivirus 1, complete genome.",0,0,0,0,0
NC_117243,NC_117243.1,,Alpharicinrhavirus bancrofti,2026,"Alpharicinrhavirus bancrofti strain K23, complete genome.",0,0,0,0,0
NC_116560,NC_116560.1,,Achimota pararubulavirus 3,2026,"Achimota pararubulavirus 3 isolate U72, complete genome.",0,0,0,0,0
NC_117229,NC_117229.1,,Shanxi Arboretum virus,2026,"Shanxi Arboretum virus isolate SXABTV1916-1, complete genome.",0,0,0,0,0
NC_116862,NC_116862.1,,Wufeng Rhinolophus sinicus rubulavirus 1,2026,"Wufeng Rhinolophus sinicus rubulavirus 1, complete genome.",0,0,0,0,0
NC_116858,NC_116858.1,,Wufeng Niviventer fulvescens morbillivirus 1,2026,"Wufeng Niviventer fulvescens morbillivirus 1, complete genome.",0,0,0,0,0
NC_139212,NC_139212.1,,Culex inatomii totivirus,2026,"Culex inatomii totivirus isolate CiTV_Leuven_Pool4, complete genome.",0,0,0,0,0
NC_116338,NC_116338.1,,Bactrocera dorsalis toti-like virus 2,2026,"Bactrocera dorsalis toti-like virus 2 strain BDTLV2.abc8, complete genome.",0,0,0,0,0
NC_116337,NC_116337.1,,Bactrocera dorsalis toti-like virus 1,2026,"Bactrocera dorsalis toti-like virus 1 strain BDTLV1.abc7, complete genome.",0,0,0,0,0
NC_131270,NC_131270.1,,Schistocephalus solidus toti-like virus 2,2026,"Schistocephalus solidus toti-like virus 2 isolate SsTV2-SsAE, complete genome.",0,0,0,0,0
NC_116726,NC_116726.1,,Bemisia tabaci toti-like virus 2,2026,"Bemisia tabaci toti-like virus 2 isolate Q, complete genome.",0,0,0,0,0
NC_116725,NC_116725.1,,Bemisia tabaci toti-like virus 1,2026,"Bemisia tabaci toti-like virus 1 isolate B, complete genome.",0,0,0,0,0
NC_115871,NC_115871.1,,Scaphoideus titanus toti-like virus 1,2026,"Scaphoideus titanus toti-like virus 1 isolate St_FR, complete genome.",0,0,0,0,0
NC_139204,NC_139204.1,,Botrytis cinerea victorivirus 2,2026,"Botrytis cinerea victorivirus 2 isolate BCS8_DN1217, complete genome.",0,0,0,0,0
NC_139203,NC_139203.1,,Fusarium sambucinum victorivirus 1,2026,"Fusarium sambucinum victorivirus 1 Fs2242v genomic RNA, complete genome.",0,0,0,0,0
NC_116094,NC_116094.1,,Macrophomina phaseolina victorivirus 2,2026,"Macrophomina phaseolina victorivirus 2 strain 2012-022, complete genome.",0,0,0,0,0
NC_116093,NC_116093.1,,Macrophomina phaseolina victorivirus 1,2026,"Macrophomina phaseolina victorivirus 1 isolate 2012-019, complete genome.",0,0,0,0,0
NC_116875,NC_116875.1,,Neofusicoccum parvum victorivirus 3,2026,"Neofusicoccum parvum victorivirus 3 isolate NpVV3, complete genome.",0,0,0,0,0
NC_116288,NC_116288.1,,Aspergillus lentulus totivirus 1,2026,"Aspergillus lentulus totivirus 1 J-YC genomic RNA, complete genome.",0,0,0,0,0
NC_139199,NC_139199.1,,Alehxovirus pseudofaecenecus,2026,"MAG: Alehxovirus pseudofaecenecus isolate 174-k141_58336, complete genome.",0,0,0,1,1
NC_139198,NC_139198.1,,Alehxovirus pratenecus,2026,"MAG: Alehxovirus pratenecus isolate R72-k141_249948, complete genome.",0,0,0,1,1
NC_139197,NC_139197.1,,Alehxovirus nemorisvivens,2026,"MAG: Alehxovirus nemorisvivens isolate 376R-k141_462894, complete genome.",0,0,0,1,1
NC_139196,NC_139196.1,,Alehxovirus nemoriscola,2026,"MAG: Alehxovirus nemoriscola isolate 376R-k141_1198757, complete genome.",0,0,0,1,1
NC_139195,NC_139195.1,,Alehxovirus nemorisadaptatum,2026,"MAG: Alehxovirus nemorisadaptatum isolate R87-k141_13667, complete genome.",0,0,0,1,1
NC_139194,NC_139194.1,,Alehxovirus montisvivens,2026,"MAG: Alehxovirus montisvivens isolate s59-k141_712336, complete genome.",0,0,0,1,1
NC_139193,NC_139193.1,,Alehxovirus infecundadaptatum,2026,"MAG: Alehxovirus infecundadaptatum isolate 105-k141_213794, complete genome.",0,0,0,1,1
NC_139192,NC_139192.1,,Alehxovirus fundihabitans,2026,"MAG: Alehxovirus fundihabitans isolate R9-k141_373641, complete genome.",0,0,0,1,1
NC_139191,NC_139191.1,,Alehxovirus fundicola,2026,"MAG: Alehxovirus fundicola isolate 254-k141_128054, complete genome.",0,0,0,1,1
NC_139190,NC_139190.1,,Alehxovirus fundenecus,2026,"MAG: Alehxovirus fundenecus isolate s48-k141_148630, complete genome.",0,0,0,1,1
NC_139189,NC_139189.1,,Alehxovirus frumentivicinum,2026,"MAG: Alehxovirus frumentivicinum isolate 157-k141_37639, complete genome.",0,0,0,1,1
NC_139188,NC_139188.1,,Alehxovirus frumenticola,2026,"MAG: Alehxovirus frumenticola isolate 159-k141_217068, complete genome.",0,0,0,1,1
NC_139187,NC_139187.1,,Alehxovirus faecivivens,2026,"MAG: Alehxovirus faecivivens isolate 248-k141_244285, complete genome.",0,0,0,1,1
NC_116680,NC_116680.1,,Tea-oil camellia-associated totivirus 1,2026,"Tea-oil camellia-associated totivirus 1 isolate Jiangxi, complete genome.",0,0,0,0,0
NC_116679,NC_116679.1,,Conidiobolus heterosporus totivirus 1,2026,"Conidiobolus heterosporus totivirus 1, complete genome.",0,0,0,0,0
NC_139182,NC_139182.1,,Alehxovirus faecivicinum,2026,"MAG: Alehxovirus faecivicinum isolate 168-k141_288144, complete genome.",0,0,0,1,1
NC_139181,NC_139181.1,,Alehxovirus faecihabitans,2026,"MAG: Alehxovirus faecihabitans isolate 46-k141_129773, complete genome.",0,0,0,1,1
NC_139180,NC_139180.1,,Alehxovirus faecicola,2026,"MAG: Alehxovirus faecicola isolate 167-k141_355194, complete genome.",0,0,0,1,1
NC_139179,NC_139179.1,,Alehxovirus faecadaptatum,2026,"MAG: Alehxovirus faecadaptatum isolate R30-k141_32906, complete genome.",0,0,0,1,1
NC_139178,NC_139178.1,,Alehxovirus allonemorishabitans,2026,"MAG: Alehxovirus allonemorishabitans isolate 268-k141_299831, complete genome.",0,0,0,1,1
NC_139177,NC_139177.1,,Alehxovirus allonemorisenecus,2026,"MAG: Alehxovirus allonemorisenecus isolate 376R-k141_1065260, complete genome.",0,0,0,1,1
NC_139176,NC_139176.1,,Alehxovirus allonemoriscola,2026,"MAG: Alehxovirus allonemoriscola isolate 154-k141_396282, complete genome.",0,0,0,1,1
NC_116497,NC_116497.1,,Malassezia sympodialis mycovirus,2026,"Malassezia sympodialis mycovirus isolate MsMV1, complete genome.",0,0,0,0,0
NC_115780,NC_115780.1,,Cronartium ribicola totivirus 2,2026,"Cronartium ribicola totivirus 2 isolate SC2, complete genome.",0,0,0,0,0
NC_115918,NC_115918.1,,Totivirus nijyuroku,2026,"Totivirus nijyuroku isolate MrV40L, complete genome.",0,0,0,0,0
NC_115781,NC_115781.1,,Cronartium ribicola totivirus 3,2026,"Cronartium ribicola totivirus 3 isolate SC2, complete genome.",0,0,0,0,0
NC_115782,NC_115782.1,,Cronartium ribicola totivirus 4,2026,"Cronartium ribicola totivirus 4 isolate SC2, complete genome.",0,0,0,0,0
NC_116608,NC_116608.1,,Torulaspora delbrueckii virus LA,2026,"Torulaspora delbrueckii virus LA strain TdV-LAbarr1, complete genome.",0,0,0,0,0
NC_116558,NC_116558.1,,Rhodosporidiobolus odoratus RNA virus 1,2026,"Rhodosporidiobolus odoratus RNA virus 1, complete genome.",0,0,0,0,0
NC_115783,NC_115783.1,,Cronartium ribicola totivirus 5,2026,"Cronartium ribicola totivirus 5 isolate OR4-2, complete genome.",0,0,0,0,0
NC_116874,NC_116874.1,,Cryphonectria carpinicola fusagravirus 1,2026,"Cryphonectria carpinicola fusagravirus 1 JS13 RNA, complete genome.",0,0,0,0,0
NC_116531,NC_116531.1,,Picoa juniperi mycovirus 1,2026,"Picoa juniperi mycovirus 1 isolate ANK_VIR-89, complete genome.",0,0,0,0,0
NC_116894,NC_116894.1,,Cryphonectria naterciae fusagravirus 1,2026,"Cryphonectria naterciae fusagravirus 1 isolate M10544, complete genome.",0,0,0,0,0
NC_116689,NC_116689.1,,Caloscypha fulgens fusagravirus 1,2026,"Caloscypha fulgens fusagravirus 1 isolate ANK VIR-100, complete genome.",0,0,0,0,0
NC_115699,NC_115699.1,,Macrophomina phaseolina fusagravirus 1,2026,"Macrophomina phaseolina fusagravirus 1, complete genome.",0,0,0,0,0
NC_139136,NC_139136.1,,Alehxovirus allonemorisadaptatum,2026,"MAG: Alehxovirus allonemorisadaptatum isolate 171-k141_256147, complete genome.",0,0,0,1,1
NC_139133,NC_139133.1,,Alehxovirus allofundivivens,2026,"MAG: Alehxovirus allofundivivens isolate R9-k141_335880, complete genome.",0,0,0,1,1
NC_139132,NC_139132.1,,Alehxovirus allofundivicinum,2026,"MAG: Alehxovirus allofundivicinum isolate R9-k141_475514, complete genome.",0,0,0,1,1
NC_139131,NC_139131.1,,Alehxovirus allofundihabitans,2026,"MAG: Alehxovirus allofundihabitans isolate s48-k141_1263470, complete genome.",0,0,0,1,1
NC_139130,NC_139130.1,,Alehxovirus allofaecicola,2026,"MAG: Alehxovirus allofaecicola isolate 174-k141_42142, complete genome.",0,0,0,1,1
NC_139127,NC_139127.1,,Fushun levivirus 5,2026,"MAG: Fushun levivirus 5 isolate KYDDTFS276, complete genome.",0,0,0,1,1
NC_105446,NC_105446.1,,Klebsiella phage phiW14,2026,"Klebsiella phage phiW14, complete genome.",0,0,0,0,0
NC_107940,NC_107940.1,,Klebsiella phage VLCpiD7c,2026,"Klebsiella phage VLCpiD7c, complete genome.",0,0,0,0,0
NC_107939,NC_107939.1,,Klebsiella phage VLCpiD7b,2026,"Klebsiella phage VLCpiD7b, complete genome.",0,0,0,0,0
NC_107938,NC_107938.1,,Klebsiella phage VLCpiD7a,2026,"Klebsiella phage VLCpiD7a, complete genome.",0,0,0,0,0
NC_105154,NC_105154.1,,Klebsiella phage vB_KpnS-VAC113,2026,"Klebsiella phage vB_KpnS-VAC113, complete genome.",0,0,0,0,0
NC_110358,NC_110358.1,,Klebsiella phage vB_KpnS-VAC112,2026,"Klebsiella phage vB_KpnS-VAC112, complete genome.",0,0,0,0,0
NC_130273,NC_130273.1,,Klebsiella phage vB_KpnS-VAC111,2026,"Klebsiella phage vB_KpnS-VAC111, complete genome.",0,0,0,0,0
NC_105792,NC_105792.1,,Klebsiella phage vB_KpnS-VAC110,2026,"Klebsiella phage vB_KpnS-VAC110, complete genome.",0,0,0,0,0
NC_110359,NC_110359.1,,Klebsiella phage vB_KpnS-VAC70,2026,"Klebsiella phage vB_KpnS-VAC70, complete genome.",0,0,0,0,0
NC_104627,NC_104627.1,,Klebsiella phage vB_KpnS-VAC11,2026,"Klebsiella phage vB_KpnS-VAC11, complete genome.",0,0,0,0,0
NC_104633,NC_104633.1,,Klebsiella phage vB_KpnS-VAC10,2026,"Klebsiella phage vB_KpnS-VAC10, complete genome.",0,0,0,0,0
NC_104632,NC_104632.1,,Klebsiella phage vB_KpnS-VAC8,2026,"Klebsiella phage vB_KpnS-VAC8, complete genome.",0,0,0,0,0
NC_104631,NC_104631.1,,Klebsiella phage vB_KpnS-VAC7,2026,"Klebsiella phage vB_KpnS-VAC7, complete genome.",0,0,0,0,0
NC_104630,NC_104630.1,,Klebsiella phage vB_KpnS-VAC6,2026,"Klebsiella phage vB_KpnS-VAC6, complete genome.",0,0,0,0,0
NC_104629,NC_104629.1,,Klebsiella phage vB_KpnS-VAC5,2026,"Klebsiella phage vB_KpnS-VAC5, complete genome.",0,0,0,0,0
NC_104628,NC_104628.1,,Klebsiella phage vB_KpnS-VAC4,2026,"Klebsiella phage vB_KpnS-VAC4, complete genome.",0,0,0,0,0
NC_104395,NC_104395.1,,Klebsiella phage vB_KpnS-VAC2,2026,"Klebsiella phage vB_KpnS-VAC2, complete genome.",0,0,0,0,0
NC_103145,NC_103145.1,,Klebsiella phage Solomon,2026,"Klebsiella phage Solomon, complete genome.",0,0,0,0,0
NC_105644,NC_105644.1,,Klebsiella phage PWKp20,2026,"Klebsiella phage PWKp20, complete genome.",0,0,0,0,0
NC_105640,NC_105640.1,,Klebsiella phage PWKp17,2026,"Klebsiella phage PWKp17, complete genome.",0,0,0,0,0
NC_105638,NC_105638.1,,Klebsiella phage PWKp15,2026,"Klebsiella phage PWKp15, complete genome.",0,0,0,0,0
NC_109729,NC_109729.1,,Klebsiella phage pKP-BS317-1.1,2026,"Klebsiella phage pKP-BS317-1.1, complete genome.",0,0,0,0,0
NC_105721,NC_105721.1,,Klebsiella phage pK8,2026,"Klebsiella phage pK8, complete genome.",0,0,0,0,0
NC_105494,NC_105494.1,,Klebsiella phage vB_KpnD_PeteCarol,2026,"Klebsiella phage vB_KpnD_PeteCarol, complete genome.",1,0,0,0,0
NC_100761,NC_100761.1,,Klebsiella phage vB_KpnS_Penguinator,2026,"Klebsiella phage vB_KpnS_Penguinator, complete genome.",1,0,0,0,0
NC_103329,NC_103329.1,,Klebsiella phage P528,2026,"Klebsiella phage P528, complete genome.",1,0,0,0,0
NC_129957,NC_129957.1,,Klebsiella phage P1,2026,"Klebsiella phage P1, complete genome.",0,0,0,0,0
NC_129888,NC_129888.1,,Klebsiella phage vB_KpnS_ZX2,2026,"Klebsiella phage vB_KpnS_ZX2, complete genome.",0,0,0,0,0
NC_106517,NC_106517.1,,Klebsiella phage NPat,2026,"Klebsiella phage NPat, complete genome.",0,0,0,0,0
NC_105496,NC_105496.1,,Klebsiella phage vB_KpnD_Opt-817,2026,"Klebsiella phage vB_KpnD_Opt-817, complete genome.",1,0,0,0,0
NC_103089,NC_103089.1,,Klebsiella phage MMBB,2026,"Klebsiella phage MMBB, complete genome.",0,0,0,0,0
NC_109368,NC_109368.1,,Klebsiella phage mfs,2026,"Klebsiella phage mfs, complete genome.",0,0,0,0,0
NC_138488,NC_138488.1,,Klebsiella phage LF20,2026,"Klebsiella phage LF20, complete genome.",0,0,0,0,0
NC_105611,NC_105611.1,,Klebsiella phage KpS4,2026,"Klebsiella phage KpS4, complete genome.",0,0,0,0,0
NC_130765,NC_130765.1,,Klebsiella phage KPP2020,2026,"Klebsiella phage KPP2020, complete genome.",0,0,0,0,0
NC_111480,NC_111480.1,,Klebsiella phage phi_KPN_HS3,2026,"Klebsiella phage phi_KPN_HS3, complete genome.",0,0,0,0,0
NC_138487,NC_138487.1,,Klebsiella phage KP13-2,2026,"Klebsiella phage KP13-2, complete genome.",0,0,0,0,0
NC_100756,NC_100756.1,,Klebsiella phage vB_KpnS_KingDDD,2026,"Klebsiella phage vB_KpnS_KingDDD, complete genome.",1,0,0,0,0
NC_105155,NC_105155.1,,Klebsiella phage vB_Kp_IME328,2026,"Klebsiella phage vB_Kp_IME328, complete genome.",0,0,0,0,0
NC_129956,NC_129956.1,,Klebsiella phage IME268,2026,"Klebsiella phage IME268, complete genome.",0,0,0,0,0
NC_105416,NC_105416.1,,Klebsiella phage vB_KpnD_FairDinkum,2026,"Klebsiella phage vB_KpnD_FairDinkum, complete genome.",1,0,0,0,0
NC_107953,NC_107953.1,,Klebsiella phage vB_KvaS_F2M1D,2026,"Klebsiella phage vB_KvaS_F2M1D, complete genome.",0,0,0,0,0
NC_107952,NC_107952.1,,Klebsiella phage vB_KvaS_F1M1D,2026,"Klebsiella phage vB_KvaS_F1M1D, complete genome.",0,0,0,0,0
NC_106494,NC_106494.1,,Klebsiella phage BUCT556A,2026,"Klebsiella phage BUCT556A, complete genome.",0,0,0,0,0
NC_106229,NC_106229.1,,Stenotrophomonas phage vB_SmeS_BUCT705,2026,"Stenotrophomonas phage vB_SmeS_BUCT705, complete genome.",0,0,0,0,0
NC_106518,NC_106518.1,,Klebsiella phage BMac,2026,"Klebsiella phage BMac, complete genome.",0,0,0,0,0
NC_104812,NC_104812.1,,Klebsiella phage B1,2026,"Klebsiella phage B1, complete genome.",0,0,0,0,0
NC_116322,NC_116322.1,,Cryphonectria parasitica ambivirus 1,2026,"Cryphonectria parasitica ambivirus 1 strain ACP34, complete genome.",0,0,0,0,0
NC_131310,NC_131310.1,,Rhizoctonia solani ambivirus 1,2026,"Rhizoctonia solani ambivirus 1 strain AG2-2 LP, complete genome.",0,0,0,0,0
NC_115608,NC_115608.1,,Capybara virus 11_cap1_98,2026,"Capybara virus 11_cap1_98, complete genome.",0,0,0,1,1
NC_138463,NC_138463.1,,Arizlama virus AZLM_683,2026,"MAG: Arizlama virus isolate AZLM_683, complete genome.",0,0,0,1,1
NC_097205,NC_097205.1,,Pacific flying fox faeces associated circular DNA virus-2,2026,"Pacific flying fox faeces associated circular DNA virus-2 isolate Tbat_H_103763, complete genome.",0,0,0,0,0
NC_138462,NC_138462.1,,Protegovirus mintis,2026,"MAG: Protegovirus mintis isolate ctbg173, complete genome.",0,0,0,1,1
NC_138460,NC_138460.1,,Expellivirus minnis,2026,"MAG: Expellivirus minnis isolate ctdg299, complete genome.",0,0,0,1,1
NC_138441,NC_138441.1,,Engorgivirus mincris,2026,"MAG: Engorgivirus mincris isolate ctce103, complete genome.",0,0,0,1,1
NC_115647,NC_115647.1,,Blackfly DNA Virus 16,2026,"Blackfly DNA Virus 16 isolate SF02_377, complete genome.",0,0,0,0,0
NC_138440,NC_138440.1,,Aparevirus airobis,2026,"MAG: Aparevirus airobis isolate D1_753, complete genome.",0,0,0,1,1
NC_138439,NC_138439.1,,Bromus-associated circular DNA virus 1,2026,"Bromus-associated circular DNA virus 1 isolate BasCV-1_NZ-NZG03_Wel-2012, complete genome.",0,0,0,0,0
NC_138421,NC_138421.1,,Aguamentivirus racskinis,2026,"MAG: Aguamentivirus racskinis isolate ctcc28, complete genome.",0,0,0,1,1
NC_138420,NC_138420.1,,Avon-Heathcote Estuary associated circular virus 25,2026,"Avon-Heathcote Estuary associated circular virus 25 isolate AHEaCV-25-NZ-2942CO-2012, complete genome.",0,0,0,0,0
NC_138419,NC_138419.1,,Arizlama virus AZLM_678,2026,"MAG: Arizlama virus isolate AZLM_678, complete genome.",0,0,0,1,1
NZ_CP045110,NZ_CP045110.1,,Acinetobacter baumannii,2026,"Acinetobacter baumannii strain ATCC 19606 chromosome, complete genome.",0,0,0,0,0
NC_138415,NC_138415.1,,Dirlevirus faecenecus,2026,"MAG: Dirlevirus faecenecus isolate 119-k141_63637, complete genome.",0,0,0,1,1
NC_138414,NC_138414.1,,Sanya levivirus 3,2026,"MAG: Sanya levivirus 3 isolate QWXCSY214, complete genome.",0,0,0,1,1
NC_138413,NC_138413.1,,Hangzhou levivirus 2,2026,"MAG: Hangzhou levivirus 2 isolate EHMFS237, complete genome.",0,0,0,1,1
NC_138412,NC_138412.1,,Sanya levivirus 4,2026,"MAG: Sanya levivirus 4 isolate QWXCSY125, complete genome.",0,0,0,1,1
NC_138411,NC_138411.1,,Apeevirus fundihabitans,2026,"MAG: Apeevirus fundihabitans isolate s48-k141_934126, complete genome.",0,0,0,1,1
NC_138410,NC_138410.1,,Uewvirus yahnais,2026,"MAG: Uewvirus yahnais isolate ctcc62, complete genome.",0,0,0,1,1
NC_097195,NC_097195.1,,Pacific flying fox faeces associated circular DNA virus-3,2026,"Pacific flying fox faeces associated circular DNA virus-3 isolate Tbat_38855, complete genome.",0,0,0,0,0
NC_116632,NC_116632.1,,Delphin virus 1,2026,"Delphin virus 1 isolate 3_2016_1939, complete genome.",0,0,0,0,0
NC_116474,NC_116474.1,,Volantivirus zuncris,2026,"Volantivirus zuncris isolate GP1_93596, complete genome.",0,0,0,1,1
NC_138409,NC_138409.1,,Odonata-associated circular virus-19,2026,"Odonata-associated circular virus-19 isolate OdasCV-19-US-1604SC1-12, complete genome.",0,0,0,0,0
NC_138406,NC_138406.1,,Vehemenivirus recresis,2026,"Vehemenivirus recresis isolate yc-16, complete genome.",0,0,0,0,0
NC_138408,NC_138408.1,,Violenivirus raptis,2026,"MAG: Violenivirus raptis isolate ctcb567, complete genome.",0,0,0,1,1
NC_138407,NC_138407.1,,Violenivirus cotis,2026,"MAG: Violenivirus cotis isolate ctbe120, complete genome.",0,0,0,1,1
NC_138405,NC_138405.1,,Veloxivirus ubatis,2026,"MAG: Veloxivirus ubatis isolate ctfb748, complete genome.",0,0,0,1,1
NC_115156,NC_115156.1,,Circovirus-like genome DHCV-4,2026,"Circovirus-like genome DHCV-4, complete genome.",0,0,0,0,0
NC_096726,NC_096726.1,,Vegetivirus loriverwastis,2026,"Uncultured virus clone CG197, complete genome.",0,0,0,0,0
NC_116395,NC_116395.1,,Torentivirus zocris,2026,"Torentivirus zocris isolate CHIVOP3_758, complete genome.",0,0,0,1,1
NC_138404,NC_138404.1,,Torentivirus crutis,2026,"MAG: Torentivirus crutis isolate ctef39, complete genome.",0,0,0,1,1
NC_116419,NC_116419.1,,Torentivirus aristcris,2026,"Torentivirus aristcris isolate BS_189, complete genome.",0,0,0,1,1
NC_138402,NC_138402.1,,Strenuusivirus resnapis,2026,"MAG: Strenuusivirus resnapis isolate ctce509, complete genome.",0,0,0,1,1
NC_138401,NC_138401.1,,Strenuusivirus lasamoense,2026,"MAG: Strenuusivirus lasamoense isolate ctee590, complete genome.",0,0,0,1,1
NC_138400,NC_138400.1,,Avon-Heathcote Estuary associated circular virus 2,2026,"Avon-Heathcote Estuary associated circular virus 2 isolate AHEaCV-2-NZ-3024C3-2012, complete genome.",0,0,0,0,0
NC_094196,NC_094196.1,,Robaratusivirus semberis,2026,"Robaratusivirus semberis clone PcaCV4, complete genome.",0,0,0,1,1
NC_138399,NC_138399.1,,Robaratusivirus reperis,2026,"MAG: Robaratusivirus reperis isolate ctbc359, complete genome.",0,0,0,1,1
NC_098658,NC_098658.1,,Properatisvirus stregense,2026,"Properatisvirus stregense clone SOG00160, complete genome.",0,0,0,0,0
NC_138398,NC_138398.1,,Properatisvirus sabatis,2026,"MAG: Properatisvirus sabatis isolate ctcb18, complete genome.",0,0,0,1,1
NC_129154,NC_129154.1,,Potensivirus flowis,2026,"Uncultured virus clone CG185, complete genome.",0,0,0,0,0
NC_099378,NC_099378.1,,Pollentivirus pleritis,2026,"Pollentivirus pleritis isolate BtPa-CV-3/NX2013, complete genome.",0,0,0,0,0
NC_096798,NC_096798.1,,Nocentianivirus saidatense,2026,"Uncultured virus clone CG276, complete genome.",0,0,0,0,0
NC_096708,NC_096708.1,,Nervillivirus flovetense,2026,"Uncultured virus clone CG178, complete genome.",0,0,0,0,0
NC_138397,NC_138397.1,,Incitativirus reperis,2026,"MAG: Incitativirus reperis isolate ctbd540, complete genome.",0,0,0,1,1
NC_138396,NC_138396.1,,Funestivirus seabatis,2026,"MAG: Funestivirus seabatis isolate ctbb692, complete genome.",0,0,0,1,1
NC_098694,NC_098694.1,,Funestivirus anlentse,2026,"Funestivirus anlentse clone SI03931, complete genome.",0,0,0,0,0
NC_099376,NC_099376.1,,Ferullusivirus minfulis,2026,"Ferullusivirus minfulis isolate BtMf-CV/HeN2013, complete genome.",0,0,0,0,0
NC_115144,NC_115144.1,,Odonata-associated circular virus-20,2026,"Odonata-associated circular virus-20 isolate OdasCV-20-US-718DFS-12, complete genome.",0,0,0,0,0
NC_138393,NC_138393.1,,Citataivirus uhadis,2026,"MAG: Citataivirus uhadis isolate ctbj245, complete genome.",0,0,0,1,1
NC_098679,NC_098679.1,,Citataivirus sanlemaris,2026,"Citataivirus sanlemaris clone SI00078, complete genome.",0,0,0,0,0
NC_138392,NC_138392.1,,Audaxivirus yotargis,2026,"Audaxivirus yotargis strain Bb1/Hun/2013, complete genome.",0,0,0,0,0
NC_129432,NC_129432.1,,Audaxivirus minifulis,2026,"Audaxivirus minifulis isolate BtMf-CV-1/GD2012, complete genome.",0,0,0,0,0
NC_138390,NC_138390.1,,Avon-Heathcote Estuary associated circular virus 4,2026,"Avon-Heathcote Estuary associated circular virus 4 isolate AHEaCV-4-NZ-3049C3-2012, complete genome.",0,0,0,0,0
NC_096034,NC_096034.1,,Circoviridae TaCV2,2026,"Circoviridae TaCV2, complete genome.",0,0,0,0,0
NC_138388,NC_138388.1,,Tethyvirus abatis,2026,"MAG: Tethyvirus abatis isolate ctce130, complete genome.",0,0,0,1,1
NC_138387,NC_138387.1,,Telemovirus vaitis,2026,"MAG: Telemovirus vaitis isolate ctch860, complete genome.",0,0,0,1,1
NC_138386,NC_138386.1,,Taphiavirus pestrotis,2026,"MAG: Taphiavirus pestrotis isolate ctdb89, complete genome.",0,0,0,1,1
NC_137532,NC_137532.1,,Cunavirus faecihabitans,2026,"MAG: Cunavirus faecihabitans isolate 222-k141_31603, complete genome.",0,0,0,1,1
NC_138366,NC_138366.1,,Perrunavirus faecivivens,2026,"MAG: Perrunavirus faecivivens isolate 304R-k141_206076, complete genome.",0,0,0,1,1
NC_138365,NC_138365.1,,Perrunavirus faecihabitans,2026,"MAG: Perrunavirus faecihabitans isolate 220-k141_63190, complete genome.",0,0,0,1,1
NC_138364,NC_138364.1,,Perrunavirus faecadaptatum,2026,"MAG: Perrunavirus faecadaptatum isolate 85-k141_212488, complete genome.",0,0,0,1,1
NC_138363,NC_138363.1,,Pepevirus faecivivens,2026,"MAG: Pepevirus faecivivens isolate 119-k141_45412, complete genome.",0,0,0,1,1
NC_138362,NC_138362.1,,Pepevirus faecivicinum,2026,"MAG: Pepevirus faecivicinum isolate 302R-k141_385340, complete genome.",0,0,0,1,1
NC_138361,NC_138361.1,,Pepevirus faecihabitans,2026,"MAG: Pepevirus faecihabitans isolate R29-k141_713134, complete genome.",0,0,0,1,1
NC_138360,NC_138360.1,,Pepevirus faecenecus,2026,"MAG: Pepevirus faecenecus isolate 375R-k141_511705, complete genome.",0,0,0,1,1
NC_138359,NC_138359.1,,Pepevirus faecicola,2026,"MAG: Pepevirus faecicola isolate 358R-k141_70046, complete genome.",0,0,0,1,1
NC_138333,NC_138333.1,,Tantalovirus resnatis,2026,"MAG: Tantalovirus resnatis isolate ctch025, complete genome.",0,0,0,1,1
NC_138290,NC_138290.1,,Dermacentor reticulatus rhabdovirus 1,2026,"MAG: Dermacentor reticulatus rhabdovirus 1 isolate CT3, complete genome.",0,0,0,1,1
NC_138336,NC_138336.1,,Avon-Heathcote Estuary associated circular virus 3,2026,"Avon-Heathcote Estuary associated circular virus 3 isolate AHEaCV-3-NZ-3887G-2012, complete genome.",0,0,0,0,0
NC_138334,NC_138334.1,,Sagusvirus crownis,2026,"Sagusvirus crownis isolate yc-15, complete genome.",0,0,0,0,0
NC_115643,NC_115643.1,,Chiunvirus muliumi,2026,"Chiunvirus muliumi isolate SF02_422, complete genome.",0,0,0,0,0
NC_099384,NC_099384.1,,Stentovirus reppertis,2026,"Stentovirus reppertis isolate BtRh-CV-7/Tibet2013, complete genome.",0,0,0,0,0
NC_138331,NC_138331.1,,Pythorivirus pauaes,2026,"MAG: Pythorivirus pauaes isolate ctih115, complete genome.",0,0,0,1,1
NC_138330,NC_138330.1,,Proteusivirus raitis,2026,"MAG: Proteusivirus raitis isolate ctda94, complete genome.",0,0,0,1,1
NC_138329,NC_138329.1,,Persevirus truchatis,2026,"MAG: Persevirus truchatis isolate ctbj92, complete genome.",0,0,0,1,1
NC_138328,NC_138328.1,,Persevirus pectis,2026,"MAG: Persevirus pectis isolate ctba375, complete genome.",0,0,0,1,1
NC_138327,NC_138327.1,,Persevirus pargotis,2026,"MAG: Persevirus pargotis isolate cthh024, complete genome.",0,0,0,1,1
NC_138326,NC_138326.1,,Peronelivirus doingaes,2026,"MAG: Peronelivirus doingaes isolate ctcg564, complete genome.",0,0,0,1,1
NC_115653,NC_115653.1,,Blackfly DNA Virus 6,2026,"Blackfly DNA Virus 6 isolate SF01_308, complete genome.",0,0,0,0,0
NC_098669,NC_098669.1,,Patroklovirus gulmense,2026,"Patroklovirus gulmense clone GOM00443, complete genome.",0,0,0,0,0
NC_138325,NC_138325.1,,CRESS virus sp. ct6pe1,2026,"MAG: CRESS virus sp. ct6pe1, complete genome.",0,0,0,1,1
NC_106277,NC_106277.1,,Naiadivirus wakense,2026,"Naiadivirus wakense isolate ct2da291, complete genome.",0,0,0,0,0
NC_106276,NC_106276.1,,Naiadivirus vacaense,2026,"Naiadivirus vacaense isolate ctVGY598, complete genome.",0,0,0,0,0
NC_106272,NC_106272.1,,Naiadivirus befense,2026,"Naiadivirus befense isolate ctk92474, complete genome.",0,0,0,0,0
NC_106275,NC_106275.1,,Lamposivirus ageladense,2026,"Lamposivirus ageladense isolate ct7MN831, complete genome.",0,0,0,0,0
NC_138323,NC_138323.1,,Kreonivirus seabatis,2026,"MAG: Kreonivirus seabatis isolate ctch688, complete genome.",0,0,0,1,1
NC_138321,NC_138321.1,,Arizlama virus AZLM_927,2026,"MAG: Arizlama virus isolate AZLM_927, complete genome.",0,0,0,1,1
NC_138100,NC_138100.1,,Eurynomevirus troutis,2026,"MAG: Eurynomevirus troutis isolate ctii88, complete genome.",0,0,0,1,1
NC_138099,NC_138099.1,,Doliovirus lythtis,2026,"MAG: Doliovirus lythtis isolate ctda242, complete genome.",0,0,0,1,1
NC_138098,NC_138098.1,,Demetevirus haddotis,2026,"MAG: Demetevirus haddotis isolate ctcg236, complete genome.",0,0,0,1,1
NC_137951,NC_137951.1,,Boebeisivirus mintis,2026,"MAG: Boebeisivirus mintis isolate ctbg280, complete genome.",0,0,0,1,1
NC_137887,NC_137887.1,,Oreadivirus manflis,2026,"Oreadivirus manflis isolate ctJ1A291, complete genome.",0,0,0,0,0
NC_137861,NC_137861.1,,Porprismacovirus macro1,2026,"MAG: Porprismacovirus macro1 isolate 167Smaco-1, complete genome.",0,0,0,1,1
NC_137539,NC_137539.1,,Sthenivirus nowtis,2026,"MAG: Sthenivirus nowtis isolate ctce741, complete genome.",0,0,0,1,1
NC_137538,NC_137538.1,,CRESS virus sp. ctin15,2026,"MAG: CRESS virus sp. ctin15, complete genome.",0,0,0,1,1
NC_137537,NC_137537.1,,Atripovirus timinis,2026,"MAG: Atripovirus timinis isolate ctdb796, complete genome.",0,0,0,1,1
NC_137536,NC_137536.1,,Sanya levivirus 1,2026,"MAG: Sanya levivirus 1 isolate HCXZSY93, complete genome.",0,0,0,1,1
NC_137535,NC_137535.1,,Fushun levivirus 4,2026,"MAG: Fushun levivirus 4 isolate EHMFS262, complete genome.",0,0,0,1,1
NC_137533,NC_137533.1,,Cunavirus faecivicinum,2026,"MAG: Cunavirus faecivicinum isolate 86-k141_113542, complete genome.",0,0,0,1,1
NZ_CP011102,NZ_CP011102.1,,Paenilisteria weihenstephanensis,2026,"Paenilisteria weihenstephanensis strain WS 4560 chromosome, complete genome.",0,0,0,0,0
NC_137526,NC_137526.1,,Acamarivirus nebulais,2026,"MAG: Acamarivirus nebulais isolate ctbg966, complete genome.",0,0,0,1,1
NC_115651,NC_115651.1,,Blackfly DNA Virus 4,2026,"Blackfly DNA Virus 4 isolate SF02_664, complete genome.",0,0,0,0,0
NC_137525,NC_137525.1,,Acamarivirus faculaes,2026,"MAG: Acamarivirus faculaes isolate ctda86, complete genome.",0,0,0,1,1
NC_099379,NC_099379.1,,Acamarivirus cometis,2026,"Acamarivirus cometis isolate BtMl-CV/QH2013, complete genome.",0,0,0,0,0
NC_137524,NC_137524.1,,Zuhalvirus cruti,2026,"MAG: Zuhalvirus cruti isolate ctdb57, complete genome.",0,0,0,1,1
NC_137523,NC_137523.1,,Wigfec virus K19_432,2026,"MAG: Wigfec virus K19_432, complete genome.",0,0,0,1,1
NC_106287,NC_106287.1,,Sickelvirus maringis,2026,"Sickelvirus maringis isolate ctRbk103, complete genome.",0,0,0,0,0
NC_115621,NC_115621.1,,Capybara virus 25_cap1_1914,2026,"Capybara virus 25_cap1_1914, complete genome.",0,0,0,1,1
NC_096653,NC_096653.1,,Shanivirus waseris,2026,"Uncultured virus clone CG114, complete genome.",0,0,0,0,0
NC_137453,NC_137453.1,,Arizlama virus AZLM_839,2026,"MAG: Arizlama virus isolate AZLM_839, complete genome.",0,0,0,1,1
NC_137452,NC_137452.1,,Arizlama virus AZLM_610,2026,"MAG: Arizlama virus isolate AZLM_610, complete genome.",0,0,0,1,1
NC_116084,NC_116084.1,,Shabtayvirus brolerae,2026,"Shabtayvirus brolerae strain pt079-cirl-1, complete genome.",0,0,0,0,0
NC_137451,NC_137451.1,,Arizlama virus AZLM_25947,2026,"MAG: Arizlama virus isolate AZLM_25947, complete genome.",0,0,0,1,1
NC_137450,NC_137450.1,,Arizlama virus AZLM_746,2026,"MAG: Arizlama virus isolate AZLM_746, complete genome.",0,0,0,1,1
NC_137449,NC_137449.1,,Saothovirus cruti,2026,"MAG: Saothovirus cruti isolate ctba54, complete genome.",0,0,0,1,1
NC_115838,NC_115838.1,,Sanivirus suspensae,2026,"Sanivirus suspensae strain pt110-cirl-3, complete genome.",0,0,0,0,0
NC_137448,NC_137448.1,,Arizlama virus AZLM_785,2026,"MAG: Arizlama virus isolate AZLM_785, complete genome.",0,0,0,1,1
NC_137447,NC_137447.1,,CRESS virus sp. ctjUS5,2026,"MAG: CRESS virus sp. ctjUS5, complete genome.",0,0,0,1,1
NC_137446,NC_137446.1,,Sakkuthvirus napperis,2026,"MAG: Sakkuthvirus napperis isolate ctbc431, complete genome.",0,0,0,1,1
NC_129370,NC_129370.1,,Sakkuthvirus batchis,2026,"Sakkuthvirus batchis isolate YN-BtCV-1, complete genome.",0,0,0,0,0
NC_137445,NC_137445.1,,CRESS virus sp. ct0Vt4,2026,"MAG: CRESS virus sp. ct0Vt4, complete genome.",0,0,0,1,1
NC_137444,NC_137444.1,,Raagevirus napperis,2026,"MAG: Raagevirus napperis isolate ctda199, complete genome.",0,0,0,1,1
NC_115630,NC_115630.1,,Capybara virus 33_cap3_6684,2026,"Capybara virus 33_cap3_6684, complete genome.",0,0,0,1,1
NC_096645,NC_096645.1,,Ninurtavirus waseris,2026,"Uncultured virus clone CG105, complete genome.",0,0,0,0,0
NZ_CP016318,NZ_CP016318.1,,Clostridioides difficile,2026,"Clostridioides difficile strain 630 delta erm chromosome, complete genome.",0,0,0,0,0
NZ_CP010905,NZ_CP010905.2,,Clostridioides difficile 630,2026,"Clostridioides difficile 630 chromosome, complete genome.",0,0,0,0,0
NC_097183,NC_097183.1,,Sewage-associated circular DNA virus-7,2026,"Sewage-associated circular DNA virus-7 isolate SaCV-7_NZ-BS3976-2012, complete genome.",0,0,0,0,0
NC_137421,NC_137421.1,,Arizlama virus AZLM_25953,2026,"MAG: Arizlama virus isolate AZLM_25953, complete genome.",0,0,0,1,1
NC_129433,NC_129433.1,,Ninurtavirus rhiphus,2026,"Ninurtavirus rhiphus isolate BtRh-CV-5/Tibet2013, complete genome.",0,0,0,0,0
NC_137420,NC_137420.1,,CRESS virus sp. ctczB4,2026,"MAG: CRESS virus sp. ctczB4, complete genome.",0,0,0,1,1
NC_097182,NC_097182.1,,Sewage-associated circular DNA virus-6,2026,"Sewage-associated circular DNA virus-6 isolate SaCV-6_NZ-BS4017-2012, complete genome.",0,0,0,0,0
NC_137419,NC_137419.1,,Ninurtavirus pintis,2026,"MAG: Ninurtavirus pintis isolate ctcg234, complete genome.",0,0,0,1,1
NC_137418,NC_137418.1,,Ninurtavirus nowtis,2026,"MAG: Ninurtavirus nowtis isolate ctcf175, complete genome.",0,0,0,1,1
NC_115646,NC_115646.1,,Ninurtavirus muliumi,2026,"Ninurtavirus muliumi isolate SF02_403, complete genome.",0,0,0,0,0
NC_117001,NC_117001.1,,Ninurtavirus momolo,2026,"Ninurtavirus momolo strain MAVG-30, complete genome.",0,0,0,1,1
NC_099383,NC_099383.1,,Ninurtavirus lophus,2026,"Ninurtavirus lophus isolate BtRh-CV-1/Tibet2013, complete genome.",0,0,0,0,0
NC_137417,NC_137417.1,,Arizlama virus AZLM_757,2026,"MAG: Arizlama virus isolate AZLM_757, complete genome.",0,0,0,1,1
NC_137416,NC_137416.1,,CRESS virus sp. ctf7a5,2026,"MAG: CRESS virus sp. ctf7a5, complete genome.",0,0,0,1,1
NC_137415,NC_137415.1,,Ninurtavirus cruti,2026,"MAG: Ninurtavirus cruti isolate ctbi59, complete genome.",0,0,0,1,1
NC_137414,NC_137414.1,,CRESS virus sp. cta0f7,2026,"MAG: CRESS virus sp. cta0f7, complete genome.",0,0,0,1,1
NC_097170,NC_097170.1,,Kajamanuvirus musmis,2026,"Kajamanuvirus musmis strain RodSCV_M-44, complete genome.",0,0,0,1,1
NC_137413,NC_137413.1,,Kajamanuvirus moutis,2026,"MAG: Kajamanuvirus moutis isolate ctbb55, complete genome.",0,0,0,1,1
NC_137412,NC_137412.1,,Arizlama virus AZLM_719,2026,"MAG: Arizlama virus isolate AZLM_719, complete genome.",0,0,0,1,1
NC_115754,NC_115754.1,,Antarctic virus COCH21_47,2026,"Antarctic virus COCH21_47, complete genome.",0,0,0,1,1
NC_137411,NC_137411.1,,Kajamanuvirus cruti,2026,"MAG: Kajamanuvirus cruti isolate ctdb55, complete genome.",0,0,0,1,1
NC_137410,NC_137410.1,,CRESS virus sp. cte1G3,2026,"MAG: CRESS virus sp. cte1G3, complete genome.",0,0,0,1,1
NC_097184,NC_097184.1,,Sewage-associated circular DNA virus-8,2026,"Sewage-associated circular DNA virus-8 isolate SaCV-8_NZ-BS4075-2012, complete genome.",0,0,0,0,0
NC_098687,NC_098687.1,,Chiunvirus sainlis,2026,"Chiunvirus sainlis clone SI00898, complete genome.",0,0,0,0,0
NC_137323,NC_137323.1,,Yuhrihovirus faecenecus,2026,"MAG: Yuhrihovirus faecenecus isolate 347R-k141_390855, complete genome.",0,0,0,1,1
NC_137322,NC_137322.1,,Yuhrihovirus faecadaptatum,2026,"MAG: Yuhrihovirus faecadaptatum isolate R30-k141_244159, complete genome.",0,0,0,1,1
NC_075434,NC_075434.1,,Simiispumavirus macfas,2026,"Simiispumavirus macfas proviral DNA, complete genome, isolate: Cy5061.",0,0,0,0,0
NC_111513,NC_111513.1,,Shigella phage S2_02,2026,"Shigella phage S2_02, complete genome.",0,0,0,0,0
NC_105433,NC_105433.1,,Escherichia phage vB_EcoD_Poky,2026,"Escherichia phage vB_EcoD_Poky, complete genome.",1,0,0,0,0
NC_136443,NC_136443.1,,Prunus mume chlorotic leaf curl-associated virus,2026,"Prunus mume chlorotic leaf curl-associated virus, complete genome.",0,0,0,0,0
NC_116571,NC_116571.1,,Stevia carlavirus 1,2026,"Stevia carlavirus 1, complete genome.",0,0,0,0,0
NC_117364,NC_117364.1,,Pseudostellaria heterophylla carlavirus 1,2026,"Pseudostellaria heterophylla carlavirus 1, complete genome.",0,0,0,0,0
NC_117366,NC_117366.1,,Pseudostellaria heterophylla carlavirus 3,2026,"Pseudostellaria heterophylla carlavirus 3, complete genome.",0,0,0,0,0
NC_117258,NC_117258.1,,Blueberry virus S,2026,"Blueberry virus S isolate V2, complete genome.",0,0,0,0,0
NC_116567,NC_116567.1,,Cole mild mosaic virus,2026,"Cole mild mosaic virus strain T25, complete genome.",0,0,0,0,0
NC_117365,NC_117365.1,,Pseudostellaria heterophylla carlavirus 2,2026,"Pseudostellaria heterophylla carlavirus 2, complete genome.",0,0,0,0,0
NC_131357,NC_131357.1,,Common carp toti-like virus 1,2026,"Common carp toti-like virus 1 isolate CCTLV-1/USA/MN/2018, complete genome.",0,0,0,0,0
NC_116760,NC_116760.1,,Cyclopterus lumpus toti-like virus,2026,"Cyclopterus lumpus toti-like virus strain TN18, complete genome.",0,0,0,0,0
NC_116642,NC_116642.1,,Pythium ultimum RNA virus 2,2026,"Pythium ultimum RNA virus 2 PuRV2-UOP226T RNA, complete genome.",0,0,0,0,0
NC_103859,NC_103859.1,,Klebsiella phage ABTNL-2,2026,"Klebsiella phage ABTNL-2, complete genome.",0,0,0,0,0
NC_103120,NC_103120.1,,Klebsiella phage 066039,2026,"Klebsiella phage 066039, complete genome.",0,0,0,0,0
NC_105724,NC_105724.1,,Klebsiella phage vB_1086,2026,"Klebsiella phage vB_1086, complete genome.",0,0,0,0,0
NC_105619,NC_105619.1,,Escherichia phage vB_EcoS_SA32RD,2026,"Escherichia phage vB_EcoS_SA32RD, complete genome.",1,0,0,0,0
NC_105618,NC_105618.1,,Escherichia phage vB_EcoS_SA30RD,2026,"Escherichia phage vB_EcoS_SA30RD, complete genome.",1,0,0,0,0
NC_105617,NC_105617.1,,Escherichia phage vB_EcoS_SA12KD,2026,"Escherichia phage vB_EcoS_SA12KD, complete genome.",1,0,0,0,0
NC_109358,NC_109358.1,,Escherichia phage LHE71,2026,"Escherichia phage LHE71, complete genome.",0,0,0,0,0
NC_107631,NC_107631.1,,Escherichia phage Lg3,2026,"Escherichia phage Lg3, complete genome.",1,0,0,0,0
NC_105106,NC_105106.1,,Escherichia phage LeonhardEuler,2026,"Escherichia phage LeonhardEuler, complete genome.",0,0,0,0,0
NC_105788,NC_105788.1,,Escherichia phage CLB_P3,2026,"Escherichia phage CLB_P3, complete genome.",0,0,0,0,0
NC_129764,NC_129764.1,,Escherichia phage vB_EcoS_Chapo,2026,"Escherichia phage vB_EcoS_Chapo, complete genome.",0,0,0,0,0
NC_105105,NC_105105.1,,Escherichia phage BrunoManser,2026,"Escherichia phage BrunoManser, complete genome.",0,0,0,0,0
NC_116749,NC_116749.1,,Macochavirus uywa,2026,"Macochavirus uywa isolate P20_36_BR, complete genome.",0,0,0,0,0
NC_131356,NC_131356.1,,Macochavirus kuci,2026,"Macochavirus kuci isolate P20_37_BR, complete genome.",0,0,0,0,0
NC_101840,NC_101840.1,,Escherichia phage orkinos,2026,"Escherichia phage orkinos, complete genome.",0,0,0,0,0
NC_105436,NC_105436.1,,Escherichia phage JLBYU26,2026,"Escherichia phage JLBYU26, complete genome.",1,0,0,0,0
NC_105507,NC_105507.1,,Escherichia phage JLBYU16,2026,"Escherichia phage JLBYU16, complete genome.",1,0,0,0,0
NC_101820,NC_101820.1,,Escherichia phage ityhuna,2026,"Escherichia phage ityhuna, complete genome.",0,0,0,0,0
NC_130781,NC_130781.1,,Salmonella phage vB_SenS_UTK0007,2026,"Salmonella phage vB_SenS_UTK0007, complete genome.",0,0,0,0,0
NC_111484,NC_111484.1,,Salmonella phage vB_SenS_UTK0006,2026,"Salmonella phage vB_SenS_UTK0006, complete genome.",0,0,0,0,0
NC_103567,NC_103567.1,,Escherichia phage U136B,2026,"Escherichia phage U136B, complete genome.",0,0,0,0,0
NC_102605,NC_102605.1,,Escherichia phage vB_EcoS_011D2,2026,"Escherichia phage vB_EcoS_011D2, complete genome.",0,0,0,0,0
NC_105505,NC_105505.1,,Citrobacter phage vB_CfrD_SorkZaugg,2026,"Citrobacter phage vB_CfrD_SorkZaugg, complete genome.",1,0,0,0,0
NC_130088,NC_130088.1,,Escherichia phage vB_EcoD_Mishu,2026,"Escherichia phage vB_EcoD_Mishu, complete genome.",1,0,0,0,0
NC_112025,NC_112025.1,,Salmonella phage GSP032,2026,"Salmonella phage GSP032, complete genome.",0,0,0,0,0
NC_108349,NC_108349.1,,Salmonella phage F61,2026,"Salmonella phage F61, complete genome.",0,0,0,0,0
NC_105482,NC_105482.1,,Citrobacter phage vB_CfrD_ElisaCorrea,2026,"Citrobacter phage vB_CfrD_ElisaCorrea, complete genome.",1,0,0,0,0
NC_105102,NC_105102.1,,Escherichia phage DanielBernoulli,2026,"Escherichia phage DanielBernoulli, complete genome.",0,0,0,0,0
NC_105492,NC_105492.1,,Citrobacter phage vB_CfrD_Brooksby,2026,"Citrobacter phage vB_CfrD_Brooksby, complete genome.",1,0,0,0,0
NC_105503,NC_105503.1,,Citrobacter phage vB_CfrD_BlueShadow,2026,"Citrobacter phage vB_CfrD_BlueShadow, complete genome.",1,0,0,0,0
NC_096934,NC_096934.1,,Cirilivirus boffger,2026,"Cirilivirus boffger isolate cg6319, complete genome.",0,0,0,0,0
NC_116839,NC_116839.1,,Porcine kirkovirus,2026,"Porcine kirkovirus strain HNU-XX-2020, complete genome.",0,0,0,0,0
NC_136440,NC_136440.1,,Irmovirus amras,2026,"MAG: Irmovirus amras isolate ctcd13, complete genome.",0,0,0,1,1
NC_097188,NC_097188.1,,Kirkovirus Equ1,2026,"Kirkovirus Equ1, complete genome.",0,0,0,0,0
NC_116676,NC_116676.1,,Raccoon dog stool-Circo-like_virus,2026,"Raccoon dog stool-Circo-like_virus strain CJY10, complete genome.",0,0,0,1,1
NC_097196,NC_097196.1,,Pacific flying fox faeces associated circular DNA virus-4,2026,"Pacific flying fox faeces associated circular DNA virus-4 isolate Tbat_29894, complete genome.",0,0,0,0,0
NC_097199,NC_097199.1,,Pacific flying fox faeces associated circular DNA virus-6,2026,"Pacific flying fox faeces associated circular DNA virus-6 isolate Tbat_H_77994, complete genome.",0,0,0,0,0
NC_129902,NC_129902.1,,Hafnia phage Pocis76,2026,"Hafnia phage Pocis76, complete genome.",0,0,0,0,0
NC_096938,NC_096938.1,,Dolmedivirus noldo,2026,"Dolmedivirus noldo isolate 2035, complete genome.",0,0,0,0,0
NC_136439,NC_136439.1,,Tirithivirus golfim,2026,"MAG: Tirithivirus golfim isolate ctbi77, complete genome.",0,0,0,1,1
NC_115887,NC_115887.1,,Chicken virus mg5_2197,2026,"Chicken virus mg5_2197, complete genome.",0,0,0,0,0
NC_136438,NC_136438.1,,Dipodfec virus UA23Rod_5718,2026,"Dipodfec virus UA23Rod_5718, complete genome.",0,0,0,0,0
NC_136437,NC_136437.1,,Peromfec virus RodF8_96,2026,"Peromfec virus RodF8_96, complete genome.",0,0,0,0,0
NC_136436,NC_136436.1,,Peromfec virus RodF7_30,2026,"Peromfec virus RodF7_30, complete genome.",0,0,0,0,0
NC_096949,NC_096949.1,,Yaviravirus kapata,2026,"Yaviravirus kapata isolate cg5269, complete genome.",0,0,0,0,0
NC_131267,NC_131267.1,,Chicken virus mg8_273,2026,"Chicken virus mg8_273, complete genome.",0,0,0,0,0
NC_136435,NC_136435.1,,Capamivirus cipi,2026,"MAG: Capamivirus cipi isolate ctia25, complete genome.",0,0,0,1,1
NC_115480,NC_115480.1,,Felismacovirus ratas1,2026,"Felismacovirus ratas1 isolate 22084x8_1043, complete genome.",0,0,0,0,0
NC_116670,NC_116670.1,,Felismacovirus canid1,2026,"Felismacovirus canid1 strain CJY6, complete genome.",0,0,0,1,1
NC_131212,NC_131212.1,,Felismacovirus babas1,2026,"Felismacovirus babas1 1/ZM09-64 DNA, complete genome.",0,0,0,0,0
NC_100201,NC_100201.1,,Bovismacovirus bovas3,2026,"Bovismacovirus bovas3 isolate C021765, complete genome.",0,0,0,0,0
NC_136092,NC_136092.1,,Sigmofec virus UA08Rod_19468,2026,"Sigmofec virus UA08Rod_19468, complete genome.",0,0,0,0,0
NC_102106,NC_102106.1,,Salmonella phage falkor,2026,"Salmonella phage falkor, complete genome.",0,0,0,0,0
NC_115889,NC_115889.1,,Chicken virus mg6_1197,2026,"Chicken virus mg6_1197, complete genome.",0,0,0,0,0
NC_115886,NC_115886.1,,Chicken virus mg5_1345,2026,"Chicken virus mg5_1345, complete genome.",0,0,0,0,0
NC_105113,NC_105113.1,,Escherichia phage GreteKellenberger,2025,"Escherichia phage GreteKellenberger, complete genome.",0,0,0,0,0
NC_105760,NC_105760.1,,Klebsiella phage P-K7R,2025,"Klebsiella phage P-K7R, complete genome.",0,0,0,0,0
NC_100129,NC_100129.1,,Escherichia phage Jahat_MG145,2025,"Escherichia phage Jahat_MG145, complete genome.",0,0,0,0,0
NC_105104,NC_105104.1,,Escherichia phage JohannLBurckhardt,2025,"Escherichia phage JohannLBurckhardt, complete genome.",0,0,0,0,0
NC_130051,NC_130051.1,,Escherichia phage IsaakIselin,2025,"Escherichia phage IsaakIselin, complete genome.",0,0,0,0,0
NC_104808,NC_104808.1,,Shigella phage SFP17,2025,"Shigella phage SFP17, complete genome.",0,0,0,0,0
NC_105100,NC_105100.1,,Escherichia phage KarlJaspers,2025,"Escherichia phage KarlJaspers, complete genome.",0,0,0,0,0
NC_105513,NC_105513.1,,Escherichia phage JLBYU41,2025,"Escherichia phage JLBYU41, complete genome.",1,0,0,0,0
NC_105101,NC_105101.1,,Escherichia phage JakobBernoulli,2025,"Escherichia phage JakobBernoulli, complete genome.",0,0,0,0,0
NC_111505,NC_111505.1,,Escherichia phage YP-6,2025,"Escherichia phage YP-6, complete genome.",0,0,0,0,0
NC_105137,NC_105137.1,,Escherichia phage WalterGehring,2025,"Escherichia phage WalterGehring, complete genome.",0,0,0,0,0
NC_129898,NC_129898.1,,Escherichia phage vB_EcoM_SYGMH1,2025,"Escherichia phage vB_EcoM_SYGMH1, complete genome.",0,0,0,0,0
NC_104726,NC_104726.1,,Escherichia phage vB_EcoM_SophiaRose,2025,"Escherichia phage vB_EcoM_SophiaRose, complete genome.",1,0,0,0,0
NC_135731,NC_135731.1,,Escherichia phage phiWec193,2025,"Escherichia phage phiWec193 DNA, complete genome.",1,0,0,0,0
NC_135730,NC_135730.1,,Escherichia phage phiWec191,2025,"Escherichia phage phiWec191 DNA, complete genome.",1,0,0,0,0
NC_135729,NC_135729.1,,Escherichia phage phiWec189,2025,"Escherichia phage phiWec189 DNA, complete genome.",1,0,0,0,0
NC_094493,NC_094493.1,,Escherichia phage PDX,2025,"Escherichia phage PDX, complete genome.",0,0,0,0,0
NC_101842,NC_101842.1,,Escherichia phage pangalan,2025,"Escherichia phage pangalan, complete genome.",0,0,0,0,0
NC_101838,NC_101838.1,,Escherichia phage nomine,2025,"Escherichia phage nomine, complete genome.",0,0,0,0,0
NC_101837,NC_101837.1,,Escherichia phage nom,2025,"Escherichia phage nom, complete genome.",0,0,0,0,0
NC_101835,NC_101835.1,,Escherichia phage navn,2025,"Escherichia phage navn, complete genome.",0,0,0,0,0
NC_105138,NC_105138.1,,Escherichia phage MaxBurger,2025,"Escherichia phage MaxBurger, complete genome.",0,0,0,0,0
NC_135728,NC_135728.1,,Escherichia phage LL12,2025,"Escherichia phage LL12, complete genome.",0,0,0,0,0
NC_103192,NC_103192.1,,Escherichia phage JEP1,2025,"Escherichia phage JEP1, complete genome.",0,0,0,0,0
NC_100327,NC_100327.1,,Escherichia phage vB_EcoM_HdK5,2025,"Escherichia phage vB_EcoM_HdK5, complete genome.",1,0,0,0,0
NC_102531,NC_102531.1,,Escherichia phage vB_EcoM_Gotham,2025,"Escherichia phage vB_EcoM_Gotham, complete genome.",0,0,0,0,0
NC_105135,NC_105135.1,,Escherichia phage EmilHeitz,2025,"Escherichia phage EmilHeitz, complete genome.",0,0,0,0,0
NC_105143,NC_105143.1,,Escherichia phage EduardKellenberger,2025,"Escherichia phage EduardKellenberger, complete genome.",0,0,0,0,0
NC_100372,NC_100372.1,,Escherichia phage vB_EcoM-ECP32,2025,"Escherichia phage vB_EcoM-ECP32, complete genome.",0,0,0,0,0
NC_100371,NC_100371.1,,Escherichia phage vB_EcoM-ECP26,2025,"Escherichia phage vB_EcoM-ECP26, complete genome.",0,0,0,0,0
NC_105136,NC_105136.1,,Escherichia phage DrSchubert,2025,"Escherichia phage DrSchubert, complete genome.",0,0,0,0,0
NC_135687,NC_135687.1,,Chifec virus UA13_119,2025,"Chifec virus UA13_119, complete genome.",0,0,0,0,0
NC_116488,NC_116488.1,,Janusivirus portis,2025,"Janusivirus portis isolate DF 226, complete genome.",0,0,0,0,0
NC_135685,NC_135685.1,,Himalivirus halles,2025,"MAG: Himalivirus halles isolate ctbe77, complete genome.",0,0,0,1,1
NC_135684,NC_135684.1,,Himalivirus cordelis,2025,"MAG: Himalivirus cordelis isolate hbl169cre1, complete genome.",0,0,0,1,1
NC_135683,NC_135683.1,,Sigmofec virus UA08Rod_20100,2025,"Sigmofec virus UA08Rod_20100, complete genome.",0,0,0,0,0
NC_135682,NC_135682.1,,Sigmofec virus UA08Rod_21233,2025,"Sigmofec virus UA08Rod_21233, complete genome.",0,0,0,0,0
NC_135681,NC_135681.1,,Dipodfec virus UA06Rod_108,2025,"Dipodfec virus UA06Rod_108, complete genome.",0,0,0,0,0
NC_135680,NC_135680.1,,Dipodfec virus UA06Rod_119,2025,"Dipodfec virus UA06Rod_119, complete genome.",0,0,0,0,0
NC_135678,NC_135678.1,,Myodefec virus RodL3_773,2025,"Myodefec virus RodL3_773, complete genome.",0,0,0,0,0
NC_135677,NC_135677.1,,Sigmofec virus UA08Rod_17746,2025,"Sigmofec virus UA08Rod_17746, complete genome.",0,0,0,0,0
NC_135676,NC_135676.1,,Sigmofec virus UA08Rod_17037,2025,"Sigmofec virus UA08Rod_17037, complete genome.",0,0,0,0,0
NC_135675,NC_135675.1,,Chaetfec virus UA24_7381,2025,"MAG: Chaetfec virus UA24_7381 isolate UA24rod_7381, complete genome.",0,0,0,1,1
NC_131255,NC_131255.1,,Camdisavirus lingis,2025,"Camdisavirus lingis isolate PPT018/MFS01, complete genome.",0,0,0,1,1
NC_100200,NC_100200.1,,Bovdisavirus nainis,2025,"Bovdisavirus nainis isolate C042793, complete genome.",0,0,0,0,0
NC_115650,NC_115650.1,,Blackfly DNA Virus 3,2025,"Blackfly DNA Virus 3 isolate SF02_402, complete genome.",0,0,0,0,0
NC_115607,NC_115607.1,,Capybara virus 10_cap1_55,2025,"Capybara virus 10_cap1_55, complete genome.",0,0,0,1,1
NC_135653,NC_135653.1,,Enifivirus asteris,2025,"MAG: Enifivirus asteris isolate ctcf955, complete genome.",0,0,0,1,1
NC_135652,NC_135652.1,,Arizlama virus AZLM_890,2025,"MAG: Arizlama virus isolate AZLM_890, complete genome.",0,0,0,1,1
NC_131242,NC_131242.1,,Capybara virus 37_cap1_578,2025,"Capybara virus 37_cap1_578, complete genome.",0,0,0,1,1
NC_135651,NC_135651.1,,Cursavirus nadis,2025,"MAG: Cursavirus nadis isolate ctbb930, complete genome.",0,0,0,1,1
NC_111749,NC_111749.1,,Salmonella phage MET_P1_103_31,2025,"Salmonella phage MET_P1_103_31, complete genome.",0,0,0,0,0
NC_109869,NC_109869.1,,Yersinia phage GMS190,2025,"UNVERIFIED: Yersinia phage GMS190, complete genome.",0,0,0,0,0
NC_130602,NC_130602.1,,Yersinia phage GMG73,2025,"UNVERIFIED: Yersinia phage GMG73, complete genome.",0,0,0,0,0
NC_107026,NC_107026.1,,Burkholderia phage Carl1,2025,"Burkholderia phage Carl1, complete genome.",0,0,0,0,0
NC_106233,NC_106233.1,,Burkholderia phage Musica,2025,"Burkholderia phage Musica, complete genome.",0,0,0,0,0
NC_106232,NC_106232.1,,Burkholderia phage Momento,2025,"Burkholderia phage Momento, complete genome.",0,0,0,0,0
NC_106231,NC_106231.1,,Burkholderia phage Milagro,2025,"Burkholderia phage Milagro, complete genome.",0,0,0,0,0
NC_106230,NC_106230.1,,Burkholderia phage Menos,2025,"Burkholderia phage Menos, complete genome.",0,0,0,0,0
NC_135496,NC_135496.1,,Enterococcus phage dArtagnan,2025,"Enterococcus phage dArtagnan genome assembly, complete genome: monopartite.",0,0,0,0,0
NC_135495,NC_135495.1,,Enterococcus phage Aramis,2025,"Enterococcus phage Aramis genome assembly, complete genome: monopartite.",0,0,0,0,0
NC_105696,NC_105696.1,,Aquingentivirus P7,2025,"Aquingentivirus P7, complete genome.",0,0,0,0,0
NC_095599,NC_095599.1,,Listeria phage PSU-VKH-LP040,2025,"Listeria phage PSU-VKH-LP040, complete genome.",0,0,0,0,0
NC_112206,NC_112206.1,,Listeria phage HS5,2025,"Listeria phage HS5, complete genome.",0,0,0,0,0
NC_106835,NC_106835.1,,Listeria phage HB17054,2025,"Listeria phage HB17054, complete genome.",0,0,0,0,0
NC_109808,NC_109808.1,,Trabzonvirus APT65,2025,"Trabzonvirus APT65, complete genome.",0,0,0,0,0
NC_102382,NC_102382.1,,Bacillus phage Novomoskovsk,2025,"Bacillus phage Novomoskovsk, complete genome.",0,0,0,0,0
NC_102606,NC_102606.1,,Bacillus phage Bolokhovo,2025,"Bacillus phage Bolokhovo, complete genome.",0,0,0,0,0
NC_104637,NC_104637.1,,Erwinia phage AH03,2025,"Erwinia phage AH03, complete genome.",1,0,0,0,0
NC_007558,NC_007558.1,,Adult diarrheal rotavirus strain J19,2025,"Adult diarrheal rotavirus strain J19, complete genome.",0,0,1,0,0
NC_007557,NC_007557.1,,Adult diarrheal rotavirus strain J19,2025,"Adult diarrheal rotavirus strain J19, complete genome.",0,0,1,0,0
NC_007556,NC_007556.1,,Adult diarrheal rotavirus strain J19,2025,"Adult diarrheal rotavirus strain J19, complete genome.",0,0,1,0,0
NC_007555,NC_007555.1,,Adult diarrheal rotavirus strain J19,2025,"Adult diarrheal rotavirus strain J19, complete genome.",0,0,1,0,0
NC_007554,NC_007554.1,,Adult diarrheal rotavirus strain J19,2025,"Adult diarrheal rotavirus strain J19, complete genome.",0,0,1,0,0
NC_007553,NC_007553.1,,Adult diarrheal rotavirus strain J19,2025,"Adult diarrheal rotavirus strain J19, complete genome.",0,0,1,0,0
NC_007552,NC_007552.1,,Adult diarrheal rotavirus strain J19,2025,"Adult diarrheal rotavirus strain J19, complete genome.",0,0,1,0,0
NC_007551,NC_007551.1,,Adult diarrheal rotavirus strain J19,2025,"Adult diarrheal rotavirus strain J19, complete genome.",0,0,1,0,0
NC_007550,NC_007550.1,,Adult diarrheal rotavirus strain J19,2025,"Adult diarrheal rotavirus strain J19, complete genome.",0,0,1,0,0
NC_007549,NC_007549.1,,Adult diarrheal rotavirus strain J19,2025,"Adult diarrheal rotavirus strain J19, complete genome.",0,0,1,0,0
NC_007548,NC_007548.1,,Adult diarrheal rotavirus strain J19,2025,"Adult diarrheal rotavirus strain J19, complete genome.",0,0,1,0,0
NC_006317,NC_006317.1,,Sabia virus,2025,"Sabia virus, complete genome.",0,0,0,0,0
NC_005219,NC_005219.1,,Orthohantavirus hantanense,2025,"Hantaan virus, complete genome.",0,0,0,0,0
NC_005218,NC_005218.1,,Orthohantavirus hantanense,2025,"Hantaan virus, complete genome.",0,0,0,0,0
NC_135465,NC_135465.1,,Anthevirus perseuis,2025,"MAG: Anthevirus perseuis isolate ctbf541, complete genome.",0,0,0,1,1
NC_135464,NC_135464.1,,Wigfec virus K19_558,2025,"MAG: Wigfec virus K19_558, complete genome.",0,0,0,1,1
NC_115652,NC_115652.1,,Blackfly DNA Virus 5,2025,"Blackfly DNA Virus 5 isolate SF02_839, complete genome.",0,0,0,0,0
NC_116671,NC_116671.1,,Porprismacovirus canid3,2025,"Porprismacovirus canid3 strain CJY7, complete genome.",0,0,0,1,1
NC_116669,NC_116669.1,,Porprismacovirus canid9,2025,"Porprismacovirus canid9 strain CJY5, complete genome.",0,0,0,1,1
NC_116668,NC_116668.1,,Porprismacovirus canid8,2025,"Porprismacovirus canid8 strain CJY4, complete genome.",0,0,0,1,1
NC_117020,NC_117020.1,,Sika deer copiparvovirus,2025,"Sika deer copiparvovirus SDCopiPV-MZ12-1435 DNA, complete genome.",0,0,0,0,0
NC_117303,NC_117303.1,,Porcine parvovirus 8,2025,"Porcine parvovirus 8 isolate GDJM2021, complete genome.",0,0,0,0,0
NC_117060,NC_117060.1,,Circovirus gyurgyalag,2025,"Circovirus gyurgyalag strain Bee-eaterCV1, complete genome.",0,0,0,0,0
NC_117061,NC_117061.1,,Little bittern circovirus,2025,"Little bittern circovirus strain BitternCV1, complete genome.",0,0,0,0,0
NC_135461,NC_135461.1,,Banfec circovirus 2,2025,"Banfec circovirus 2 isolate N06_S02a, complete genome.",0,0,0,0,0
NC_135460,NC_135460.1,,Banfec circovirus 1,2025,"Banfec circovirus 1 isolate N10_S01a, complete genome.",0,0,0,0,0
NC_129518,NC_129518.1,,Porprismacovirus bovas3,2025,"Porprismacovirus bovas3 isolate C025899, complete genome.",0,0,0,0,0
NC_135457,NC_135457.1,,chimpanzee associated cyclovirus 2,2025,"MAG: chimpanzee associated cyclovirus 2 isolate UGA33-1, complete genome.",0,0,0,1,1
NC_129209,NC_129209.1,,Hudisavirus jaqis,2025,"Hudisavirus jaqis isolate P13_1, complete genome.",0,0,0,0,0
NC_117242,NC_117242.1,,British Columbia amdoparvovirus,2025,"British Columbia amdoparvovirus strain BCWM-1, complete genome.",0,0,0,0,0
NC_116732,NC_116732.1,,Chaphamavirus galliform4,2025,"Galliform chaphamaparvovirus 4 strain AU/VIC/PV4, complete genome.",0,0,0,0,0
NC_135454,NC_135454.1,,Human circovirus 1,2025,"Human circovirus 1 strain Paris, complete genome.",0,0,0,1,1
NC_130177,NC_130177.1,,Boebeisivirus manatense,2025,"Boebeisivirus manatense isolate ctMfu914, complete genome.",0,0,0,0,0
NC_130755,NC_130755.1,,Pasteurella phage vB_PmuM_CFP3,2025,"Pasteurella phage vB_PmuM_CFP3, complete genome.",0,0,0,0,0
NC_109362,NC_109362.1,,Aeromonas phage A051,2025,"Aeromonas phage A051, complete genome.",0,0,0,0,0
NC_135452,NC_135452.1,,Satomivirus wayo,2025,"MAG: Satomivirus wayo isolate 1827_77749, complete genome.",0,0,0,1,1
NC_105858,NC_105858.1,,Enterococcus phage phiSHEF16,2025,"Enterococcus phage phiSHEF16, complete genome.",0,0,0,0,0
NC_129615,NC_129615.1,,Enterococcus phage PEf771,2025,"Enterococcus phage PEf771, complete genome.",0,0,0,1,1
NC_102779,NC_102779.1,,Enterococcus phage iF6,2025,"Enterococcus phage iF6, complete genome.",0,0,0,0,0
NC_104495,NC_104495.1,,Enterococcus phage GVEsP-1,2025,"Enterococcus phage GVEsP-1, complete genome.",0,0,0,0,0
NC_100732,NC_100732.1,,Shigella phage CM1,2025,"Shigella phage CM1, complete genome.",1,0,0,0,0
NC_105140,NC_105140.1,,Escherichia phage AlexBoehm,2025,"Escherichia phage AlexBoehm, complete genome.",0,0,0,0,0
NC_106924,NC_106924.1,,Escherichia phage A51.2,2025,"Escherichia phage A51.2, complete genome.",0,0,0,0,0
NC_130866,NC_130866.1,,Septuagintavirus sv54,2025,"Septuagintavirus sv54, complete genome.",0,0,0,0,0
NC_112204,NC_112204.1,,Escherichia phage A73,2025,"Escherichia phage A73, complete genome.",0,0,0,0,0
NC_130827,NC_130827.1,,Pseudomonas phage vB_VIPPAEUMC01,2025,"Pseudomonas phage vB_VIPPAEUMC01, complete genome.",1,0,0,0,0
NC_104266,NC_104266.1,,Atrivirus PS6,2025,"Atrivirus PS6, complete genome.",1,0,0,0,0
NC_104263,NC_104263.1,,Ruminococcus phage phiRg507T2_3,2025,"Ruminococcus phage phiRg507T2_3, complete genome.",1,0,0,0,0
NC_104262,NC_104262.1,,Ruminococcus phage phiRg507T2_2,2025,"Ruminococcus phage phiRg507T2_2, complete genome.",1,0,0,0,0
NC_104265,NC_104265.1,,Ruminococcus phage phiRgIBDN1,2025,"Ruminococcus phage phiRgIBDN1, complete genome.",1,0,0,0,0
NC_104264,NC_104264.1,,Ruminococcus phage phiRg519T2,2025,"Ruminococcus phage phiRg519T2, complete genome.",1,0,0,0,0
NC_104261,NC_104261.1,,Ruminococcus phage phiRM10,2025,"Ruminococcus phage phiRM10, complete genome.",1,0,0,0,0
NC_112270,NC_112270.1,,Bacillus phage vB_BceS_LY5,2025,"Bacillus phage vB_BceS_LY5, complete genome.",0,0,0,0,0
NC_111369,NC_111369.1,,Bacillus phage vB_BceS_LY1,2025,"Bacillus phage vB_BceS_LY1, complete genome.",0,0,0,0,0
NC_105863,NC_105863.1,,Escherichia phage UTI-CM001,2025,"Escherichia phage UTI-CM001, complete genome.",0,0,0,0,0
NC_107013,NC_107013.1,,Escherichia phage vB_EcoS-UTI89UKE1,2025,"Escherichia phage vB_EcoS-UTI89UKE1, complete genome.",0,0,0,0,0
NC_104876,NC_104876.1,,Escherichia phage ULINTec2,2025,"Escherichia phage ULINTec2, complete genome.",0,0,0,0,0
NC_093713,NC_093713.1,,Escherichia phage P_AB-2017,2025,"Escherichia phage P_AB-2017, complete genome.",0,0,0,0,0
NC_093712,NC_093712.1,,Escherichia phage L_AB-2017,2025,"Escherichia phage L_AB-2017, complete genome.",0,0,0,0,0
NC_093711,NC_093711.1,,Escherichia phage G_AB-2017,2025,"Escherichia phage G_AB-2017, complete genome.",0,0,0,0,0
NC_135368,NC_135368.1,,Enterococcus phage 9184,2025,"Enterococcus phage 9184, complete genome.",1,0,0,0,0
NC_129999,NC_129999.1,,Enterococcus phage SSsP-1,2025,"Enterococcus phage SSsP-1, complete genome.",0,0,0,0,0
NC_102127,NC_102127.1,,Bacillus phage vB_BcM_Sam46,2025,"Bacillus phage vB_BcM_Sam46, complete genome.",1,0,0,0,0
NC_093432,NC_093432.1,,Pseudomonas phage POR1,2025,"Pseudomonas phage POR1, complete genome.",0,0,0,0,0
NC_096890,NC_096890.1,,Streptomyces phage Kromp,2025,"Streptomyces phage Kromp, complete genome.",1,0,0,0,0
NC_116928,NC_116928.1,,Gammapolyomavirus phacarbo,2025,"Gammapolyomavirus phacarbo isolate CoPyV1, complete genome.",0,0,0,0,0
NC_105334,NC_105334.1,,Vibrio phage V5,2025,"Vibrio phage V5, complete genome.",0,0,0,0,0
NC_109830,NC_109830.1,,Vibrio phage vB_VpI_FR1,2025,"Vibrio phage vB_VpI_FR1, complete genome.",0,0,0,0,0
NC_104953,NC_104953.1,,Vibrio phage vB_VipaK,2025,"Vibrio phage vB_VipaK, complete genome.",0,0,0,0,0
NC_104952,NC_104952.1,,Vibrio phage vB_Vipa4291,2025,"Vibrio phage vB_Vipa4291, complete genome.",0,0,0,0,0
NC_103785,NC_103785.1,,Vibrio phage vB_Vipa71,2025,"Vibrio phage vB_Vipa71, complete genome.",0,0,0,0,0
NC_104951,NC_104951.1,,Vibrio phage vB_Vipa36,2025,"Vibrio phage vB_Vipa36, complete genome.",0,0,0,0,0
NC_104950,NC_104950.1,,Vibrio phage vB_Vipa26,2025,"Vibrio phage vB_Vipa26, complete genome.",0,0,0,0,0
NC_104949,NC_104949.1,,Vibrio phage vB_Vipa10,2025,"Vibrio phage vB_Vipa10, complete genome.",0,0,0,0,0
NC_103327,NC_103327.1,,Alteromonas phage phiAFP1,2025,"Alteromonas phage phiAFP1, complete genome.",0,0,0,0,0
NC_128954,NC_128954.1,,Xanthomonas phage XAJ2,2025,"Xanthomonas phage XAJ2, complete genome.",0,0,0,0,0
NC_104613,NC_104613.1,,Enterococcus phage VEsP-1,2025,"Enterococcus phage VEsP-1, complete genome.",0,0,0,0,0
NC_096909,NC_096909.1,,Microbacterium phage ValentiniPuff,2025,"Microbacterium phage ValentiniPuff, complete genome.",1,0,0,0,0
NC_112203,NC_112203.1,,Enterococcus phage H1,2025,"Enterococcus phage H1, complete genome.",0,0,0,0,0
NC_107482,NC_107482.1,,Enterococcus phage vB_Efm_LG62,2025,"Enterococcus phage vB_Efm_LG62, complete genome.",0,0,0,0,0
NC_101653,NC_101653.1,,Enterococcus phage vB_EfaS-DELF1,2025,"Enterococcus phage vB_EfaS-DELF1 DNA, complete genome.",0,0,0,0,0
NC_107481,NC_107481.1,,Bacillus phage B13,2025,"Bacillus phage B13, complete genome.",0,0,0,0,0
NC_111529,NC_111529.1,,"Leptolyngbya phage LPP-2, strain SPI",2025,"Leptolyngbya phage LPP-2 st. SPI, complete genome.",1,0,0,0,0
NC_109586,NC_109586.1,,Leptolyngbya phage Lbo240-yong1,2025,"Leptolyngbya phage Lbo240-yong1, complete genome.",0,0,0,0,0
NC_107959,NC_107959.1,,Plectonema phage Pbo-yong3,2025,"Plectonema phage Pbo-yong3, complete genome.",0,0,0,0,0
NC_111528,NC_111528.1,,Leptolyngbya phage LPP-1,2025,"Leptolyngbya phage LPP-1, complete genome.",1,0,0,0,0
NC_107196,NC_107196.1,,Plectonema phage JingP1,2025,"Plectonema phage JingP1, complete genome.",0,0,0,0,0
NC_103008,NC_103008.1,,Arthronema virus TR020,2025,"Arthronema virus TR020, complete genome.",0,0,0,0,0
NC_129410,NC_129410.1,,Enterococcus phage EfsSzw-1,2025,"UNVERIFIED: Enterococcus phage EfsSzw-1, complete genome.",0,0,0,0,0
NC_129838,NC_129838.1,,Enterococcus phage EFGrNG,2025,"Enterococcus phage EFGrNG, complete genome.",0,0,0,0,0
NC_106557,NC_106557.1,,Enterococcus phage vB_OCPT_CCS1,2025,"Enterococcus phage vB_OCPT_CCS1, complete genome.",0,0,0,0,0
NC_135192,NC_135192.1,,Enterococcus phage vB_OCPT_Bop,2025,"Enterococcus phage vB_OCPT_Bop, complete genome.",0,0,0,0,0
NC_130243,NC_130243.1,,Enterococcus phage Sw5,2025,"Enterococcus phage Sw5, complete genome.",0,0,0,0,0
NC_101774,NC_101774.1,,Enterococcus phage PBEF129,2025,"Enterococcus phage PBEF129, complete genome.",0,0,0,0,0
NC_135191,NC_135191.1,,Enterococcus phage vB_OCPT_Bill,2025,"Enterococcus phage vB_OCPT_Bill, complete genome.",0,0,0,0,0
NC_100383,NC_100383.1,,Enterococcus phage vB_OCPT_Ben,2025,"Enterococcus phage vB_OCPT_Ben, complete genome.",0,0,0,0,0
NC_102781,NC_102781.1,,Enterococcus phage vB_EfaM_A2,2025,"Enterococcus phage vB_EfaM_A2, complete genome.",0,0,0,0,0
NC_104811,NC_104811.1,,Enterococcus phage MDA2,2025,"Enterococcus phage MDA2, complete genome.",0,0,0,0,0
NC_111478,NC_111478.1,,Enterococcus phage 53,2025,"Enterococcus phage 53, complete genome.",0,0,0,0,0
NC_135190,NC_135190.1,,Enterococcus phage phi EF19G,2025,"Enterococcus phage phi EF19G DNA, complete genome.",0,0,0,0,0
NC_135148,NC_135148.1,,Enterococcus phage vB_EfaM_Ef2.3,2025,"Enterococcus phage vB_EfaM_Ef2.3, complete genome.",1,0,0,0,0
NC_106555,NC_106555.1,,Enterococcus phage vB_OCPT_Car,2025,"Enterococcus phage vB_OCPT_Car, complete genome.",0,0,0,0,0
NC_106554,NC_106554.1,,Enterococcus phage vB_OCPT_Bob,2025,"Enterococcus phage vB_OCPT_Bob, complete genome.",0,0,0,0,0
NC_110339,NC_110339.1,,Clostridium phage vB_CP_qdyz_P5,2025,"Clostridium phage vB_CP_qdyz_P5, complete genome.",0,0,0,0,0
NC_108347,NC_108347.1,,Clostridium phage DCp1,2025,"Clostridium phage DCp1, complete genome.",0,0,0,0,0
NC_110374,NC_110374.1,,Clostridium phage CPQ9,2025,"Clostridium phage CPQ9, complete genome.",0,0,0,0,0
NC_110375,NC_110375.1,,Clostridium phage CPQ3,2025,"Clostridium phage CPQ3, complete genome.",0,0,0,0,0
NC_107625,NC_107625.1,,Clostridium phage vB_CpeP_PM11,2025,"Clostridium phage vB_CpeP_PM11, complete genome.",0,0,0,0,0
NC_103756,NC_103756.1,,Clostridium phage vB_CpeP_HN02,2025,"Clostridium phage vB_CpeP_HN02, complete genome.",0,0,0,0,0
NC_112015,NC_112015.1,,Clostridium phage cpp,2025,"Clostridium phage cpp, complete genome.",0,0,0,0,0
NC_111671,NC_111671.1,,Klebsiella phage Emom,2025,"Klebsiella phage Emom, complete genome.",0,0,0,0,0
NC_111672,NC_111672.1,,Klebsiella phage Amrap,2025,"Klebsiella phage Amrap, complete genome.",0,0,0,0,0
NC_134824,NC_134824.1,,Bacteriophage sp.,2025,"MAG: Bacteriophage sp. isolate 3013_110685, complete genome.",0,0,0,1,1
NC_134823,NC_134823.1,,Bacteriophage sp.,2025,"MAG: Bacteriophage sp. isolate 2815_119144, complete genome.",0,0,0,1,1
NC_134822,NC_134822.1,,Bacteriophage sp.,2025,"MAG: Bacteriophage sp. isolate 3055_109949, complete genome.",0,0,0,1,1
NC_134821,NC_134821.1,,Bacteriophage sp.,2025,"MAG: Bacteriophage sp. isolate 4225_94495, complete genome.",0,0,0,1,1
NC_134744,NC_134744.1,,Bacteriophage sp.,2025,"MAG: Bacteriophage sp. isolate 0049_62566, complete genome.",0,0,0,1,1
NC_111375,NC_111375.1,,Bacillus phage BC-5,2025,"Bacillus phage BC-5, complete genome.",0,0,0,0,0
NC_111368,NC_111368.1,,Bacillus phage vB_BceP_LY3,2025,"Bacillus phage vB_BceP_LY3, complete genome.",0,0,0,0,0
NC_108342,NC_108342.1,,Bacillus phage Chedec 11,2025,"Bacillus phage Chedec 11, complete genome.",0,0,0,0,0
NC_108593,NC_108593.1,,Bacillus phage vB_BaeroP_SYYB1,2025,"Bacillus phage vB_BaeroP_SYYB1, complete genome.",0,0,0,0,0
NC_103213,NC_103213.1,,Salmonella phage GEC_vB_N5,2025,"Salmonella phage GEC_vB_N5, complete genome.",0,0,0,0,0
NC_104259,NC_104259.1,,Salmonella phage vB_StyS-LmqsSP1,2025,"Salmonella phage vB_StyS-LmqsSP1, complete genome.",0,0,0,0,0
NC_134264,NC_134264.1,,Escherichia phage Lindwurm,2025,"Escherichia phage Lindwurm, complete genome.",0,0,0,0,0
NC_110934,NC_110934.1,,Klebsiella phage KPP2018,2025,"Klebsiella phage KPP2018, complete genome.",0,0,0,0,0
NC_105512,NC_105512.1,,Escherichia phage JLBYU43,2025,"Escherichia phage JLBYU43, complete genome.",1,0,0,0,0
NC_105514,NC_105514.1,,Escherichia phage JLBYU40,2025,"Escherichia phage JLBYU40, complete genome.",1,0,0,0,0
NC_130053,NC_130053.1,,Escherichia phage IrisVonRoten,2025,"Escherichia phage IrisVonRoten, complete genome.",0,0,0,0,0
NC_104190,NC_104190.1,,Escherichia phage IME178,2025,"Escherichia phage IME178, complete genome.",0,0,0,0,0
NC_105119,NC_105119.1,,Escherichia phage HildyBeyeler,2025,"Escherichia phage HildyBeyeler, complete genome.",0,0,0,0,0
NC_100331,NC_100331.1,,Escherichia phage vB_EcoS_HASG4,2025,"Escherichia phage vB_EcoS_HASG4, complete genome.",1,0,0,0,0
NC_108329,NC_108329.1,,Salmonella phage GSP044,2025,"Salmonella phage GSP044, complete genome.",0,0,0,0,0
NC_106514,NC_106514.1,,Escherichia phage vB_EcoS_ESCO40,2025,"Escherichia phage vB_EcoS_ESCO40, complete genome.",1,0,0,0,0
NC_106513,NC_106513.1,,Escherichia phage vB_EcoS_ESCO30,2025,"Escherichia phage vB_EcoS_ESCO30, complete genome.",1,0,0,0,0
NC_105825,NC_105825.1,,Escherichia phage ECOP18,2025,"Escherichia phage ECOP18, complete genome.",0,0,0,0,0
NC_106721,NC_106721.1,,Escherichia phage EC148,2025,"Escherichia phage EC148, complete genome.",1,0,0,0,0
NC_105587,NC_105587.1,,Escherichia phage EC100,2025,"Escherichia phage EC100, complete genome.",1,0,0,0,0
NC_134262,NC_134262.1,,Salmonella phage vB_Sen-E22,2025,"Salmonella phage vB_Sen-E22, complete genome.",0,0,0,0,0
NC_105118,NC_105118.1,,Escherichia phage DaisyDussoix,2025,"Escherichia phage DaisyDussoix, complete genome.",0,0,0,0,0
NC_111488,NC_111488.1,,Salmonella phage vB_SenS_UTK0010,2025,"Salmonella phage vB_SenS_UTK0010, complete genome.",0,0,0,0,0
NC_111487,NC_111487.1,,Salmonella phage vB_SenS_UTK0009,2025,"Salmonella phage vB_SenS_UTK0009, complete genome.",0,0,0,0,0
NC_133303,NC_133303.1,,Salmonella phage KKP_3831,2025,"Salmonella phage KKP_3831, complete genome.",0,0,0,0,0
NC_133119,NC_133119.1,,Escherichia phage EscoHU1,2025,"Escherichia phage EscoHU1 DNA, complete genome.",1,0,0,0,0
NC_106597,NC_106597.1,,Escherichia phage BB1,2025,"Escherichia phage BB1, complete genome.",0,0,0,0,0
NC_103220,NC_103220.1,,Salmonella phage vB_SalS_ABTNLsp9,2025,"Salmonella phage vB_SalS_ABTNLsp9, complete genome.",0,0,0,0,0
NC_103219,NC_103219.1,,Salmonella phage vB_SalS_ABTNLsp4,2025,"Salmonella phage vB_SalS_ABTNLsp4, complete genome.",0,0,0,0,0
NC_103563,NC_103563.1,,Phage vB_SabS_Sds2,2025,"Phage vB_SabS_Sds2, complete genome.",0,0,0,0,0
NC_111751,NC_111751.1,,Salmonella phage MET_P1_137_112,2025,"Salmonella phage MET_P1_137_112, complete genome.",0,0,0,0,0
NZ_CP008698,NZ_CP008698.1,,Bacillus subtilis subsp. subtilis str. AG1839,2025,"Bacillus subtilis subsp. subtilis str. AG1839 chromosome, complete genome.",0,0,0,0,0
NZ_CP007800,NZ_CP007800.1,,Bacillus subtilis subsp. subtilis str. JH642 substr. AG174,2025,"Bacillus subtilis subsp. subtilis str. JH642 substr. AG174 strain JH642 chromosome, complete genome.",0,0,0,0,0
NC_102116,NC_102116.1,,Salmonella phage vaffelhjerte,2025,"Salmonella phage vaffelhjerte, complete genome.",0,0,0,0,0
NC_105117,NC_105117.1,,Escherichia phage TrudiRoth,2025,"Escherichia phage TrudiRoth, complete genome.",0,0,0,0,0
NC_105114,NC_105114.1,,Escherichia phage TrudiGerster,2025,"Escherichia phage TrudiGerster, complete genome.",0,0,0,0,0
NC_103484,NC_103484.1,,Salmonella phage SP_Thor,2025,"Salmonella phage SP_Thor, complete genome.",0,0,0,0,0
NC_105116,NC_105116.1,,Escherichia phage SuperGirl,2025,"Escherichia phage SuperGirl, complete genome.",0,0,0,0,0
NC_103481,NC_103481.1,,Salmonella phage vB STyj5-1,2025,"Salmonella phage vB STyj5-1, complete genome.",0,0,0,0,0
NC_103643,NC_103643.1,,Salmonella phage STWB21,2025,"Salmonella phage STWB21, complete genome.",0,0,0,0,0
NC_103216,NC_103216.1,,Salmonella phage SP76,2025,"Salmonella phage SP76, complete genome.",0,0,0,0,0
NC_102114,NC_102114.1,,Salmonella phage smaug,2025,"Salmonella phage smaug, complete genome.",0,0,0,0,0
NC_100739,NC_100739.1,,Salmonella phage SE3,2025,"Salmonella phage SE3, complete genome.",0,0,0,0,0
NZ_CP029707,NZ_CP029707.1,,Pseudomonas aeruginosa,2025,"Pseudomonas aeruginosa strain K34-7 chromosome, complete genome.",0,0,0,0,0
NC_001608,NC_001608.4,,"Marburg virus - Musoke, Kenya, 1980",2025,"Marburg virus - Musoke, Kenya, 1980, complete genome.",0,0,0,0,0
NC_101270,NC_101270.1,,Salmonella phage vB_SenS_SB10,2025,"Salmonella phage vB_SenS_SB10, complete genome.",0,0,0,0,0
NC_100567,NC_100567.1,,Salmonella phage vB_SenS_SB9,2025,"Salmonella phage vB_SenS_SB9, complete genome.",0,0,0,0,0
NC_102113,NC_102113.1,,Salmonella phage rutana,2025,"Salmonella phage rutana, complete genome.",0,0,0,0,0
NC_001526,NC_001526.4,,Human papillomavirus 16,2025,"Human papillomavirus type 16, complete genome.",0,0,0,0,0
NC_102110,NC_102110.1,,Salmonella phage polluks,2025,"Salmonella phage polluks, complete genome.",0,0,0,0,0
NC_102109,NC_102109.1,,Salmonella phage phagemcphageface,2025,"Salmonella phage phagemcphageface, complete genome.",0,0,0,0,0
NC_102108,NC_102108.1,,Salmonella phage misterkot,2025,"Salmonella phage misterkot, complete genome.",0,0,0,0,0
NC_107033,NC_107033.1,,Salmonella phage JN-S202001,2025,"Salmonella phage JN-S202001, complete genome.",0,0,0,0,0
NC_105115,NC_105115.1,,Escherichia phage IrmaTschudi,2025,"Escherichia phage IrmaTschudi, complete genome.",0,0,0,0,0
NC_111398,NC_111398.1,,Salmonella phage GSW6,2025,"Salmonella phage GSW6, complete genome.",0,0,0,0,0
NC_109292,NC_109292.1,,Salmonella phage GSP001,2025,"Salmonella phage GSP001, complete genome.",0,0,0,0,0
NC_104194,NC_104194.1,,Salmonella phage JNwz02,2025,"Salmonella phage JNwz02, complete genome.",0,0,0,0,0
NC_106733,NC_106733.1,,Salmonella phage GRNsp8,2025,"Salmonella phage GRNsp8, complete genome.",0,0,0,0,0
NC_133255,NC_133255.1,,Escherichia phage vB_EcoS-26175I,2025,"Escherichia phage vB_EcoS-26175I, complete genome.",1,0,0,0,0
NC_111353,NC_111353.1,,Salmonella phage PRF-SP13,2025,"Salmonella phage PRF-SP13, complete genome.",0,0,0,0,0
NC_103215,NC_103215.1,,Salmonella phage GEC_vB_N7,2025,"Salmonella phage GEC_vB_N7, complete genome.",0,0,0,0,0
NC_103212,NC_103212.1,,Salmonella phage GEC_vB_N3,2025,"Salmonella phage GEC_vB_N3, complete genome.",0,0,0,0,0
NC_092681,NC_092681.1,,Salmonella phage BD13,2025,"Salmonella phage BD13, complete genome.",0,0,0,0,0
NC_092900,NC_092900.1,,Salmonella phage ende,2025,"Salmonella phage ende, complete genome.",0,0,0,0,0
NC_092684,NC_092684.1,,Salmonella phage bux,2025,"Salmonella phage bux, complete genome.",0,0,0,0,0
NC_027026,NC_027026.1,,Sapovirus Hu/Nagoya/NGY-1/2012/JPN,2025,"Sapovirus Hu/Nagoya/NGY-1/2012/JPN genomic RNA, complete genome.",0,0,0,0,0
NZ_CP139039,NZ_CP139039.1,,Escherichia coli MP1,2025,"Escherichia coli MP1 chromosome, complete genome.",0,0,0,0,0
NZ_CP019649,NZ_CP019649.1,,Salmonella enterica subsp. enterica serovar Typhimurium var.,2025,"Salmonella enterica subsp. enterica serovar Typhimurium var. monophasic 4,5,12:i:- strain TW-Stm6 chromosome, complete genome.",0,0,0,0,0
NC_092683,NC_092683.1,,Salmonella phage bobsandoy,2025,"Salmonella phage bobsandoy, complete genome.",0,0,0,0,0
NC_092682,NC_092682.1,,Salmonella phage beppo,2025,"Salmonella phage beppo, complete genome.",0,0,0,0,0
NC_092457,NC_092457.1,,Klebsiella phage Whistle,2025,"Klebsiella phage Whistle, complete genome.",0,0,0,0,0
NC_092456,NC_092456.1,,Klebsiella phage Saitama,2025,"Klebsiella phage Saitama, complete genome.",0,0,0,0,0
NC_092455,NC_092455.1,,Klebsiella phage Oda,2025,"Klebsiella phage Oda, complete genome.",0,0,0,0,0
NC_091965,NC_091965.1,,Caudoviricetes sp. 'Rudgehvirus jaberico',2025,"Caudoviricetes sp. 'Rudgehvirus jaberico', complete genome.",0,0,0,0,0
NC_091964,NC_091964.1,,Serratia phage PCH45,2025,"Serratia phage PCH45, complete genome.",0,0,0,0,0
NC_026314,NC_026314.1,,rabovirus A1,2024,"Rabovirus A1 isolate Berlin/Jan2011/0572, complete genome.",0,0,0,0,0
NC_083851,NC_083851.1,,Bird's-foot trefoil nucleorhabdovirus,2024,"TPA: Bird's-foot trefoil nucleorhabdovirus isolate LC, complete genome.",0,0,0,0,0
NZ_CP110845,NZ_CP110845.1,,Streptomyces sp. Je 1-4 4N24_ara,2024,"Streptomyces sp. Je 1-4 4N24_ara chromosome, complete genome.",0,0,0,0,0
NC_047837,NC_047837.1,,Flavobacterium phage FLiP,2024,"Flavobacterium phage FLiP, complete genome.",0,0,0,0,0
NC_024625,NC_024625.1,,Peridroma alphabaculovirus,2024,"Peridroma alphabaculovirus isolate GR_167, complete genome.",0,0,0,0,0
NC_023861,NC_023861.2,,Sicinivirus A,2023,"Sicinivirus A strain UCC001, complete genome.",0,0,0,0,0
NC_079188,NC_079188.1,,Aeromonas phage PVN03,2023,"Aeromonas phage PVN03, complete genome.",0,0,1,0,0
NC_079187,NC_079187.1,,Aeromonas phage pAh6.2TG,2023,"Aeromonas phage pAh6.2TG, complete genome.",1,0,0,0,0
NC_079186,NC_079186.1,,Aeromonas phage BUCT696,2023,"Aeromonas phage BUCT696, complete genome.",0,0,0,0,0
NC_079185,NC_079185.1,,Vibrio phage vB_VpaM_VPs20,2023,"Vibrio phage vB_VpaM_VPs20, complete genome.",0,0,0,0,0
NC_079184,NC_079184.1,,Escherichia phage vB_EcoM_DE15,2023,"Escherichia phage vB_EcoM_DE15, complete genome.",0,0,0,0,0
NC_079183,NC_079183.1,,Escherichia phage vB_EcoM_SA91KD,2023,"Escherichia phage vB_EcoM_SA91KD, complete genome.",1,0,0,0,0
NC_079182,NC_079182.1,,Escherichia phage vB_EcoM_Bp10,2023,"Escherichia phage vB_EcoM_Bp10, complete genome.",0,0,0,0,0
NC_079181,NC_079181.1,,Escherichia phage vB_EcoP_Bp7,2023,"Escherichia phage vB_EcoP_Bp7, complete genome.",0,0,0,0,0
NC_079180,NC_079180.1,,Escherichia phage SKA49,2023,"Escherichia phage SKA49, complete genome.",0,0,0,0,0
NC_079179,NC_079179.1,,Yersinia phage PYps16N,2023,"Yersinia phage PYps16N, complete genome.",0,0,0,0,0
NC_079178,NC_079178.1,,Yersinia phage PYps23T,2023,"Yersinia phage PYps23T, complete genome.",0,0,0,0,0
NC_079177,NC_079177.1,,Yersinia phage PYps3T,2023,"Yersinia phage PYps3T, complete genome.",0,0,0,0,0
NC_079176,NC_079176.1,,Escherichia phage MLP1,2023,"Escherichia phage MLP1, complete genome.",0,0,0,0,0
NC_079175,NC_079175.1,,Escherichia phage PO103-1,2023,"Escherichia phage PO103-1, complete genome.",0,0,0,0,0
NC_079174,NC_079174.1,,Erwinia phage Fifi44,2023,"Erwinia phage Fifi44, complete genome.",1,0,0,0,0
NC_005859,NC_005859.1,,Escherichia phage T5,2023,"Enterobacteria phage T5, complete genome.",0,0,0,0,0
NC_073071,NC_073071.1,,Escherichia phage SECphi18,2023,"Escherichia phage SECphi18 genome assembly, complete genome: monopartite.",1,0,0,0,0
NC_070779,NC_070779.1,,Salmonella phage KM16,2023,"Salmonella phage KM16, complete genome.",0,0,0,0,0
NC_061437,NC_061437.1,,Pseudomonas phage vB_PaeS_PAO1_HW12,2023,"Pseudomonas phage vB_PaeS_PAO1_HW12 genome assembly, complete genome: monopartite.",0,0,0,0,0
NC_079146,NC_079146.1,,Gordonia phage Commandaria,2023,"Gordonia phage Commandaria, complete genome.",1,0,0,0,0
NC_079145,NC_079145.1,,Gordonia phage Jojo24,2023,"Gordonia phage Jojo24, complete genome.",1,0,0,0,0
NC_079144,NC_079144.1,,Gordonia phage Reyja,2023,"Gordonia phage Reyja, complete genome.",1,0,0,0,0
NC_079143,NC_079143.1,,Gordonia phage Tarzan,2023,"Gordonia phage Tarzan, complete genome.",1,0,0,0,0
NC_079142,NC_079142.1,,Gordonia phage Santhid,2023,"Gordonia phage Santhid, complete genome.",1,0,0,0,0
NC_079141,NC_079141.1,,Gordonia phage Gibbous,2023,"Gordonia phage Gibbous, complete genome.",1,0,0,0,0
NC_079140,NC_079140.1,,Gordonia phage Azira,2023,"Gordonia phage Azira, complete genome.",1,0,0,0,0
NC_055052,NC_055052.1,,Ralstonia phage RSIBR3,2023,"Ralstonia phage RSIBR3, complete genome.",0,0,0,0,0
NC_027399,NC_027399.1,,Klebsiella phage K64-1,2023,"Klebsiella phage K64-1 DNA, complete genome.",0,0,0,0,0
NC_025824,NC_025824.1,,Escherichia phage fd,2023,"Escherichia phage fd strain 478, complete genome.",0,0,0,0,0
NC_025440,NC_025440.1,,Listeria phage WIL-1,2023,"Listeria phage WIL-1, complete genome.",0,0,0,0,0
NC_079139,NC_079139.1,,Cotonvirus japonicus,2023,"Cotonvirus japonicus DNA, complete genome.",0,0,0,0,0
NC_075033,NC_075033.1,,Enterobacteria phage f1,2023,"Enterobacteria phage f1 isolate f1_3_FR, complete genome.",0,0,0,0,0
NC_075032,NC_075032.1,,Enterobacteria phage f1,2023,"Enterobacteria phage f1 isolate f1_2_FR, complete genome.",0,0,0,0,0
NC_075031,NC_075031.1,,Enterobacteria phage f1,2023,"Enterobacteria phage f1 isolate f1_1_FR, complete genome.",0,0,0,0,0
NC_075030,NC_075030.1,,Enterobacteria phage f1,2023,"Enterobacteria phage f1 isolate F1_ancestral, complete genome.",0,0,0,0,0
NC_075029,NC_075029.1,,Enterobacteria phage f1,2023,"Mutant Enterobacteria phage f1 isolate F1_3, complete genome.",0,0,0,0,0
NC_075028,NC_075028.1,,Enterobacteria phage f1,2023,"Mutant Enterobacteria phage f1 isolate F1_2, complete genome.",0,0,0,0,0
NC_075027,NC_075027.1,,Enterobacteria phage f1,2023,"Mutant Enterobacteria phage f1 isolate F1_1, complete genome.",0,0,0,0,0
NC_075026,NC_075026.1,,Enterobacteria phage f1,2023,"Enterobacteria phage f1 DNA, complete genome, isolate: NBRC 20015.",0,0,0,0,0
NC_075025,NC_075025.1,,Enterobacteria phage f1,2023,"Enterobacteria phage f1 DNA, complete genome, isolate: NBRC 20010.",0,0,0,0,0
NC_074765,NC_074765.1,,Inovirus M13,2023,"Enterobacteria phage M13 isolate WT variety Rutgers, complete genome.",0,0,0,0,0
NC_074763,NC_074763.1,,Pseudomonas phage Pf3,2023,"Bacteriophage Pf3 from Pseudomonas aeruginosa (New York strain), complete genome.",0,0,0,0,0
NC_074762,NC_074762.1,,Xanthomonas phage XacF1,2023,"Xanthomonas phage XacF1 DNA, complete genome.",0,0,0,0,0
NC_055055,NC_055055.1,,Xanthomonas phage Xf409,2023,"Xanthomonas phage Xf409, complete genome.",0,0,0,0,0
NC_055054,NC_055054.1,,Ralstonia phage RS611,2023,"Ralstonia phage RS611 DNA, complete genome.",0,0,0,0,0
NC_055053,NC_055053.1,,Ralstonia phage RSS-TH1,2023,"Ralstonia phage RSS-TH1 DNA, complete genome.",0,0,0,0,0
NC_055051,NC_055051.1,,Vibrio phage ND1-fs1,2023,"Vibrio phage ND1-fs1 DNA, complete genome.",1,0,0,0,0
NC_047872,NC_047872.1,,Listeria phage LMTA-94,2023,"Listeria phage LMTA-94, complete genome.",0,0,0,0,0
NC_047871,NC_047871.1,,Listeria phage LMTA-57,2023,"Listeria phage LMTA-57, complete genome.",0,0,0,0,0
NC_047853,NC_047853.1,,Enterococcus phage phiEF24C-P2,2023,"Enterococcus phage phiEF24C-P2 DNA, complete genome.",0,0,0,0,0
NC_047745,NC_047745.1,,Listeria phage LP-124,2023,"Listeria phage LP-124, complete genome.",0,0,0,0,0
NC_047744,NC_047744.1,,Bacillus phage Bp8p-T,2023,"Bacillus phage Bp8p-T, complete genome.",0,0,0,0,0
NC_047736,NC_047736.1,,Bacillus phage B5S,2023,"Bacillus phage B5S, complete genome.",0,0,0,0,0
NC_047735,NC_047735.1,,Bacillus phage BCU4,2023,"Bacillus phage BCU4, complete genome.",0,0,0,0,0
NC_047732,NC_047732.1,,Staphylococcus phage IME-SA119,2023,"Staphylococcus phage IME-SA119, complete genome.",0,0,0,0,0
NC_047731,NC_047731.1,,Staphylococcus phage IME-SA118,2023,"Staphylococcus phage IME-SA118, complete genome.",0,0,0,0,0
NC_047730,NC_047730.1,,Staphylococcus phage IME-SA2,2023,"Staphylococcus phage IME-SA2, complete genome.",0,0,0,0,0
NC_047729,NC_047729.1,,Staphylococcus phage IME-SA1,2023,"Staphylococcus phage IME-SA1, complete genome.",0,0,0,0,0
NC_047728,NC_047728.1,,Staphylococcus phage A5W,2023,"Staphylococcus phage A5W, complete genome.",0,0,0,0,0
NC_047727,NC_047727.1,,Staphylococcus phage P4W,2023,"Staphylococcus phage P4W, complete genome.",1,0,0,0,0
NC_047726,NC_047726.1,,Staphylococcus phage MSA6,2023,"Staphylococcus phage MSA6, complete genome.",1,0,0,0,0
NC_047725,NC_047725.1,,Staphylococcus phage Fi200W,2023,"Staphylococcus phage Fi200W, complete genome.",1,0,0,0,0
NC_047724,NC_047724.1,,Staphylococcus phage 676Z,2023,"Staphylococcus phage 676Z, complete genome.",1,0,0,0,0
NC_047723,NC_047723.1,,Staphylococcus phage A3R,2023,"Staphylococcus phage A3R, complete genome.",1,0,0,0,0
NC_047722,NC_047722.1,,Staphylococcus phage Staph1N,2023,"Staphylococcus phage Staph1N, complete genome.",1,0,0,0,0
NC_047721,NC_047721.1,,Staphylococcus phage SA5,2023,"Staphylococcus phage SA5, complete genome.",0,0,0,0,0
NC_047720,NC_047720.1,,Staphylococcus phage ISP,2023,Staphylococcus phage ISP complete genome.,0,0,0,0,0
NC_028944,NC_028944.1,,Bacillus phage Eyuki,2023,"Bacillus phage Eyuki, complete genome.",1,0,0,0,0
NC_025823,NC_025823.1,,Enterobacteria phage f1,2023,"Bacteriophage f1, complete genome.",0,0,0,0,0
NC_025417,NC_025417.1,,Staphylococcus phage Team1,2023,"Staphylococcus phage Team1, complete genome.",0,0,0,0,0
NC_021781,NC_021781.2,,Listeria phage LP-125,2023,"Listeria phage LP-125, complete genome.",0,0,0,0,0
NC_020877,NC_020877.1,,Staphylococcus phage vB_SauM_Romulus,2023,"Staphylococcus phage vB_SauM_Romulus, complete genome.",1,0,0,0,0
NC_019548,NC_019548.1,,Ralstonia phage RSS0,2023,"Ralstonia phage RSS0, complete genome.",0,0,0,0,0
NC_012757,NC_012757.1,,Vibrio phage VEJ,2023,"Vibrio phage VEJphi, complete genome.",0,0,0,0,0
NC_005949,NC_005949.1,,Vibrio phage Vf12,2023,"Vibrio phage Vf12 DNA, complete genome.",0,0,0,0,0
NC_003311,NC_003311.2,,Vibrio phage VSKK,2023,"Bacteriophage VSKK, complete genome.",0,0,0,0,0
NC_002363,NC_002363.1,,Vibrio phage VfO4K68,2023,"Vibrio phage VfO4K68 DNA, complete genome.",0,0,0,0,0
NC_077216,NC_077216.1,,Pepper yellows virus,2023,"Pepper yellows virus genome assembly, complete genome: monopartite.",0,0,0,0,0
NC_044935,NC_044935.1,,Porcine adenovirus 3,2023,"Porcine adenovirus 3 strain 6618, complete genome.",0,0,0,0,0
NC_078647,NC_078647.1,,Acheta domesticus iflavirus,2023,"Acheta domesticus iflavirus isolate SE:1050, complete genome.",0,0,0,0,0
NC_017918,NC_017918.2,,Grapevine red blotch virus,2023,"Grapevine red-blotch associated virus isolate JRT[456]17NOV10, complete genome.",0,0,0,0,0
NC_047778,NC_047778.1,,Pectobacterium phage PP2,2023,"Pectobacterium phage PP2, complete genome.",0,0,0,0,0
NC_018667,NC_018667.1,,Potato virus B,2023,"Potato virus B, complete genome.",1,0,0,0,0
NC_018617,NC_018617.1,,Porcine associated porprismacovirus 1,2023,"Porcine associated porprismacovirus 1 isolate Cass, complete genome.",0,0,0,0,0
NC_017829,NC_017829.1,,Cotton leaf curl betasatellite,2023,"Cotton leaf curl virus betasatellite, complete genome.",0,0,0,0,0
NC_014955,NC_014955.1,,Human papillomavirus 132,2023,"Human papillomavirus type 132, complete genome.",0,0,0,1,1
NC_001612,NC_001612.1,,Enterovirus A,2023,"Human enterovirus A, complete genome.",0,0,0,0,0
NC_001472,NC_001472.1,,Enterovirus B,2023,"Human enterovirus B, complete genome.",0,0,0,0,0
NC_079028,NC_079028.1,,Fushun phasmavirus 2,2023,"MAG: Fushun phasmavirus 2 isolate HFSFS234, complete genome.",0,0,0,1,1
NC_079027,NC_079027.1,,Fushun phasmavirus 2,2023,"MAG: Fushun phasmavirus 2 isolate HFSFS235, complete genome.",0,0,0,1,1
NC_079026,NC_079026.1,,Fushun phasmavirus 2,2023,"MAG: Fushun phasmavirus 2 isolate HFSFS190, complete genome.",0,0,0,1,1
NC_079025,NC_079025.1,,Fushun phasmavirus 1,2023,"MAG: Fushun phasmavirus 1 isolate BBFSFS172, complete genome.",0,0,0,1,1
NC_079024,NC_079024.1,,Fushun phasmavirus 1,2023,"MAG: Fushun phasmavirus 1 isolate BBFSFS284, complete genome.",0,0,0,1,1
NC_079023,NC_079023.1,,Fushun phasmavirus 1,2023,"MAG: Fushun phasmavirus 1 isolate BBFSFS228, complete genome.",0,0,0,1,1
NC_077712,NC_077712.1,,Sida micrantha mosaic virus,2023,"Sida micrantha mosaic virus segment B, complete genome, isolate A1B3.",0,0,0,0,0
NC_077711,NC_077711.1,,Sida micrantha mosaic virus,2023,"Sida micrantha mosaic virus segment A, complete genome, isolate A1B3.",0,0,0,0,0
NC_076332,NC_076332.1,,Genomoviridae sp.,2023,"MAG: Genomoviridae sp. isolate ctbb31, complete genome.",0,0,0,1,1
NC_077215,NC_077215.1,,Methanophagales virus GBV303,2023,"MAG: Methanophagales virus GBV303, complete genome.",0,0,0,1,1
NC_077214,NC_077214.1,,Poseidoniales virus YSH_150918,2023,"Yangshan Harbor Poseidoniales virus isolate YSH_150918, complete genome.",0,0,0,1,1
NC_077213,NC_077213.1,,Yangshan Harbor Nitrososphaeria virus,2023,"Yangshan Harbor Nitrososphaeria virus isolate YSH_922147, complete genome.",0,0,0,1,1
NC_077212,NC_077212.1,,Yangshan Harbor Nitrososphaeria virus,2023,"Yangshan Harbor Nitrososphaeria virus isolate YSH_174770, complete genome.",0,0,0,1,1
NC_077211,NC_077211.1,,Yangshan Harbor Nitrososphaeria virus,2023,"Yangshan Harbor Nitrososphaeria virus isolate YSH_462411, complete genome.",0,0,0,1,1
NC_077210,NC_077210.1,,Yangshan Harbor Nitrososphaeria virus,2023,"Yangshan Harbor Nitrososphaeria virus isolate YSH_1032793, complete genome.",0,0,0,1,1
NC_077209,NC_077209.1,,Calfel virus LSF45_cir359,2023,"Calfel virus LSF45_cir359, complete genome.",0,0,0,0,0
NC_077208,NC_077208.1,,Calfel virus LSF31_cyc880,2023,"Calfel virus LSF31_cyc880, complete genome.",0,0,0,0,0
NC_077207,NC_077207.1,,Calfel virus LSF31_cyc420,2023,"Calfel virus LSF31_cyc420, complete genome.",0,0,0,0,0
NC_077206,NC_077206.1,,Calfel virus LSF17_cyc102,2023,"Calfel virus LSF17_cyc102, complete genome.",0,0,0,0,0
NC_077205,NC_077205.1,,Army ant associated cyclovirus 9,2023,"Army ant associated cyclovirus 9 isolate 183_1, complete genome.",0,0,0,0,0
NC_077204,NC_077204.1,,Army ant associated cyclovirus 8,2023,"Army ant associated cyclovirus 8 isolate P1A-reste_2, complete genome.",0,0,0,0,0
NC_077203,NC_077203.1,,Army ant associated cyclovirus 9,2023,"Army ant associated cyclovirus 9 isolate P4A-reste_1, complete genome.",0,0,0,0,0
NC_077202,NC_077202.1,,Army ant associated cyclovirus 5,2023,"Army ant associated cyclovirus 5 isolate 170_4, complete genome.",0,0,0,0,0
NC_077201,NC_077201.1,,Army ant associated cyclovirus 4,2023,"Army ant associated cyclovirus 4 isolate P8A-3.2_1, complete genome.",0,0,0,0,0
NC_077200,NC_077200.1,,Army ant associated cyclovirus 1,2023,"Army ant associated cyclovirus 1 isolate P21/23-reste_1, complete genome.",0,0,0,0,0
NC_077199,NC_077199.1,,Army ant associated cyclovirus 2,2023,"Army ant associated cyclovirus 2 isolate P8A-4.2_2, complete genome.",0,0,0,0,0
NC_077198,NC_077198.1,,Army ant associated cyclovirus 6,2023,"Army ant associated cyclovirus 6 isolate P16-reste_1, complete genome.",0,0,0,0,0
NC_077197,NC_077197.1,,Army ant associated cyclovirus 3,2023,"Army ant associated cyclovirus 3 isolate P1A-reste_4, complete genome.",0,0,0,0,0
NC_077196,NC_077196.1,,Dipodfec virus UA23Rod_1805,2023,"Dipodfec virus UA23Rod_1805, complete genome.",0,0,0,0,0
NC_077195,NC_077195.1,,Dipodfec virus UA04Rod_4537,2023,"Dipodfec virus UA04Rod_4537, complete genome.",0,0,0,0,0
NC_077194,NC_077194.1,,Dipodfec virus UA04Rod_5913,2023,"Dipodfec virus UA04Rod_5913, complete genome.",0,0,0,0,0
NC_077193,NC_077193.1,,Artemisia capillaris nucleorhabdovirus 1,2023,"MAG: Artemisia capillaris nucleorhabovirus 1 isolate YK, complete genome.",0,0,0,1,1
NC_077191,NC_077191.1,,Chifec virus UA15_2320,2023,"Chifec virus UA15_2320, complete genome.",0,0,0,0,0
NC_077190,NC_077190.1,,Chifec virus UA13_1800,2023,"Chifec virus UA13_1800, complete genome.",0,0,0,0,0
NC_077189,NC_077189.1,,Chifec virus UA13_1887,2023,"Chifec virus UA13_1887, complete genome.",0,0,0,0,0
NC_077188,NC_077188.1,,Chifec virus UA13_1880,2023,"Chifec virus UA13_1880, complete genome.",0,0,0,0,0
NC_077187,NC_077187.1,,Chifec virus UA15_35,2023,"Chifec virus UA15_35, complete genome.",0,0,0,0,0
NC_077186,NC_077186.1,,Chifec virus UA13_1817,2023,"Chifec virus UA13_1817, complete genome.",0,0,0,0,0
NC_077185,NC_077185.1,,Chifec virus UA13_1727,2023,"Chifec virus UA13_1727, complete genome.",0,0,0,0,0
NC_077184,NC_077184.1,,Avonheates virus SG_479,2023,"MAG: Avonheates virus SG_479, complete genome.",0,0,0,1,1
NC_077183,NC_077183.1,,Avonheates virus SG_154,2023,"MAG: Avonheates virus SG_154, complete genome.",0,0,0,1,1
NC_077182,NC_077182.1,,Avonheates virus SG_146,2023,"MAG: Avonheates virus SG_146, complete genome.",0,0,0,1,1
NC_077181,NC_077181.1,,Avonheates virus SG_120,2023,"MAG: Avonheates virus SG_120, complete genome.",0,0,0,1,1
NC_077180,NC_077180.1,,Avonheates virus SG_61,2023,"MAG: Avonheates virus SG_61, complete genome.",0,0,0,1,1
NC_077179,NC_077179.1,,Avonheates virus SG_28,2023,"MAG: Avonheates virus SG_28, complete genome.",0,0,0,1,1
NC_077178,NC_077178.1,,Avonheates virus SG_19,2023,"MAG: Avonheates virus SG_19, complete genome.",0,0,0,1,1
NC_077177,NC_077177.1,,Avonheates virus SG_924,2023,"MAG: Avonheates virus SG_924, complete genome.",0,0,0,1,1
NC_077176,NC_077176.1,,Avonheates virus SG_4_10,2023,"MAG: Avonheates virus SG_4_10, complete genome.",0,0,0,1,1
NC_077175,NC_077175.1,,Avonheates virus Gas_1078,2023,"MAG: Avonheates virus Gas_1078, complete genome.",0,0,0,1,1
NC_077174,NC_077174.1,,Fusarium oxysporum mymonavirus 1,2023,"Fusarium oxysporum mymonavirus 1 isolate LJ3-3, complete genome.",0,0,0,0,0
NC_077173,NC_077173.1,,Wufeng Myotis altarium vesiculovirus 1,2023,"Wufeng Myotis altarium vesiculovirus 1 isolate WFB_YunShu, complete genome.",0,0,0,0,0
NC_077172,NC_077172.1,,Wenzhou Myotis laniger tupavirus 1,2023,"Wenzhou Myotis laniger tupavirus 1 isolate YJB_HuaNan, complete genome.",0,0,0,0,0
NC_077171,NC_077171.1,,Wenzhou Rhinolophus pusillus ledantevirus 1,2023,"Wenzhou Rhinolophus pusillus ledantevirus 1 isolate YJB_DanJiao, complete genome.",0,0,0,0,0
NC_077170,NC_077170.1,,Erysiphe necator associated ourmia-like virus 21,2023,"Erysiphe necator associated ourmia-like virus 21 isolate RDPM33, complete genome.",0,0,0,0,0
NC_077169,NC_077169.1,,Eumops bonariensis associated circovirus 1,2023,"Eumops bonariensis associated circovirus 1 strain MAVG-08, complete genome.",0,0,0,1,1
NC_077168,NC_077168.1,,Eumops bonariensis associated cyclovirus 1,2023,"Eumops bonariensis associated cyclovirus 1 strain MAVG-03, complete genome.",0,0,0,1,1
NC_077167,NC_077167.1,,Tadarida brasiliensis associated cyclovirus 1,2023,"Tadarida brasiliensis associated cyclovirus 1 strain MAVG-02, complete genome.",0,0,0,1,1
NC_077166,NC_077166.1,,Bat associated cyclovirus 17,2023,"Bat associated cyclovirus 17 strain MAVG-01, complete genome.",0,0,0,1,1
NC_077165,NC_077165.1,,Chinaberry tree badnavirus 1,2023,"Chinaberry tree badnavirus 1 strain Zhejiang, complete genome.",0,0,0,0,0
NC_077164,NC_077164.1,,Aksy-Durug Melophagus sigmavirus,2023,"Aksy-Durug Melophagus sigmavirus strain 13577, complete genome.",0,0,0,0,0
NC_077163,NC_077163.1,,Erthesina fullo arlivirus 1,2023,"Erthesina fullo arlivirus 1 isolate nbu, complete genome.",0,0,0,0,0
NC_077162,NC_077162.1,,Musa ornata-associated banmivirus,2023,"Musa ornata associated banmivirus, complete genome.",0,0,0,0,0
NC_077159,NC_077159.1,,Varidnaviria sp.,2023,"Varidnaviria sp. strain SkuldV1, complete genome.",0,0,0,0,0
NC_077155,NC_077155.1,,Erannis ankeraria nucleopolyhedrovirus,2023,"Erannis ankeraria nucleopolyhedrovirus, complete genome.",0,0,0,0,0
NC_077153,NC_077153.1,,Porcine ephemerovirus 1,2023,"Porcine ephemerovirus 1 isolate HeN10, complete genome.",0,0,0,0,0
NC_077152,NC_077152.1,,Hogweed virus 4,2023,"Hogweed virus 4 isolate HV4, complete genome.",0,0,0,0,0
NC_077151,NC_077151.1,,Cnidium virus 1,2023,"Cnidium virus 1 isolate SK, complete genome.",0,0,0,0,0
NC_077150,NC_077150.1,,Fusarium asiaticum negative-stranded RNA virus 1,2023,"Fusarium asiaticum negative-stranded RNA virus 1 strain SZ-160, complete genome.",0,0,0,0,0
NC_077149,NC_077149.1,,Apis rhabdovirus 3,2023,"MAG: Apis rhabdovirus 3 isolate Sichuan/2019, complete genome.",0,0,0,1,1
NC_077148,NC_077148.1,,Newlavirus,2023,"Newlavirus strain FX25, complete genome.",0,0,0,0,0
NC_077147,NC_077147.1,,Olene mendosa nucleopolyhedrovirus,2023,"Olene mendosa nucleopolyhedrovirus isolate 435, complete genome.",0,0,0,0,0
NC_077145,NC_077145.1,,WigFec circovirus 2,2023,"WigFec circovirus 2 isolate VBirdW3_629, complete genome.",0,0,0,0,0
NC_077144,NC_077144.1,,WigFec circovirus 1,2023,"WigFec circovirus 1 isolate TBirdK19_657, complete genome.",0,0,0,0,0
NC_077142,NC_077142.1,,Mongoose-associated cyclovirus,2023,"Mongoose-associated cyclovirus strain Mon-20, complete genome.",0,0,0,0,0
NC_077141,NC_077141.1,,Mongoose-associated cyclovirus,2023,"Mongoose-associated cyclovirus strain Mon-32, complete genome.",0,0,0,0,0
NC_077140,NC_077140.1,,Mongoose-associated circovirus,2023,"Mongoose-associated circovirus strain Mon-1, complete genome.",0,0,0,0,0
NC_077139,NC_077139.1,,Psittacine parvovirus 1,2023,"Psittacine parvovirus 1 strain PsPV1/S10/AUS, complete genome.",0,0,0,1,1
NC_077137,NC_077137.1,,robinz virus RP_1170,2023,"Robinz virus RP_1170, complete genome.",0,0,0,0,0
NC_077136,NC_077136.1,,robinz virus RP_736,2023,"Robinz virus RP_736, complete genome.",0,0,0,0,0
NC_077135,NC_077135.1,,robinz virus RP_620,2023,"Robinz virus RP_620, complete genome.",0,0,0,0,0
NC_077134,NC_077134.1,,robinz virus RP_584,2023,"Robinz virus RP_584, complete genome.",0,0,0,0,0
NC_077133,NC_077133.1,,robinz virus RP_526,2023,"Robinz virus RP_526, complete genome.",0,0,0,0,0
NC_077132,NC_077132.1,,robinz virus RP_493,2023,"Robinz virus RP_493, complete genome.",0,0,0,0,0
NC_077131,NC_077131.1,,robinz virus RP_259,2023,"Robinz virus RP_259, complete genome.",0,0,0,0,0
NC_077130,NC_077130.1,,Longquan Niviventer coninga ledantevirus 1,2023,"Longquan Niviventer coninga ledantevirus 1, complete genome.",0,0,0,0,0
NC_077129,NC_077129.1,,Wufeng Rhinolophus pearsonii tupavirus 1,2023,"Wufeng Rhinolophus pearsonii tupavirus 1, complete genome.",0,0,0,0,0
NC_077128,NC_077128.1,,Fushun ischnura senegalensis lispivirus 1,2023,"MAG: Fushun ischnura senegalensis lispivirus 1 isolate QWXCFS47, complete genome.",0,0,0,1,1
NC_077127,NC_077127.1,,Sanya nyamivirus 1,2023,"MAG: Sanya nyamivirus 1 isolate QCYXYSY225, complete genome.",0,0,0,1,1
NC_077126,NC_077126.1,,Guiyang lispivirus 2,2023,"MAG: Guiyang lispivirus 2 isolate YZZGZ272518, complete genome.",0,0,0,1,1
NC_077125,NC_077125.1,,Guiyang lispivirus 1,2023,"MAG: Guiyang lispivirus 1 isolate YZZGZ270108, complete genome.",0,0,0,1,1
NC_077124,NC_077124.1,,Hangzhou cletus punctiger lispivirus 1,2023,"MAG: Hangzhou cletus punctiger lispivirus 1 isolate DJCFY60, complete genome.",0,0,0,1,1
NC_077123,NC_077123.1,,Frankliniella intonsa rhabdovirus 1,2023,"MAG: Hangzhou frankliniella intonsa rhabdovirus 1 isolate JM1FY86115, complete genome.",0,0,0,1,1
NC_077122,NC_077122.1,,Hangzhou acrida cinerea lispivirus 1,2023,"MAG: Hangzhou acrida cinerea lispivirus 1 isolate JJHFY165488, complete genome.",0,0,0,1,1
NC_077121,NC_077121.1,,Hangzhou eysarcoris guttigerus lispivirus 1,2023,"MAG: Hangzhou eysarcoris guttigerus lispivirus 1 isolate EXCFY90561, complete genome.",0,0,0,1,1
NC_077120,NC_077120.1,,Hangzhou scotinophara lurida lispivirus 1,2023,"MAG: Hangzhou scotinophara lurida lispivirus 1 isolate DHCFY129100, complete genome.",0,0,0,1,1
NC_077118,NC_077118.1,,Scorzonera virus A,2023,"Scorzonera virus A isolate SK, complete genome.",0,0,0,0,0
NC_077115,NC_077115.1,,Equine circovirus 1,2023,"Equine circovirus 1 strain Charaf, complete genome.",0,0,0,0,0
NC_077112,NC_077112.1,,Equine protoparvovirus,2023,"Equine protoparvovirus isolate EqPV-P4619, complete genome.",0,0,0,0,0
NC_077109,NC_077109.1,,Wolvfec circovius,2023,"Wolvfec circovius isolate Circo38, complete genome.",0,0,0,0,0
NC_077108,NC_077108.1,,Metaplexis yellow mottle-associated virus,2023,"Metaplexis yellow mottle-associated virus isolate LM-Cau-A, complete genome.",0,0,0,0,0
NC_077106,NC_077106.1,,Trabala vishnou gigantina nucleopolyhedrovirus,2023,"Trabala vishnou gigantina nucleopolyhedrovirus, complete genome.",0,0,0,0,0
NC_077105,NC_077105.1,,Actinidia cytorhabdovirus JS27,2023,"Actinidia cytorhabdovirus JS27, complete genome.",0,0,0,0,0
NC_077104,NC_077104.1,,Marigold mosaic virus,2023,"Marigold mosaic virus isolate BJ, complete genome.",0,0,0,0,0
NC_077103,NC_077103.1,,Camellia virus A,2023,"Camellia virus A, complete genome.",0,0,0,0,0
NC_077102,NC_077102.1,,Armillaria mellea ourmia-like virus 2,2023,"Armillaria mellea ourmia-like virus 2 strain CMW3973, complete genome.",0,0,0,0,0
NC_077101,NC_077101.1,,Armillaria mellea ourmia-like virus 1,2023,"Armillaria mellea ourmia-like virus 1 strain CMW50256, complete genome.",0,0,0,0,0
NC_077100,NC_077100.1,,Armillaria mellea negative-stranded RNA virus 1,2023,"Armillaria mellea negative strand RNA virus 1 strain CMW3973, complete genome.",0,0,0,0,0
NC_077097,NC_077097.1,,Duck-associated ambidensovirus 1,2023,"Duck-associated ambidensovirus 1 strain BE8, complete genome.",0,0,0,0,0
NC_077096,NC_077096.1,,Agapanthus carlavirus B,2023,"Agapanthus carlavirus B strain Stellenbosch, complete genome.",0,0,0,0,0
NC_077089,NC_077089.1,,Magnaporthe oryzae botourmiavirus 9,2023,"Magnaporthe oryzae botourmiavirus 9 strain SH05, complete genome.",0,0,0,0,0
NC_077087,NC_077087.1,,Labrador amdoparvovirus 1,2023,"Labrador amdoparvovirus 1 strain MART4, complete genome.",0,0,0,0,0
NC_077086,NC_077086.1,,Bat associated cyclovirus,2023,"Bat associated cyclovirus isolate Vr1, complete genome.",0,0,0,0,0
NC_077085,NC_077085.1,,Bat associated cyclovirus,2023,"Bat associated cyclovirus isolate Cg1, complete genome.",0,0,0,0,0
NC_077084,NC_077084.1,,Sweetbriar rose curly top-associated virus,2023,"Sweetbriar rose curly top-associated virus isolate Simons Hill, complete genome.",0,0,0,0,0
NC_077083,NC_077083.1,,Bat associated densovirus,2023,"Bat associated densovirus isolate BatDV/RD, complete genome.",0,0,0,0,0
NC_077082,NC_077082.1,,Bat associated densovirus,2023,"Bat associated densovirus isolate BatDV/JR, complete genome.",0,0,0,0,0
NC_077081,NC_077081.1,,Bat associated densovirus,2023,"Bat associated densovirus isolate BatDV/WD, complete genome.",0,0,0,0,0
NC_077080,NC_077080.1,,Bat associated densovirus,2023,"Bat associated densovirus isolate BatDV/CA, complete genome.",0,0,0,0,0
NC_077079,NC_077079.1,,Bat associated densovirus,2023,"Bat associated densovirus isolate BatDV/TB, complete genome.",0,0,0,0,0
NC_077078,NC_077078.1,,Caesalpinia ferrea associated virus,2023,"Caesalpinia ferrea associated virus isolate RDF_368_FM LVV 07, complete genome.",0,0,0,0,0
NC_077076,NC_077076.1,,Sonfela circovirus 2,2023,"Sonfela circovirus 2 isolate ICG_37-S_UoA15, complete genome.",0,0,0,0,0
NC_077075,NC_077075.1,,Sonfela circovirus 1,2023,"Sonfela circovirus 1 isolate ICG_35-S_UoA14, complete genome.",0,0,0,0,0
NC_077070,NC_077070.1,,Agapanthus tungrovirus,2023,"Agapanthus tungrovirus isolate 19-3001, complete genome.",0,0,0,0,0
NC_077069,NC_077069.1,,Broome densovirus 1,2023,"Broome densovirus 1 isolate BDV1/pool-1, complete genome.",0,0,0,0,0
NC_077068,NC_077068.1,,Rose virus B,2023,"Rose virus B isolate R12, complete genome.",0,0,0,0,0
NC_077065,NC_077065.1,,Clinch densovirus 1,2023,"Clinch densovirus 1 isolate CDnsV1/C47/2018, complete genome.",0,0,0,0,0
NC_077056,NC_077056.1,,Camellia ringspot associated virus 4,2023,"Camellia ringspot associated virus 4 isolate Adolphe Audusson, complete genome.",0,0,0,0,0
NC_077052,NC_077052.1,,Aconite virus A,2023,"Aconite virus A strain HB, complete genome.",0,0,0,0,0
NC_077048,NC_077048.1,,Sorghum almum marafivirus,2023,"Sorghum almum marafivirus isolate SA-FL1, complete genome.",0,0,0,0,0
NC_077047,NC_077047.1,,Kenyan potato cytorhabdovirus,2023,"Kenyan potato cytorhabdovirus isolate 18-1062, complete genome.",0,0,0,0,0
NC_077046,NC_077046.1,,Magnaporthe oryzae botourmiavirus 5,2023,"Magnaporthe oryzae botourmiavirus 5, complete genome.",0,0,0,0,0
NC_077040,NC_077040.1,,Grapevine foveavirus A,2023,"Grapevine foveavirus A, complete genome.",0,0,0,0,0
NC_077034,NC_077034.1,,Werosea cyclovirus,2023,"Werosea cyclovirus isolate 48, complete genome.",0,0,0,0,0
NC_077031,NC_077031.1,,Ursus americanus parvovirus,2023,"Ursus americanus chapparvovirus isolate UaChV/Reno/2014, complete genome.",0,0,0,1,1
NC_077029,NC_077029.1,,Ambidensovirus_Croatia_17_S17,2023,"Ambidensovirus Croatia 17_S17, complete genome.",0,0,0,1,1
NC_077024,NC_077024.1,,Dongyang pangolin virus,2023,"Dongyang pangolin virus isolate DYAJ1, complete genome.",0,0,0,0,0
NC_076993,NC_076993.1,,Lokiarchaeia virus SkuldV3,2023,"TPA: Lokiarchaeia virus SkuldV3, complete genome.",0,0,0,1,1
NC_076968,NC_076968.1,,Macropodid alphaherpesvirus 4,2023,"Macropodid alphaherpesvirus 4 strain V3116/09, complete genome.",0,0,0,0,0
NC_076951,NC_076951.1,,Belerina virus,2023,"Belerina virus isolate HH114, complete genome.",0,0,0,0,0
NC_076946,NC_076946.1,,Carcinus maenas nudivirus,2023,"Carcinus maenas nudivirus isolate AN2, complete genome.",0,0,0,0,0
NC_076945,NC_076945.1,,Crangon crangon nudivirus,2023,"Crangon crangon nudivirus isolate AN1, complete genome.",0,0,0,0,0
NC_076944,NC_076944.1,,Anisopteromalus calandrae negative-strand RNA virus 2,2023,"Anisopteromalus calandrae negative-strand RNA virus 2, complete genome.",0,0,0,0,0
NC_076943,NC_076943.1,,Anisopteromalus calandrae negative-strand RNA virus 1,2023,"Anisopteromalus calandrae negative-strand RNA virus 1, complete genome.",0,0,0,0,0
NC_076942,NC_076942.1,,Torque teno equus virus 2,2023,"Torque teno equus virus 2 strain Alberta/2018, complete genome.",0,0,0,0,0
NC_076941,NC_076941.1,,Ruloma virus,2023,"Ruloma virus isolate TA502, complete genome.",0,0,0,0,0
NC_076939,NC_076939.1,,Mediterranean bat virus,2023,"Mediterranean bat virus isolate A09181, complete genome.",0,0,0,0,0
NC_076917,NC_076917.1,,Soybean carlavirus 1,2023,"Soybean carlavirus 1 strain SCV1-IL, complete genome.",0,0,0,0,0
NC_076914,NC_076914.1,,Chrysanthemum yellow dwarf virus,2023,"Chrysanthemum yellow dwarf virus isolate cq, complete genome.",0,0,0,0,0
NC_076913,NC_076913.1,,Joa yellow blotch virus,2023,"Joa yellow blotch virus isolate Manaus, complete genome.",0,0,0,0,0
NC_076909,NC_076909.1,,Rose virus R,2023,"Rose virus R isolate MDR92016, complete genome.",0,0,0,0,0
NC_076908,NC_076908.1,,Macrobrachium rosenbergii Golda virus,2023,"Macrobrachium rosenbergii Golda virus isolate LH1-2018, complete genome.",0,0,0,0,0
NC_076907,NC_076907.1,,Picoa juniperi yado-kari virus 1,2023,"Picoa juniperi yado-kari virus 1 isolate ANK_VIR-91, complete genome.",0,0,0,0,0
NC_076905,NC_076905.1,,Matsumuraeses phaseoli granulovirus,2023,"Matsumuraeses phaseoli granulovirus strain IOZ01, complete genome.",0,0,0,0,0
NC_076904,NC_076904.1,,Pennisetum alopecuroides mosaic virus,2023,"Pennisetum alopecuroides mosaic potyvirus, complete genome.",0,0,0,0,0
NC_076903,NC_076903.1,,Botryosphaeria dothidea mitovirus 1,2023,"Botryosphaeria dothidea mitovirus 1 isolate HNLJ-1, complete genome.",0,0,0,0,0
NC_076902,NC_076902.1,,Achyranthes virus A,2023,"Achyranthes virus A isolate SK, complete genome.",0,0,0,0,0
NC_076901,NC_076901.1,,Fusarium andiyazi mitovirus 1,2023,"Fusarium andiyazi mitovirus 1 isolate Fa162-ARG, complete genome.",0,0,0,0,0
NC_076900,NC_076900.1,,Fusarium verticillioides mitovirus 1,2023,"Fusarium verticillioides mitovirus 1 isolate Fv505-ARG, complete genome.",0,0,0,0,0
NC_076899,NC_076899.1,,Bondarzewia berkeleyi negative-strand RNA virus 1,2023,"Bondarzewia berkeleyi negative-strand RNA virus 1 isolate FD-104, complete genome.",0,0,0,0,0
NC_076898,NC_076898.1,,Cucurbit cytorhabdovirus 1,2023,"Cucurbit cytorhabdovirus 1 isolate ND4, complete genome.",0,0,0,0,0
NC_076897,NC_076897.1,,Cryphonectria parasitica sclerotimonavirus 1,2023,"Cryphonectria parasitica sclerotimonavirus 1 strain ACP28, complete genome.",0,0,0,0,0
NC_076896,NC_076896.1,,Lettuce star mosaic virus,2023,"Lettuce star mosaic virus isolate JG1-B, complete genome.",0,0,0,0,0
NC_076894,NC_076894.1,,Giardia-associated CRESS DNA virus 4,2023,"Giardia-associated CRESS DNA virus 4 isolate 84-AMS-01, complete genome.",0,0,0,1,1
NC_076893,NC_076893.1,,Giardia-associated CRESS DNA virus 2,2023,"Giardia-associated CRESS DNA virus 2 isolate 84-AMS-02, complete genome.",0,0,0,1,1
NC_076892,NC_076892.1,,Giardia-associated CRESS DNA virus 2,2023,"Giardia-associated CRESS DNA virus 2 isolate 84-AMS-01, complete genome.",0,0,0,1,1
NC_076891,NC_076891.1,,Giardia-associated CRESS DNA virus 1,2023,"Giardia-associated CRESS DNA virus 1 isolate 84-AMS-01, complete genome.",0,0,0,1,1
NC_076890,NC_076890.1,,Entamoeba-associated CRESS DNA virus 4,2023,"Entamoeba-associated CRESS DNA virus 4 isolate 84-AMS-01, complete genome.",0,0,0,1,1
NC_076889,NC_076889.1,,Entamoeba-associated CRESS DNA virus 3,2023,"Entamoeba-associated CRESS DNA virus 3 isolate 84-AMS-01, complete genome.",0,0,0,1,1
NC_076888,NC_076888.1,,Entamoeba-associated CRESS DNA virus 2,2023,"Entamoeba-associated CRESS DNA virus 2 isolate 84-AMS-01, complete genome.",0,0,0,1,1
NC_076887,NC_076887.1,,Entamoeba-associated CRESS DNA virus 1,2023,"Entamoeba-associated CRESS DNA virus 1 isolate 84-AMS-03, complete genome.",0,0,0,1,1
NC_076886,NC_076886.1,,Entamoeba-associated CRESS DNA virus 1,2023,"Entamoeba-associated CRESS DNA virus 1 isolate 84-AMS-01, complete genome.",0,0,0,1,1
NC_076885,NC_076885.1,,Chestnut mosaic virus,2023,"Chestnut mosaic virus isolate FRlc1224A, complete genome.",1,0,0,0,0
NC_076883,NC_076883.1,,Mirabilis crinkle mosaic virus,2023,"Mirabilis crinkle mosaic virus isolate MJ, complete genome.",0,0,0,0,0
NC_076882,NC_076882.1,,Auricularia heimuer fusarivirus 1,2023,"Auricularia heimuer fusarivirus 1 isolate CCMJ1296, complete genome.",0,0,0,0,0
NC_076881,NC_076881.1,,Diaporthe rudis mitovirus 1,2023,"Diaporthe rudis mitovirus 1, complete genome.",0,0,0,0,0
NC_076873,NC_076873.1,,Cherry virus T,2023,"Cherry virus T isolate 2/15a, complete genome.",0,0,0,0,0
NC_076865,NC_076865.1,,Rubus virus 1,2023,"Rubus virus 1 isolate E23, complete genome.",0,0,0,0,0
NC_076864,NC_076864.1,,paper mulberry mosaic associated virus,2023,"Paper mulberry mosaic-associated virus isolate SWU, complete genome.",0,0,0,0,0
NC_076863,NC_076863.1,,Ashitaba mosaic virus,2023,"Ashitaba mosaic virus isolate AshMV-AA, complete genome.",0,0,0,0,0
NC_076862,NC_076862.1,,Solanum melongena rhabdo-like virus,2023,"Solanum melongena rhabdo-like virus strain pt065-rha-4, complete genome.",0,0,0,0,0
NC_076851,NC_076851.1,,Botrytis cinerea fusarivirus 7,2023,"Botrytis cinerea fusarivirus 7 isolate BCS13_13, complete genome.",0,0,0,0,0
NC_076850,NC_076850.1,,Botrytis cinerea fusarivirus 5,2023,"Botrytis cinerea fusarivirus 5 isolate BCS3_DN2128, complete genome.",0,0,0,0,0
NC_076849,NC_076849.1,,Botrytis cinerea fusarivirus 4,2023,"Botrytis cinerea fusarivirus 4 isolate BCI12_DN9205, complete genome.",0,0,0,0,0
NC_076848,NC_076848.1,,Botrytis cinerea fusarivirus 3,2023,"Botrytis cinerea fusarivirus 3 isolate BCS15_DN2871, complete genome.",0,0,0,0,0
NC_076847,NC_076847.1,,Botrytis cinerea hypovirus 4,2023,"Botrytis cinerea hypovirus 4 isolate BCS17_DN134, complete genome.",0,0,0,0,0
NC_076846,NC_076846.1,,Botrytis cinerea hypovirus 2,2023,"Botrytis cinerea hypovirus 2 isolate BCS3_DN9124, complete genome.",0,0,0,0,0
NC_076845,NC_076845.1,,Botrytis cinerea negative-stranded RNA virus 5,2023,"Botrytis cinerea negative-stranded RNA virus 5 isolate BCS15_DN100, complete genome.",0,0,0,0,0
NC_076844,NC_076844.1,,Botrytis cinerea negative-stranded RNA virus 4,2023,"Botrytis cinerea negative-stranded RNA virus 4 isolate BCS12_DN161, complete genome.",0,0,0,0,0
NC_076843,NC_076843.1,,Botrytis cinerea negative-stranded RNA virus 3,2023,"Botrytis cinerea negative-stranded RNA virus 3 isolate BCS11_19, complete genome.",0,0,0,0,0
NC_076842,NC_076842.1,,Yinshui bat virus,2023,"Yinshui bat virus isolate 1017, complete genome.",0,0,0,0,0
NC_076841,NC_076841.1,,Taiyi bat virus,2023,"Taiyi bat virus isolate 958, complete genome.",0,0,0,0,0
NC_076840,NC_076840.1,,Botrytis cinerea ourmia-like virus 17,2023,"Botrytis cinerea ourmia-like virus 17 isolate BCI2_DN5291, complete genome.",0,0,0,0,0
NC_076839,NC_076839.1,,Botrytis cinerea ourmia-like virus 16,2023,"Botrytis cinerea ourmia-like virus 16 isolate BCS12_1, complete genome.",0,0,0,0,0
NC_076838,NC_076838.1,,Botrytis cinerea ourmia-like virus 15,2023,"Botrytis cinerea ourmia-like virus 15 isolate BCS2_DN470, complete genome.",0,0,0,0,0
NC_076837,NC_076837.1,,Botrytis cinerea ourmia-like virus 14,2023,"Botrytis cinerea ourmia-like virus 14 isolate BCS15_DN11704, complete genome.",0,0,0,0,0
NC_076836,NC_076836.1,,Botrytis cinerea ourmia-like virus 13,2023,"Botrytis cinerea ourmia-like virus 13 isolate BCS2_15, complete genome.",0,0,0,0,0
NC_076835,NC_076835.1,,Botrytis cinerea ourmia-like virus 12,2023,"Botrytis cinerea ourmia-like virus 12 isolate BCI10_DN3618, complete genome.",0,0,0,0,0
NC_076834,NC_076834.1,,Botrytis cinerea ourmia-like virus 11,2023,"Botrytis cinerea ourmia-like virus 11 isolate BCI7_DN2190, complete genome.",0,0,0,0,0
NC_076833,NC_076833.1,,Botrytis cinerea ourmia-like virus 10,2023,"Botrytis cinerea ourmia-like virus 10 isolate BCS1_DN3465, complete genome.",0,0,0,0,0
NC_076832,NC_076832.1,,Botrytis cinerea ourmia-like virus 7,2023,"Botrytis cinerea ourmia-like virus 7 isolate BCS14_DN363, complete genome.",0,0,0,0,0
NC_076831,NC_076831.1,,Botrytis cinerea ourmia-like virus 6,2023,"Botrytis cinerea ourmia-like virus 6 isolate BCS1_DN27, complete genome.",0,0,0,0,0
NC_076830,NC_076830.1,,Botrytis cinerea ourmia-like virus 5,2023,"Botrytis cinerea ourmia-like virus 5 isolate BCI5_DN19, complete genome.",0,0,0,0,0
NC_076829,NC_076829.1,,Botrytis cinerea ourmia-like virus 4,2023,"Botrytis cinerea ourmia-like virus 4 isolate BCI10_DN4356, complete genome.",0,0,0,0,0
NC_076828,NC_076828.1,,Botrytis cinerea ourmia-like virus 3,2023,"Botrytis cinerea ourmia-like virus 3 isolate BCS8_TRINITY_DN11, complete genome.",0,0,0,0,0
NC_076827,NC_076827.1,,Botrytis cinerea ourmia-like virus 2,2023,"Botrytis cinerea ourmia-like virus 2 isolate BCS12_DN83, complete genome.",0,0,0,0,0
NC_076826,NC_076826.1,,Botrytis cinerea ourmia-like virus 1,2023,"Botrytis cinerea ourmia-like virus 1 isolate BCS12_DN83, complete genome.",0,0,0,0,0
NC_076823,NC_076823.1,,Botryosphaeria dothidea fusarivirus 1,2023,"Botryosphaeria dothidea fusarivirus 1 strain SDAU11-86, complete genome.",0,0,0,0,0
NC_076730,NC_076730.1,,Chicken virus mg5_2876,2023,"Chicken virus mg5_2876, complete genome.",0,0,0,0,0
NC_076729,NC_076729.1,,Fusarium sacchari hypovirus 1,2023,"Fusarium sacchari hypovirus 1 strain FZ06, complete genome.",0,0,0,0,0
NC_076726,NC_076726.1,,Fusarium oxysporum dianthi hypovirus 2,2023,"Fusarium oxysporum dianthi hypovirus 2, complete genome.",0,0,0,0,0
NC_076711,NC_076711.1,,Papaya mild mottle associated virus,2023,"Papaya mild mottle associated virus isolate KE-Kwa-02, complete genome.",0,0,0,0,0
NC_076710,NC_076710.1,,Cherry symptomless virus,2023,"Cherry symptomless virus, complete genome.",0,0,0,0,0
NC_076709,NC_076709.1,,Northern red-backed vole stool-associated circular virus 117,2023,"Northern red-backed vole stool-associated circular virus 117 isolate MR-117, complete genome.",0,0,0,1,1
NC_076708,NC_076708.1,,Northern red-backed vole stool-associated circular virus 116,2023,"Northern red-backed vole stool-associated circular virus 116 isolate MR-116, complete genome.",0,0,0,1,1
NC_076707,NC_076707.1,,Northern red-backed vole stool-associated circular virus 16,2023,"Northern red-backed vole stool-associated circular virus 16 isolate MR-16, complete genome.",0,0,0,1,1
NC_076706,NC_076706.1,,Northern red-backed vole stool-associated circular virus 11,2023,"Northern red-backed vole stool-associated circular virus 11 isolate MR-11, complete genome.",0,0,0,1,1
NC_076613,NC_076613.1,,Fusarium sambucinum hypovirus 1,2023,"Fusarium sambucinum hypovirus 1 Fs1837h genomic RNA, complete genome.",0,0,0,0,0
NC_076612,NC_076612.1,,Neurospora discreta fusarivirus 2,2023,"Neurospora discreta fusarivirus 2 NdFV2-W683 RNA, complete genome.",0,0,0,0,0
NC_076610,NC_076610.1,,Pleioblastus mosaic virus,2023,"Pleioblastus mosaic virus PleMV-J1 RNA, complete genome.",0,0,0,0,0
NC_076609,NC_076609.1,,Neurospora crassa fusarivirus 1,2023,"Neurospora crassa fusarivirus 1 JW60 RNA, complete genome.",0,0,0,0,0
NC_076534,NC_076534.1,,Anole lyssa-like virus 1,2023,"Anole lyssa-like virus 1 A.allogus/Cuba/2011 RNA, complete genome.",0,0,0,0,0
NC_076533,NC_076533.1,,Mexican black-tailed rattlesnake bornavirus,2023,"Mexican black-tailed rattlesnake bornavirus strain ADTM-12, complete genome.",0,0,0,0,0
NC_076532,NC_076532.1,,Bacopa monnieri virus 2,2023,"Bacopa monnieri virus 2 isolate India, complete genome.",0,0,0,0,0
NC_076531,NC_076531.1,,Bacopa monnieri virus 1,2023,"Bacopa monnieri virus 1 isolate India, complete genome.",0,0,0,0,0
NC_076495,NC_076495.1,,Yam asymptomatic virus 1,2023,"Yam asymptomatic virus 1 isolate VU567Da, complete genome.",0,0,0,0,0
NC_076492,NC_076492.1,,Auricularia heimuer negative-stranded RNA virus 1,2023,"Auricularia heimuer negative-stranded RNA virus 1 isolate CCMJ1222, complete genome.",0,0,0,0,0
NC_076486,NC_076486.1,,Bearded dragon adenovirus 1,2023,"Bearded dragon adenovirus 1 strain BD5H2, complete genome.",0,0,0,0,0
NC_076485,NC_076485.1,,Tomato leaf curl Kunene virus,2023,"Tomato leaf curl Kunene virus isolate Namibia-2019, complete genome.",0,0,0,0,0
NC_076484,NC_076484.1,,Lepus polyomavirus 1,2023,"Lepus polyomavirus 1 isolate Lag01_EL_poly, complete genome.",0,0,0,0,0
NC_076483,NC_076483.1,,Lepus torque teno virus 1,2023,"Lepus torque teno virus 1 isolate Lag01_EL_Anello4, complete genome.",0,0,0,0,0
NC_076482,NC_076482.1,,Smacoviridae sp.,2023,"MAG: Smacoviridae sp. isolate bpk075sma01, complete genome.",0,0,0,1,1
NC_076481,NC_076481.1,,Smacoviridae sp.,2023,"MAG: Smacoviridae sp. isolate blp210cre2, complete genome.",0,0,0,1,1
NC_076477,NC_076477.1,,Artemisia carvifolia genomoviridae,2023,"Artemisia carvifolia genomoviridae strain pt159-gen-10, complete genome.",0,0,0,0,0
NC_076476,NC_076476.1,,Zizania latifolia genomoviridae,2023,"Zizania latifolia genomoviridae strain pt081-gen-5, complete genome.",0,0,0,0,0
NC_076475,NC_076475.1,,Amygdalus persica genomoviridae,2023,"Amygdalus persica genomoviridae strain pt059-gen-3, complete genome.",0,0,0,0,0
NC_076474,NC_076474.1,,Oxalis corniculata genomoviridae,2023,"Oxalis corniculata genomoviridae strain pt015-gen-1, complete genome.",0,0,0,0,0
NC_076472,NC_076472.1,,Yerba mate virus A,2023,"Yerba mate virus A isolate Gob. Virasoro, complete genome.",0,0,0,0,0
NC_076471,NC_076471.1,,Sclerotinia sclerotiorum ourmia-like virus 4,2023,"Sclerotinia sclerotiorum ourmia-like virus 4 isolate SsOLV4/2010, complete genome.",0,0,0,0,0
NC_076470,NC_076470.1,,Citrus Tunisia genomovirus 2,2023,"Citrus Tunisia genomovirus 2 isolate CTGV/2/TUN/2015, complete genome.",0,0,0,0,0
NC_076469,NC_076469.1,,Citrus Tunisia genomovirus 1b,2023,"Citrus Tunisia genomovirus 1b isolate CTGV/1b/TUN/2015, complete genome.",0,0,0,0,0
NC_076465,NC_076465.1,,Paper mulberry leaf curling associated virus 2,2023,"Paper mulberry leaf curling associated virus 2 isolate SWU, complete genome.",0,0,0,0,0
NC_076464,NC_076464.1,,Paper mulberry leaf curling associated virus 1,2023,"Paper mulberry leaf curling associated virus 1 isolate SWU, complete genome.",0,0,0,0,0
NC_076448,NC_076448.1,,Peach virus 1,2023,"Peach virus 1 isolate NSTT, complete genome.",0,0,0,0,0
NC_076447,NC_076447.1,,Phoma matteucciicola ourmia-like virus 1,2023,"Phoma matteucciicola ourmia-like virus 1 isolate LG915-1, complete genome.",0,0,0,0,0
NC_076446,NC_076446.1,,Feline chaphamaparvovirus,2023,"Feline chaphamaparvovirus isolate IDEXX-1, complete genome.",0,0,0,0,0
NC_076444,NC_076444.1,,Chicken smacovirus mg7_67,2023,"Chicken smacovirus mg7_67, complete genome.",0,0,0,0,0
NC_076443,NC_076443.1,,Chicken smacovirus mg5_1212,2023,"Chicken smacovirus mg5_1212, complete genome.",0,0,0,0,0
NC_076442,NC_076442.1,,Chicken smacovirus mg5_1081,2023,"Chicken smacovirus mg5_1081, complete genome.",0,0,0,0,0
NC_076441,NC_076441.1,,Chicken smacovirus mg4_964,2023,"Chicken smacovirus mg4_964, complete genome.",0,0,0,0,0
NC_076440,NC_076440.1,,Chicken smacovirus mg4_885,2023,"Chicken smacovirus mg4_885, complete genome.",0,0,0,0,0
NC_076439,NC_076439.1,,Chicken smacovirus mg4_881,2023,"Chicken smacovirus mg4_881, complete genome.",0,0,0,0,0
NC_076438,NC_076438.1,,Chicken genomovirus mg8_401,2023,"Chicken genomovirus mg8_401, complete genome.",0,0,0,0,0
NC_076437,NC_076437.1,,Chicken genomovirus mg7_78,2023,"Chicken genomovirus mg7_78, complete genome.",0,0,0,0,0
NC_076436,NC_076436.1,,Chicken genomovirus mg7_73,2023,"Chicken genomovirus mg7_73, complete genome.",0,0,0,0,0
NC_076435,NC_076435.1,,Chicken genomovirus mg4_1247,2023,"Chicken genomovirus mg4_1247, complete genome.",0,0,0,0,0
NC_076434,NC_076434.1,,Chicken genomovirus mg4_1218,2023,"Chicken genomovirus mg4_1218, complete genome.",0,0,0,0,0
NC_076433,NC_076433.1,,Chicken genomovirus mg4_1173,2023,"Chicken genomovirus mg4_1173, complete genome.",0,0,0,0,0
NC_076432,NC_076432.1,,Chicken genomovirus mg4_1165,2023,"Chicken genomovirus mg4_1165, complete genome.",0,0,0,0,0
NC_076431,NC_076431.1,,Ursus americanus circovirus,2023,"Ursus americanus circovirus isolate UaCV/Reno/2014, complete genome.",0,0,0,0,0
NC_076430,NC_076430.1,,Cardamom vein clearing nucleorhabdovirus 1,2023,"Cardamom vein clearing nucleorhabdovirus 1, complete genome.",0,0,0,0,0
NC_076429,NC_076429.1,,Capuchin kidney parvovirus,2023,"Capuchin kidney parvovirus isolate Cc_AM_T3, complete genome.",0,0,0,0,0
NC_076427,NC_076427.1,,Hancheng leafhopper mivirus,2023,"Hancheng leafhopper mivirus, complete genome.",0,0,0,0,0
NC_076417,NC_076417.1,,Chinese fire belly newt virus 1,2023,"Chinese fire belly newt virus 1, complete genome.",0,0,0,0,0
NC_076415,NC_076415.1,,Blanchseco virus,2023,"Blanchseco virus isolate TTP-Pool-17, complete genome.",0,0,0,0,0
NC_076411,NC_076411.1,,Chusan Island toad virus 1,2023,"Chusan Island toad virus 1, complete genome.",0,0,0,0,0
NC_076399,NC_076399.1,,Northern red-backed vole stool-associated gemycircularvirus 110,2023,"Northern red-backed vole stool-associated gemycircularvirus 110 isolate MR-110, complete genome.",0,0,0,1,1
NC_076395,NC_076395.1,,Rodent deltavirus,2023,"Rodent deltavirus isolate 1481, complete genome.",0,0,0,0,0
NC_076349,NC_076349.1,,Green Sichuan pepper vein clearing-associated virus,2023,"Green Sichuan pepper vein clearing-associated virus isolate CQ-1, complete genome.",0,0,0,0,0
NC_076244,NC_076244.1,,Green Sichuan pepper nucleorhabdovirus,2023,"Green Sichuan pepper nucleorhabdovirus isolate ZPNu1, complete genome.",0,0,0,0,0
NC_076022,NC_076022.1,,Asian grey shrew hepatitis B virus,2023,"Asian grey shrew hepatitis B virus isolate DL70, complete genome.",0,0,0,0,0
NC_075992,NC_075992.1,,anativirus B1,2023,"Anativirus B1, complete genome.",0,0,0,0,0
NC_075445,NC_075445.1,,grusopivirus C1,2023,"Grusopivirus C1 isolate LoPV-1, complete genome.",0,0,0,0,0
NC_075284,NC_075284.1,,Valinorvirus eriador,2023,"Valinorvirus eriador clone CG171, complete genome.",0,0,0,0,0
NC_075283,NC_075283.1,,Valinorvirus arda,2023,"UNVERIFIED: Valinorvirus arda clone CG170, complete genome.",0,0,0,0,0
NC_075282,NC_075282.1,,grusopivirus B1,2023,"Grusopivirus B1 isolate yc-6, complete genome.",0,0,0,0,0
NC_075281,NC_075281.1,,grusopivirus A1,2023,"Grusopivirus A1 isolate yc-5, complete genome.",0,0,0,0,0
NC_059682,NC_059682.1,,hepatitis D virus 2,2023,"Hepatitis D virus 2 strain TW2476, complete genome.",0,0,0,1,1
NC_059681,NC_059681.1,,hepatitis D virus 1,2023,"Hepatitis D virus 1 strain TW2667, complete genome.",0,0,0,1,1
NC_077220,NC_077220.1,,Ovine picornavirus,2023,"Ovine picornavirus genome assembly, complete genome: monopartite.",0,0,0,0,0
NC_077219,NC_077219.1,,giant squirrel virus,2023,"Giant squirrel respirovirus isolate GSqRV/LKA/2009 genome assembly, complete genome: monopartite.",0,0,0,0,0
NC_077092,NC_077092.1,,Acanthamoeba castellanii medusavirus,2023,"Acanthamoeba castellanii medusavirus strain stheno, complete genome.",0,0,0,0,0
NC_077051,NC_077051.1,,Ambidensovirus sp.,2023,"MAG: Ambidensovirus sp. isolate SAfia-838D, complete genome.",0,0,0,1,1
NC_077050,NC_077050.1,,Ambidensovirus sp.,2023,"MAG: Ambidensovirus sp. isolate SAfia-400D, complete genome.",0,0,0,1,1
NC_077038,NC_077038.1,,Bactericera trigonica densovirus,2023,"Bactericera trigonica densovirus, complete genome.",0,0,0,0,0
NC_077036,NC_077036.1,,uncultured densovirus,2023,"Uncultured densovirus clone AfDV, complete genome.",0,0,0,0,0
NC_077035,NC_077035.1,,Eqcopivirus EqCoPV_8,2023,"Eqcopivirus EqCoPV_8, complete genome.",0,0,0,0,0
NC_077030,NC_077030.1,,Werosea circovirus,2023,"Werosea circovirus isolate WCV/9, complete genome.",0,0,0,0,0
NC_077028,NC_077028.1,,Psittacid alphaherpesvirus 5,2023,"Psittacid herpesvirus 5 isolate 16-4047, complete genome.",0,0,0,0,0
NC_077027,NC_077027.1,,Loquat virus A,2023,"Loquat virus A, complete genome.",0,0,0,0,0
NC_077026,NC_077026.1,,Phocoena pestivirus,2023,"Phocoena pestivirus isolate NS170385, complete genome.",0,0,0,0,0
NC_077025,NC_077025.1,,Chrysodeixis includens nucleopolyhedrovirus,2023,"Chrysodeixis includens nucleopolyhedrovirus isolate ChinNPV-1, complete genome.",0,0,0,0,0
NC_077018,NC_077018.1,,Penaeus monodon metallodensovirus,2023,"Penaeus monodon metallodensovirus strain 2014CDN, complete genome.",0,0,0,0,0
NC_077017,NC_077017.1,,Naranjilla mild mosaic virus,2023,"Naranjilla mild mosaic virus isolate Nar-21, complete genome.",0,0,0,0,0
NC_077016,NC_077016.1,,Solenopsis invicta virus 6,2023,"Solenopsis invicta virus 6 isolate Formosa, complete genome.",0,0,0,0,0
NC_077014,NC_077014.1,,Yerba mate-associated circular DNA virus 1,2023,"Yerba mate-associated circular DNA virus 1 isolate Jardin America, complete genome.",0,0,0,0,0
NC_077008,NC_077008.1,,Naranjilla chlorotic mosaic virus,2023,"Naranjilla chlorotic mosaic virus isolate NarCMV, complete genome.",0,0,0,0,0
NC_077007,NC_077007.1,,Thladiantha dubia mosaic virus,2023,"Thladiantha dubia mosaic virus isolate Harbin-NEFU, complete genome.",0,0,0,0,0
NC_077005,NC_077005.1,,Anemone mosaic virus,2023,"Anemone mosaic virus NL genomic RNA, complete genome.",0,0,0,0,0
NC_077004,NC_077004.1,,Chaetoceros tenuissimus DNA virus SS12-43V,2023,"Chaetoceros tenuissimus DNA virus SS12-43V DNA, complete genome.",0,0,0,0,0
NC_076997,NC_076997.1,,Ornithogalum mosaic virus,2023,"Ornithogalum mosaic virus isolate Taean, complete genome.",0,0,0,0,0
NC_076995,NC_076995.1,,Canine bocavirus 3,2023,"Canine bocavirus 3 isolate UCD, complete genome.",0,0,0,0,0
NC_076967,NC_076967.1,,Colobine gammaherpesvirus 1,2023,"Colobine gammaherpesvirus 1, complete genome.",0,0,0,0,0
NC_076966,NC_076966.1,,Cacatuid alphaherpesvirus 2,2023,"Cacatuid alphaherpesvirus 2 isolate CaHV2/Melbourne/2015, complete genome.",0,0,0,0,0
NC_076965,NC_076965.1,,pteropodid alphaherpesvirus 2,2023,"Pteropus lylei-associated alphaherpesvirus DNA, complete genome.",0,0,0,0,0
NC_076964,NC_076964.1,,Equid herpesvirus 6,2023,"Equid herpesvirus 6 strain AsHV/Bari/2011/740, complete genome.",0,0,0,0,0
NC_076963,NC_076963.1,,macacine gammaherpesvirus 13,2023,"Macaca arctoides gammaherpesvirus 1, complete genome.",0,0,0,0,0
NC_076948,NC_076948.1,,Rubella virus,2023,"Rubella virus strain RVi/Bismarck.ND.USA/23.08/2B, complete genome.",0,0,0,0,0
NC_076938,NC_076938.1,,Matariya virus,2023,"Matariya virus isolate 09027EGY, complete genome.",0,0,0,0,0
NC_076937,NC_076937.1,,Burg el Arab virus,2023,"Burg el Arab virus isolate 09023EGY, complete genome.",0,0,0,0,0
NC_076936,NC_076936.1,,Ouango virus,2023,"Ouango virus isolate 9718RCA, complete genome.",0,0,0,0,0
NC_076935,NC_076935.1,,Kolongo virus,2023,"Kolongo virus isolate 9717RCA, complete genome.",0,0,0,0,0
NC_076934,NC_076934.1,,Bimbo virus,2023,"Bimbo virus isolate 9716RCA, complete genome.",0,0,0,0,0
NC_076933,NC_076933.1,,Nasoule virus,2023,"Nasoule virus isolate 0410RCA, complete genome.",0,0,0,0,0
NC_076932,NC_076932.1,,Sandjimba virus,2023,"Sandjimba virus isolate 0408RCA, complete genome.",0,0,0,0,0
NC_076931,NC_076931.1,,Boteke virus,2023,"Boteke virus isolate 0417RCA, complete genome.",0,0,0,0,0
NC_076918,NC_076918.1,,Bat hepatitis E virus,2023,"Bat hepevirus isolate DesRot/Peru/API17_F_DrHEV, complete genome.",0,0,0,0,0
NC_076910,NC_076910.1,,Snake melon asteroid mosaic virus,2023,"Snake melon asteroid mosaic virus isolate Su95-67, complete genome.",0,0,0,0,0
NC_076884,NC_076884.1,,Grapevine virus L,2023,"Grapevine virus L isolate TX-WAT20, complete genome.",0,0,0,0,0
NC_076869,NC_076869.1,,Spodoptera eridania nucleopolyhedrovirus,2023,"Spodoptera eridania nucleopolyhedrovirus isolate CNPSo-165, complete genome.",0,0,0,0,0
NC_076867,NC_076867.1,,Perhabdovirus perca,2023,"Perhabdovirus perca isolate 18/193, complete genome.",0,0,0,0,0
NC_076854,NC_076854.1,,Blackcurrant waikavirus A,2023,"Blackcurrant waikavirus A isolate Oregon, complete genome.",0,0,0,0,0
NC_076852,NC_076852.1,,Cressdnaviricota sp.,2023,"CRESS virus sp. isolate UJSL012, complete genome.",0,0,0,0,0
NC_076825,NC_076825.1,,Groundnut rosette assistor virus,2023,"Groundnut rosette assistor virus isolate SC7.1, complete genome.",0,0,0,0,0
NC_076728,NC_076728.1,,Euproctis digramma nucleopolyhedrovirus,2023,"Euproctis digramma nucleopolyhedrovirus, complete genome.",0,0,0,0,0
NC_076725,NC_076725.1,,Trichoderma harzianum hypovirus 1,2023,"Trichoderma harzianum hypovirus 1 isolate THHV1.T-70, complete genome.",0,0,0,0,0
NC_076720,NC_076720.1,,Harbour porpoise rhabdovirus,2023,"Harbour porpoise rhabdovirus isolate WVL17017A, complete genome.",1,0,0,0,0
NC_076716,NC_076716.1,,Rose virus A,2023,"Rose virus A isolate R11, complete genome.",0,0,0,0,0
NC_076715,NC_076715.1,,rubber tree virus 1,2023,"Rubber tree capillovirus 1 isolate RTCV1_HN/Qionghai, complete genome.",0,0,0,0,0
NC_076713,NC_076713.1,,Geopora sumneriana mitovirus 1,2023,"Geopora sumneriana mitovirus 1 strain ANK, complete genome.",0,0,0,0,0
NC_076712,NC_076712.1,,papaya mottle-associated virus,2023,"Papaya mottle associated virus isolate KE-Mer-04, complete genome.",0,0,0,0,0
NC_076692,NC_076692.1,,Dione juno nucleopolyhedrovirus,2023,"Dione juno nucleopolyhedrovirus, complete genome.",0,0,0,0,0
NC_076687,NC_076687.1,,Zostera virus T,2023,"Zostera virus T isolate Z1, complete genome.",0,0,0,0,0
NC_076686,NC_076686.1,,Frog lyssa-like virus 1,2023,"Frog lyssa-like virus 1 strain FLLV1-MaleA, complete genome.",0,0,0,0,0
NC_076685,NC_076685.1,,Alphacoronavirus sp.,2023,"Alphacoronavirus sp. isolate WA3607, complete genome.",0,0,0,0,0
NC_076684,NC_076684.1,,Alphacoronavirus sp.,2023,"Alphacoronavirus sp. isolate WA2028, complete genome.",0,0,0,0,0
NC_076683,NC_076683.1,,Blueberry green mosaic associated virus,2023,"Blueberry green mosaic associated virus isolate NJ1, complete genome.",0,0,0,0,0
NC_076682,NC_076682.1,,Rachiplusia nu nucleopolyhedrovirus,2023,"Rachiplusia nu nucleopolyhedrovirus isolate VPN54, complete genome.",0,0,0,0,0
NC_076668,NC_076668.1,,Zymoseptoria tritici fusarivirus 1,2023,"Zymoseptoria tritici fusarivirus 1 strain ZtFv1IPO323, complete genome.",0,0,0,0,0
NC_076667,NC_076667.1,,Sclerotinia homoeocarpa fusarivirus 1,2023,"Sclerotinia homoeocarpa fusarivirus 1 strain ShFvLT11, complete genome.",0,0,0,0,0
NC_076666,NC_076666.1,,Rutstroemia firma fusarivirus 1,2023,"Rutstroemia firma fusarivirus 1 strain RfFv1CBS 115.86, complete genome.",0,0,0,0,0
NC_076665,NC_076665.1,,Neurospora discreta fusarivirus 1,2023,"Neurospora discreta fusarivirus 1 strain NdFv1FGSC8579, complete genome.",0,0,0,0,0
NC_076664,NC_076664.1,,Aspergillus ellipticus fusarivirus 1,2023,"Aspergillus ellipticus fusarivirus 1 strain AeFv1CBS 707.79, complete genome.",0,0,0,0,0
NC_076663,NC_076663.1,,Penicillium digitatum yadokarivirus 1,2023,"Penicillium digitatum yadokarivirus 1 strain PdYv1HS-F6, complete genome.",0,0,0,0,0
NC_076662,NC_076662.1,,Trichoderma asperellum hypovirus 1,2023,"Trichoderma asperellum hypovirus 1 strain TaHv1CBS 131938, complete genome.",0,0,0,0,0
NC_076661,NC_076661.1,,Setosphaeria turcica hypovirus 1,2023,"Setosphaeria turcica hypovirus 1 strain StHv128A, complete genome.",0,0,0,0,0
NC_076660,NC_076660.1,,Sclerotinia homoeocarpa hypovirus 1,2023,"Sclerotinia homoeocarpa hypovirus 1 strain ShHvLT11, complete genome.",0,0,0,0,0
NC_076659,NC_076659.1,,Fusarium graminearum hypovirus 1,2023,"Fusarium graminearum hypovirus 1 strain FgHv1HN10, complete genome.",0,0,0,0,0
NC_076657,NC_076657.1,,Morelia viridis nidovirus,2023,"Morelia viridis nidovirus isolate BH171/14-7, complete genome.",0,0,0,0,0
NC_076655,NC_076655.1,,Camellia ringspot associated virus 1,2023,"Camellia ringspot associated virus 1 isolate CJ5, complete genome.",0,0,0,0,0
NC_076654,NC_076654.1,,Puccinia striiformis mitovirus 1,2023,"Puccinia striiformis mitovirus 1 strain CYR31, complete genome.",0,0,0,0,0
NC_076653,NC_076653.1,,Mexico trichovirus,2023,"Mexico trichovirus, complete genome.",0,0,0,0,0
NC_076652,NC_076652.1,,Hyphantria cunea granulovirus,2023,"Hyphantria cunea granulovirus isolate Hc1, complete genome.",0,0,0,0,0
NC_076651,NC_076651.1,,Nigrospora oryzae mitovirus 2,2023,"Nigrospora oryzae mitovirus 2, complete genome.",0,0,0,0,0
NC_076650,NC_076650.1,,Nigrospora oryzae mitovirus 1,2023,"Nigrospora oryzae mitovirus 1, complete genome.",0,0,0,0,0
NC_076649,NC_076649.1,,Anopheles marajoara virus,2023,"Anopheles marajoara virus isolate AMA, complete genome.",0,0,0,0,0
NC_076648,NC_076648.1,,Anopheles darlingi virus,2023,"Anopheles darlingi virus isolate MAN, complete genome.",0,0,0,0,0
NC_076638,NC_076638.1,,Birch carlavirus,2023,"Birch carlavirus isolate BpenGer407526_5M, complete genome.",0,0,0,0,0
NC_076637,NC_076637.1,,Trionyx sinensis hemorrhagic syndrome virus,2023,"Trionyx sinensis hemorrhagic syndrome virus isolate NX1, complete genome.",0,0,0,0,0
NC_076636,NC_076636.1,,Sclerotinia sclerotiorum hypovirus 2,2023,"Sclerotinia sclerotiorum hypovirus 2 strain SsHv2.HBstr-470, complete genome.",0,0,0,0,0
NC_076635,NC_076635.1,,Red clover-associated virus 1,2023,"Red clover associated virus 1 isolate NURH6-2017, complete genome.",0,0,0,0,0
NC_076634,NC_076634.1,,Bipolaris oryzae hypovirus 1,2023,"Bipolaris oryzae hypovirus 1 isolate ES35, complete genome.",0,0,0,0,0
NC_076633,NC_076633.1,,Shallot virus S,2023,"Shallot virus S isolate 13-17, complete genome.",0,0,0,0,0
NC_076631,NC_076631.1,,Peach chlorotic leaf spot virus,2023,"Peach chlorotic leaf spot virus isolate RP19-1, complete genome.",0,0,0,0,0
NC_076630,NC_076630.1,,Sclerotium rolfsii hypovirus 1,2023,"Sclerotium rolfsii hypovirus 1 isolate BLH-1, complete genome.",0,0,0,0,0
NC_076625,NC_076625.1,,Bat paramyxovirus,2023,"Bat paramyxovirus strain Bat-PV-17770, complete genome.",1,0,0,0,0
NC_076624,NC_076624.1,,Bat paramyxovirus,2023,"Bat paramyxovirus strain Bat-PV-16797, complete genome.",1,0,0,0,0
NC_076623,NC_076623.1,,Rocahepevirus ratti,2023,"Rocahepevirus ratti isolate RdHEVEm40/LuXi/2014, complete genome.",0,0,0,0,0
NC_076622,NC_076622.1,,Entoleuca hypovirus 1,2023,"Entoleuca hypovirus 1 isolate 97-14, complete genome.",0,0,0,0,0
NC_076607,NC_076607.1,,Persimmon waikavirus,2023,"Persimmon waikavirus Waika4 RNA, complete genome.",0,0,0,0,0
NC_076606,NC_076606.1,,Aucuba ringspot virus,2023,"Aucuba ringspot virus ToU1 DNA, complete genome.",0,0,0,0,0
NC_076605,NC_076605.1,,Feline paramyxovirus 163,2023,"Feline paramyxovirus 163 viral cRNA, nearly complete genome.",0,0,0,0,0
NC_076604,NC_076604.1,,Fusarium boothii mitovirus 1,2023,"Fusarium boothii mitovirus 1 Ep-BL13 RNA, complete genome.",0,0,0,0,0
NC_076603,NC_076603.1,,Cherry virus B,2023,"Cherry virus B S3 genomic RNA, complete genome.",0,0,0,0,0
NC_076599,NC_076599.1,,Fusarium poae hypovirus 1,2023,"Fusarium poae hypovirus 1 genomic RNA, complete genome.",0,0,0,0,0
NC_076598,NC_076598.1,,Neofusicoccum luteum fusarivirus 1,2023,"Neofusicoccum luteum fusarivirus 1 isolate CBS110299, complete genome.",0,0,0,0,0
NC_076597,NC_076597.1,,Rodent paramyxovirus,2023,"Rodent paramyxovirus isolate RtAp-ParaV/NX2015, complete genome.",0,0,0,0,0
NC_076592,NC_076592.1,,Paslahepevirus balayani,2023,"Paslahepevirus balayani isolate little egret/kocsag02/2014/HUN, complete genome.",0,0,0,0,0
NC_076588,NC_076588.1,,Sclerotinia nivalis mitovirus 2,2023,"Sclerotinia nivalis mitovirus 2 isolate SsSn-1.m2, complete genome.",0,0,0,0,0
NC_076587,NC_076587.1,,Sclerotinia nivalis mitovirus 1,2023,"Sclerotinia nivalis mitovirus 1 isolate SsSn-1.m1, complete genome.",0,0,0,0,0
NC_076575,NC_076575.1,,Alternaria brassicicola mitovirus,2023,"Alternaria brassicicola mitovirus strain AB1, complete genome.",0,0,0,0,0
NC_076555,NC_076555.1,,Sclerotinia sclerotiorum mitovirus 1,2023,"Sclerotinia sclerotiorum mitovirus 1, complete genome.",0,0,0,0,0
NC_076513,NC_076513.1,,Macropodid alphaherpesvirus 2,2023,"Macropodid alphaherpesvirus 2 strain V3077/08, complete genome.",0,0,0,0,0
NC_076512,NC_076512.1,,Bovine alphaherpesvirus 2,2023,"Bovine alphaherpesvirus 2 strain C1Z FZR, complete genome.",0,0,0,0,0
NC_076510,NC_076510.1,,Sowthistle yellow vein virus,2023,"Sowthistle yellow vein virus isolate HWY65, complete genome.",0,0,0,0,0
NC_076509,NC_076509.1,,Caprine alphaherpesvirus 1,2023,"Caprine alphaherpesvirus 1 strain JSHA1405, complete genome.",0,0,0,0,0
NC_076504,NC_076504.1,,Rhabdoviridae sp.,2023,"Rhabdoviridae sp. strain RhV/SZWH3, complete genome.",0,0,0,0,0
NC_076496,NC_076496.1,,Gemycircularvirus sp.,2023,"Gemycircularvirus sp. strain Vietnam, complete genome.",0,0,0,1,1
NC_076493,NC_076493.1,,Genomoviridae sp.,2023,"MAG: Genomoviridae sp. isolate 6434_414, complete genome.",0,0,0,1,1
NC_076480,NC_076480.1,,Genomoviridae sp.,2023,"MAG: Genomoviridae sp. isolate bif24cir1, complete genome.",0,0,0,1,1
NC_076479,NC_076479.1,,Bat circovirus,2023,"UNVERIFIED: Bat circovirus isolate Sardinia BatACV, complete genome.",0,0,0,0,0
NC_076466,NC_076466.1,,Karukera tick virus,2023,"Karukera tick virus isolate GM, complete genome.",0,0,0,0,0
NC_076463,NC_076463.1,,Elk circovirus Banff/2019,2023,"Elk circovirus Banff/2019, complete genome.",0,0,0,0,0
NC_076451,NC_076451.1,,Rustrela virus,2023,"Rustrela virus isolate Donkey/19_041-1/2019/Germany, complete genome.",0,0,0,0,0
NC_076450,NC_076450.1,,Ruhugu virus,2023,"Ruhugu virus isolate Cyclops leaf-nosed bat/2017/Uganda, complete genome.",0,0,0,0,0
NC_076426,NC_076426.1,,Avian associated porprismacovirus,2023,"Avian associated porprismacovirus isolate BR_DF13, complete genome.",0,0,0,0,0
NC_076425,NC_076425.1,,Psittacara leucophthalmus chapparvovirus,2023,"Psittacara leucophthalmus chapparvovirus isolate BR_DF11, complete genome.",0,0,0,0,0
NC_076423,NC_076423.1,,Beaked whale circovirus,2023,"Beaked whale circovirus strain IP13001, complete genome.",0,0,0,0,0
NC_076419,NC_076419.1,,Senna severe yellow mosaic virus,2023,"Senna severe yellow mosaic virus isolate BR, complete genome.",0,0,0,0,0
NC_076418,NC_076418.1,,Fish HDV-like virus,2023,"Fish HDV-like virus, complete genome.",0,0,0,0,0
NC_076414,NC_076414.1,,Peafowl parvovirus 2,2023,"Peafowl parvovirus 2 isolate PePV2, complete genome.",0,0,0,0,0
NC_076413,NC_076413.1,,Peafowl parvovirus 1,2023,"Peafowl parvovirus 1 isolate PePV1, complete genome.",0,0,0,0,0
NC_076412,NC_076412.1,,San Jacinto virus,2023,"San Jacinto virus isolate DO-200, complete genome.",0,0,0,0,0
NC_076410,NC_076410.1,,Termite HDV-like virus,2023,"Termite HDV-like virus, complete genome.",0,0,0,0,0
NC_076409,NC_076409.1,,Citrus yellow mottle virus,2023,"Citrus yellow mottle virus isolate CiYMV-PS, complete genome.",0,0,0,0,0
NC_076408,NC_076408.1,,Plant associated genomovirus 29,2023,"MAG: Plant associated genomovirus 29 isolate Sag_SP219, complete genome.",0,0,0,1,1
NC_076407,NC_076407.1,,Plant associated genomovirus 26,2023,"MAG: Plant associated genomovirus 26 isolate EU1_SP968, complete genome.",0,0,0,1,1
NC_076406,NC_076406.1,,Plant associated genomovirus 25,2023,"MAG: Plant associated genomovirus 25 isolate EU1_SP897, complete genome.",0,0,0,1,1
NC_076405,NC_076405.1,,Capybara associated cyclovirus 1,2023,"Capybara associated cyclovirus 1 isolate Cap1_365, complete genome.",0,0,0,1,1
NC_076403,NC_076403.1,,Panthera leo smacovirus 1,2023,"Panthera leo smacovirus 1 isolate Alion5_lot1_3, complete genome.",0,0,0,0,0
NC_076402,NC_076402.1,,Lynx rufus smacovirus 2,2023,"Lynx rufus smacovirus 2 isolate LSF25_523, complete genome.",0,0,0,0,0
NC_076401,NC_076401.1,,Lynx rufus smacovirus 1,2023,"Lynx rufus smacovirus 1 isolate LSF60_322, complete genome.",0,0,0,0,0
NC_076398,NC_076398.1,,Psittacine adenovirus 5,2023,"Siadenovirus IDL19-3602, complete genome.",0,0,0,0,0
NC_076397,NC_076397.1,,Avian metaavulavirus 21,2023,"Avian metaavulavirus 21 isolate APMV/dove/Taiwan/AHRI33/2009, complete genome.",0,0,0,0,0
NC_076378,NC_076378.1,,Tortoise genomovirus 17,2023,"Tortoise genomovirus 17 isolate Tor_SP_110, complete genome.",0,0,0,1,1
NC_076377,NC_076377.1,,Tortoise genomovirus 13,2023,"Tortoise genomovirus 13 isolate Tor_153, complete genome.",0,0,0,1,1
NC_076376,NC_076376.1,,Tortoise genomovirus 10,2023,"Tortoise genomovirus 10 isolate Tor_116_Tor4, complete genome.",0,0,0,1,1
NC_076375,NC_076375.1,,Tortoise genomovirus 9,2023,"Tortoise genomovirus 9 isolate Tor_36_tor6, complete genome.",0,0,0,1,1
NC_076374,NC_076374.1,,Capybara associated smacovirus 1_cap1_104,2023,"Capybara associated smacovirus 1_cap1_104, complete genome.",0,0,0,1,1
NC_076373,NC_076373.1,,Melinis repens associated virus,2023,"Melinis repens associated virus isolate Reunion-Bassin plat-RE027-2014, complete genome.",0,0,0,1,1
NC_076367,NC_076367.1,,Magnaporthe oryzae ourmia-like virus 4,2023,"Magnaporthe oryzae ourmia-like virus 4 strain HNDW6, complete genome.",0,0,0,0,0
NC_076366,NC_076366.1,,Capybara genomovirus 12,2023,"Capybara genomovirus 12 isolate cap1_1725, complete genome.",0,0,0,1,1
NC_076365,NC_076365.1,,Capybara genomovirus 10,2023,"Capybara genomovirus 10 isolate cap1_694, complete genome.",0,0,0,1,1
NC_076364,NC_076364.1,,Capybara genomovirus 8,2023,"Capybara genomovirus 8 isolate cap1_358, complete genome.",0,0,0,1,1
NC_076363,NC_076363.1,,Capybara genomovirus 6,2023,"Capybara genomovirus 6 isolate cap1_100, complete genome.",0,0,0,1,1
NC_076362,NC_076362.1,,Capybara genomovirus 5,2023,"Capybara genomovirus 5 isolate cap1_2730, complete genome.",0,0,0,1,1
NC_076361,NC_076361.1,,Capybara genomovirus 4,2023,"Capybara genomovirus 4 isolate cap1_57, complete genome.",0,0,0,1,1
NC_076360,NC_076360.1,,Capybara genomovirus 3,2023,"Capybara genomovirus 3 isolate cap1_53, complete genome.",0,0,0,1,1
NC_076359,NC_076359.1,,Capybara genomovirus 2,2023,"Capybara genomovirus 2 isolate cap1_52, complete genome.",0,0,0,1,1
NC_076358,NC_076358.1,,Capybara genomovirus 1,2023,"Capybara genomovirus 1 isolate cap1_SP_603, complete genome.",0,0,0,1,1
NC_076356,NC_076356.1,,Blackfly genomovirus 1,2023,"Blackfly genomovirus 1 isolate SF02_506, complete genome.",0,0,0,0,0
NC_076355,NC_076355.1,,Blackfly genomovirus 9,2023,"Blackfly genomovirus 9 isolate SF02_507, complete genome.",0,0,0,0,0
NC_076354,NC_076354.1,,Blackfly genomovirus 8,2023,"Blackfly genomovirus 8 isolate SF02_579, complete genome.",0,0,0,0,0
NC_076353,NC_076353.1,,Blackfly genomovirus 7,2023,"Blackfly genomovirus 7 isolate SF02_767, complete genome.",0,0,0,0,0
NC_076352,NC_076352.1,,Blackfly genomovirus 5,2023,"Blackfly genomovirus 5 isolate SF02_599, complete genome.",0,0,0,0,0
NC_076351,NC_076351.1,,Blackfly genomovirus 4,2023,"Blackfly genomovirus 4 isolate SF02_836, complete genome.",0,0,0,0,0
NC_076350,NC_076350.1,,Blackfly genomovirus 2,2023,"Blackfly genomovirus 2 isolate SF02_631, complete genome.",0,0,0,0,0
NC_076348,NC_076348.1,,Aspergillus neoniger ourmia-like virus 1,2023,"Aspergillus neoniger ourmia-like virus 1 strain AnOlv1CBS 115656, complete genome.",0,0,0,0,0
NC_076347,NC_076347.1,,Finch associated genomovirus 3,2023,"Finch associated genomovirus 3 isolate S30P_D, complete genome.",0,0,0,0,0
NC_076346,NC_076346.1,,Finch associated genomovirus 1,2023,"Finch associated genomovirus 1 isolate E50N_A, complete genome.",0,0,0,0,0
NC_076345,NC_076345.1,,Finch associated genomovirus 8,2023,"Finch associated genomovirus 8 isolate A3N_A, complete genome.",0,0,0,0,0
NC_076344,NC_076344.1,,Finch associated genomovirus 6,2023,"Finch associated genomovirus 6 isolate A3N_A, complete genome.",0,0,0,0,0
NC_076343,NC_076343.1,,Finch associated genomovirus 4,2023,"Finch associated genomovirus 4 isolate A2N_A, complete genome.",0,0,0,0,0
NC_076342,NC_076342.1,,Finch associated genomovirus 2,2023,"Finch associated genomovirus 2 isolate A2N_B, complete genome.",0,0,0,0,0
NC_076341,NC_076341.1,,Finch associated genomovirus 5,2023,"Finch associated genomovirus 5 isolate A2N_A, complete genome.",0,0,0,0,0
NC_076340,NC_076340.1,,psittacine adenovirus 7,2023,"MAG: Corella adenovirus 1 isolate CorAdV1/Melbourne/2015, complete genome.",0,0,0,1,1
NC_076339,NC_076339.1,,TTV-like mini virus,2023,"TTV-like mini virus strain vzttmv4, complete genome.",0,0,0,0,0
NC_076338,NC_076338.1,,Ugandan passiflora virus,2023,"Ugandan passiflora virus isolate KH7-1, complete genome.",0,0,0,0,0
NC_076337,NC_076337.1,,Torque teno ocelot virus,2023,"Torque teno ocelot virus isolate WF10, complete genome.",0,0,0,0,0
NC_076335,NC_076335.1,,Genomoviridae sp.,2023,"MAG: Genomoviridae sp. isolate ctbi86, complete genome.",0,0,0,1,1
NC_076334,NC_076334.1,,Genomoviridae sp.,2023,"MAG: Genomoviridae sp. isolate ctgi38, complete genome.",0,0,0,1,1
NC_076333,NC_076333.1,,Genomoviridae sp.,2023,"MAG: Genomoviridae sp. isolate ctba76, complete genome.",0,0,0,1,1
NC_076331,NC_076331.1,,Genomoviridae sp.,2023,"MAG: Genomoviridae sp. isolate ctjh74, complete genome.",0,0,0,1,1
NC_076330,NC_076330.1,,Genomoviridae sp.,2023,"MAG: Genomoviridae sp. isolate ctji71, complete genome.",0,0,0,1,1
NC_076329,NC_076329.1,,Genomoviridae sp.,2023,"MAG: Genomoviridae sp. isolate ctbf8, complete genome.",0,0,0,1,1
NC_076328,NC_076328.1,,Genomoviridae sp.,2023,"MAG: Genomoviridae sp. isolate ctci83, complete genome.",0,0,0,1,1
NC_076327,NC_076327.1,,Genomoviridae sp.,2023,"MAG: Genomoviridae sp. isolate ctce205, complete genome.",0,0,0,1,1
NC_076326,NC_076326.1,,Genomoviridae sp.,2023,"MAG: Genomoviridae sp. isolate ctcg277, complete genome.",0,0,0,1,1
NC_076325,NC_076325.1,,Genomoviridae sp.,2023,"MAG: Genomoviridae sp. isolate ctcj747, complete genome.",0,0,0,1,1
NC_076324,NC_076324.1,,Genomoviridae sp.,2023,"MAG: Genomoviridae sp. isolate ctbi78, complete genome.",0,0,0,1,1
NC_076323,NC_076323.1,,Genomoviridae sp.,2023,"MAG: Genomoviridae sp. isolate ctdb80, complete genome.",0,0,0,1,1
NC_076322,NC_076322.1,,Genomoviridae sp.,2023,"MAG: Genomoviridae sp. isolate ctjg823, complete genome.",0,0,0,1,1
NC_076321,NC_076321.1,,Genomoviridae sp.,2023,"MAG: Genomoviridae sp. isolate cthi275, complete genome.",0,0,0,1,1
NC_076320,NC_076320.1,,Genomoviridae sp.,2023,"MAG: Genomoviridae sp. isolate cted72, complete genome.",0,0,0,1,1
NC_076319,NC_076319.1,,Genomoviridae sp.,2023,"MAG: Genomoviridae sp. isolate ctij207, complete genome.",0,0,0,1,1
NC_076318,NC_076318.1,,Genomoviridae sp.,2023,"MAG: Genomoviridae sp. isolate ctcd252, complete genome.",0,0,0,1,1
NC_076317,NC_076317.1,,Genomoviridae sp.,2023,"MAG: Genomoviridae sp. isolate ctbd78, complete genome.",0,0,0,1,1
NC_076316,NC_076316.1,,Genomoviridae sp.,2023,"MAG: Genomoviridae sp. isolate ctda_5, complete genome.",0,0,0,1,1
NC_076315,NC_076315.1,,Genomoviridae sp.,2023,"MAG: Genomoviridae sp. isolate ctdb242, complete genome.",0,0,0,1,1
NC_076314,NC_076314.1,,Genomoviridae sp.,2023,"MAG: Genomoviridae sp. isolate cthh214, complete genome.",0,0,0,1,1
NC_076313,NC_076313.1,,Genomoviridae sp.,2023,"MAG: Genomoviridae sp. isolate ctbi89, complete genome.",0,0,0,1,1
NC_076312,NC_076312.1,,Genomoviridae sp.,2023,"MAG: Genomoviridae sp. isolate ctdb7, complete genome.",0,0,0,1,1
NC_076311,NC_076311.1,,Genomoviridae sp.,2023,"MAG: Genomoviridae sp. isolate ctda73, complete genome.",0,0,0,1,1
NC_076310,NC_076310.1,,Genomoviridae sp.,2023,"MAG: Genomoviridae sp. isolate ctjj82, complete genome.",0,0,0,1,1
NC_076309,NC_076309.1,,Genomoviridae sp.,2023,"MAG: Genomoviridae sp. isolate ctbe80, complete genome.",0,0,0,1,1
NC_076308,NC_076308.1,,Genomoviridae sp.,2023,"MAG: Genomoviridae sp. isolate ctea93, complete genome.",0,0,0,1,1
NC_076307,NC_076307.1,,Genomoviridae sp.,2023,"MAG: Genomoviridae sp. isolate ctgb66, complete genome.",0,0,0,1,1
NC_076306,NC_076306.1,,Genomoviridae sp.,2023,"MAG: Genomoviridae sp. isolate ctca70, complete genome.",0,0,0,1,1
NC_076305,NC_076305.1,,Genomoviridae sp.,2023,"MAG: Genomoviridae sp. isolate ctbh806, complete genome.",0,0,0,1,1
NC_076304,NC_076304.1,,Genomoviridae sp.,2023,"MAG: Genomoviridae sp. isolate ctcg218, complete genome.",0,0,0,1,1
NC_076303,NC_076303.1,,Genomoviridae sp.,2023,"MAG: Genomoviridae sp. isolate ctjb817, complete genome.",0,0,0,1,1
NC_076302,NC_076302.1,,Genomoviridae sp.,2023,"MAG: Genomoviridae sp. isolate ctcf212, complete genome.",0,0,0,1,1
NC_076301,NC_076301.1,,Genomoviridae sp.,2023,"MAG: Genomoviridae sp. isolate ctbf84, complete genome.",0,0,0,1,1
NC_076300,NC_076300.1,,Genomoviridae sp.,2023,"MAG: Genomoviridae sp. isolate ctbh29, complete genome.",0,0,0,1,1
NC_076299,NC_076299.1,,Genomoviridae sp.,2023,"MAG: Genomoviridae sp. isolate ctba85, complete genome.",0,0,0,1,1
NC_076298,NC_076298.1,,Genomoviridae sp.,2023,"MAG: Genomoviridae sp. isolate ctbh39, complete genome.",0,0,0,1,1
NC_076297,NC_076297.1,,Genomoviridae sp.,2023,"MAG: Genomoviridae sp. isolate ctce776, complete genome.",0,0,0,1,1
NC_076296,NC_076296.1,,Genomoviridae sp.,2023,"MAG: Genomoviridae sp. isolate ctbb79, complete genome.",0,0,0,1,1
NC_076293,NC_076293.1,,Vicugna pacos bocaparvovirus,2023,"Vicugna pacos bocaparvovirus, complete genome.",0,0,0,1,1
NC_076287,NC_076287.1,,Apis mellifera genomovirus 2,2023,"Apis mellifera genomovirus 2 isolate BNH_406, complete genome.",0,0,0,0,0
NC_076286,NC_076286.1,,Plant associated genomovirus 19,2023,"Plant associated genomovirus 19 isolate QS58_F27, complete genome.",0,0,0,0,0
NC_076285,NC_076285.1,,Plant associated genomovirus 22,2023,"Plant associated genomovirus 22 isolate QS46_F25, complete genome.",0,0,0,0,0
NC_076284,NC_076284.1,,Plant associated genomovirus 3,2023,"Plant associated genomovirus 3 isolate QS36_F24, complete genome.",0,0,0,0,0
NC_076283,NC_076283.1,,Plant associated genomovirus 21,2023,"Plant associated genomovirus 21 isolate QS30_F24, complete genome.",0,0,0,0,0
NC_076282,NC_076282.1,,Plant associated genomovirus 24,2023,"Plant associated genomovirus 24 isolate QS29_F24, complete genome.",0,0,0,0,0
NC_076281,NC_076281.1,,Plant associated genomovirus 20,2023,"Plant associated genomovirus 20 isolate QS9_F22, complete genome.",0,0,0,0,0
NC_076280,NC_076280.1,,Plant associated genomovirus 13,2023,"Plant associated genomovirus 13 isolate QS2_F23, complete genome.",0,0,0,0,0
NC_076279,NC_076279.1,,Plant associated genomovirus 5,2023,"Plant associated genomovirus 5 isolate GnPB1669_106, complete genome.",0,0,0,0,0
NC_076278,NC_076278.1,,Plant associated genomovirus 17,2023,"Plant associated genomovirus 17 isolate D90_GP5, complete genome.",0,0,0,0,0
NC_076277,NC_076277.1,,Plant associated genomovirus 23,2023,"Plant associated genomovirus 23 isolate AH_2861, complete genome.",0,0,0,0,0
NC_076276,NC_076276.1,,Plant associated genomovirus 11,2023,"Plant associated genomovirus 11 isolate AH_131, complete genome.",0,0,0,0,0
NC_076275,NC_076275.1,,Plant associated genomovirus 9,2023,"Plant associated genomovirus 9 isolate A97_GP1, complete genome.",0,0,0,0,0
NC_076274,NC_076274.1,,Plant associated genomovirus 15,2023,"Plant associated genomovirus 15 isolate 1773_PE_35, complete genome.",0,0,0,0,0
NC_076273,NC_076273.1,,Plant associated genomovirus 7,2023,"Plant associated genomovirus 7 isolate 1409_BA530, complete genome.",0,0,0,0,0
NC_076272,NC_076272.1,,Plant associated genomovirus 4,2023,"Plant associated genomovirus 4 isolate 929_OP4_567, complete genome.",0,0,0,0,0
NC_076271,NC_076271.1,,Plant associated genomovirus 2,2023,"Plant associated genomovirus 2 isolate 277_BA530, complete genome.",0,0,0,0,0
NC_076270,NC_076270.1,,Plant associated genomovirus 1,2023,"Plant associated genomovirus 1 isolate 206_BA536, complete genome.",0,0,0,0,0
NC_076269,NC_076269.1,,Salmon aquaparamyxovirus,2023,"Salmon aquaparamyxovirus strain A, complete genome.",0,0,0,0,0
NC_076267,NC_076267.1,,Apple rootstock virus A,2023,"Apple rootstock virus A, complete genome.",0,0,0,0,0
NC_076265,NC_076265.1,,Botrytis cinerea mymonavirus 1,2023,"Botrytis cinerea mymonavirus 1 isolate Ecan17-2, complete genome.",0,0,0,0,0
NC_076264,NC_076264.1,,Gyrovirus 11,2023,"Gyrovirus 11, complete genome.",0,0,0,0,0
NC_076261,NC_076261.1,,Hayes Yard virus,2023,"Hayes Yard virus isolate DPP4816, complete genome.",0,0,0,0,0
NC_076260,NC_076260.1,,Puchong virus,2023,"Puchong virus isolate P5-350 Malaysian, complete genome.",0,0,0,0,0
NC_076259,NC_076259.1,,Goat associated porprismacovirus,2023,"Goat associated porprismacovirus isolate 16915x9_1969, complete genome.",0,0,0,0,0
NC_076258,NC_076258.1,,Porcine associated porprismacovirus,2023,"Porcine associated porprismacovirus isolate 17499x80_1385, complete genome.",0,0,0,0,0
NC_076257,NC_076257.1,,Porcine associated porprismacovirus,2023,"Porcine associated porprismacovirus isolate 17489x67_1878, complete genome.",0,0,0,0,0
NC_076256,NC_076256.1,,Porcine associated porprismacovirus,2023,"Porcine associated porprismacovirus isolate 17489x75_2609, complete genome.",0,0,0,0,0
NC_076255,NC_076255.1,,Porcine associated porprismacovirus,2023,"Porcine associated porprismacovirus isolate 17499x3_679, complete genome.",0,0,0,0,0
NC_076254,NC_076254.1,,Porcine associated porprismacovirus,2023,"Porcine associated porprismacovirus isolate 17499x31_375, complete genome.",0,0,0,0,0
NC_076253,NC_076253.1,,Porcine associated porprismacovirus,2023,"Porcine associated porprismacovirus isolate 17499x75_2040, complete genome.",0,0,0,0,0
NC_076252,NC_076252.1,,Porcine associated porprismacovirus,2023,"Porcine associated porprismacovirus isolate 17668x35_2540, complete genome.",0,0,0,0,0
NC_076251,NC_076251.1,,Human associated porprismacovirus,2023,"Human associated porprismacovirus isolate 16845x3_952, complete genome.",0,0,0,0,0
NC_076250,NC_076250.1,,Lasius neglectus virus 2,2023,"Lasius neglectus virus 2, complete genome.",0,0,0,0,0
NC_076249,NC_076249.1,,Formica fusca virus 1,2023,"Formica fusca virus 1, complete genome.",0,0,0,0,0
NC_076248,NC_076248.1,,Olive associated gemycircularvirus 1,2023,"Olive associated gemycircularvirus 1 isolate L1, complete genome.",0,0,0,0,0
NC_076247,NC_076247.1,,Epiphyllum badnavirus 1,2023,"Epiphyllum badnavirus 1 isolate CA, complete genome.",0,0,0,0,0
NC_076246,NC_076246.1,,Spodoptera exigua multiple nucleopolyhedrovirus,2023,"Spodoptera exigua multiple nucleopolyhedrovirus isolate SeMNPV-QD, complete genome.",0,0,0,0,0
NC_076245,NC_076245.1,,Zebrafish picornavirus 1,2023,"Zebrafish picornavirus 1 strain IDEXX/ZfPV-1/2017/USA, complete genome.",0,0,0,0,0
NC_076243,NC_076243.1,,Passionfruit Vietnam virus,2023,"Passionfruit Vietnam virus isolate DakNong, complete genome.",0,0,0,0,0
NC_076242,NC_076242.1,,Pingu picornavirus,2023,"Pingu picornavirus isolate 991, complete genome.",0,0,0,0,0
NC_076241,NC_076241.1,,Culex mosquito virus 5,2023,"Culex mosquito virus 5 strain CMosV5/Santa Clara, complete genome.",0,0,0,0,0
NC_076240,NC_076240.1,,Culex mosquito virus 4,2023,"Culex mosquito virus 4 strain CMosV4/Santa Clara, complete genome.",0,0,0,0,0
NC_076239,NC_076239.1,,Cytorhabdovirus fragariarugosus,2023,"Cytorhabdovirus fragariarugosus isolate A, complete genome.",0,0,0,0,0
NC_076238,NC_076238.1,,Porcine associated porprismacovirus,2023,"Porcine associated porprismacovirus isolate 17668x43_2798, complete genome.",0,0,0,1,1
NC_076237,NC_076237.1,,Porcine associated porprismacovirus,2023,"Porcine associated porprismacovirus isolate 17499x73_1865, complete genome.",0,0,0,1,1
NC_076236,NC_076236.1,,Porcine associated porprismacovirus,2023,"Porcine associated porprismacovirus isolate 17489x27_1438, complete genome.",0,0,0,1,1
NC_076235,NC_076235.1,,Human associated porprismacovirus 3,2023,"Human associated porprismacovirus 3 isolate 16806x66_213, complete genome.",0,0,0,1,1
NC_076234,NC_076234.1,,Torque teno mini virus 10,2023,"Torque teno mini virus 10 strain BNI-700835-G3-CSF, complete genome.",0,0,0,1,1
NC_076233,NC_076233.1,,Torque teno mini virus 10,2023,"Torque teno mini virus 10 strain BNI-700620-G1-CSF, complete genome.",0,0,0,1,1
NC_076232,NC_076232.1,,Mauternbach virus,2023,"Mauternbach virus isolate DrosEU50 Mauternbach 2015, complete genome.",0,0,0,0,0
NC_076231,NC_076231.1,,Elderberry aureusvirus 1,2023,"Elderberry aureusvirus 1 isolate B15, complete genome.",0,0,0,0,0
NC_076230,NC_076230.1,,Jasmine mosaic-associated virus 2,2023,"Jasmine mosaic-associated virus 2 isolate HI, complete genome.",0,0,0,0,0
NC_076225,NC_076225.1,,Torque teno Arctocephalus gazella virus 2,2023,"Torque teno Arctocephalus gazella virus 2 isolate ASV35_197, complete genome.",0,0,0,0,0
NC_076224,NC_076224.1,,Torque teno Arctocephalus gazella virus 1,2023,"Torque teno Arctocephalus gazella virus 1 isolate ASV20_172, complete genome.",0,0,0,0,0
NC_076213,NC_076213.1,,Tomato apical leaf curl virus,2023,"Tomato apical leaf curl virus isolate AR:Yuto:Tom419:08, complete genome.",0,0,0,0,0
NC_076211,NC_076211.1,,Dillard's Draw virus,2023,"Dillard's Draw virus isolate DDrV-2015, complete genome.",0,0,0,0,0
NC_076210,NC_076210.1,,Chimay rhabdovirus,2023,"Chimay rhabdovirus isolate Chimay-1, complete genome.",0,0,0,0,0
NC_076208,NC_076208.1,,New Kent County virus,2023,"New Kent County virus isolate RTS126, complete genome.",0,0,0,0,0
NC_076207,NC_076207.1,,Rodent Torque teno virus 8,2023,"Rodent Torque teno virus 8 isolate 2252, complete genome.",0,0,0,0,0
NC_076206,NC_076206.1,,Torque teno didelphis albiventris virus,2023,"Torque teno didelphis albiventris virus isolate 3470, complete genome.",0,0,0,0,0
NC_076205,NC_076205.1,,Dioscorea bacilliform RT virus,2023,"Dioscorea bacilliform RT virus isolate DBRTV3, complete genome.",0,0,0,0,0
NC_076201,NC_076201.1,,Blacklegged tick rhabdovirus 1,2023,"Blacklegged tick rhabdovirus-1 isolate RTS95.16, complete genome.",0,0,0,0,0
NC_076200,NC_076200.1,,Blacklegged tick chuvirus 2,2023,"Blacklegged tick chuvirus-2 isolate RTS126, complete genome.",0,0,0,0,0
NC_076198,NC_076198.1,,Giant panda anellovirus,2023,"Giant panda anellovirus strain gpan20684, complete genome.",0,0,0,0,0
NC_076197,NC_076197.1,,Giant panda anellovirus,2023,"Giant panda anellovirus strain gpan20724, complete genome.",0,0,0,0,0
NC_076196,NC_076196.1,,Giant panda anellovirus,2023,"Giant panda anellovirus strain gpan20682, complete genome.",0,0,0,0,0
NC_076195,NC_076195.1,,Giant panda anellovirus,2023,"Giant panda anellovirus strain gpan20783, complete genome.",0,0,0,0,0
NC_076194,NC_076194.1,,Giant panda anellovirus,2023,"Giant panda anellovirus strain gpan20868, complete genome.",0,0,0,0,0
NC_076193,NC_076193.1,,Giant panda anellovirus,2023,"Giant panda anellovirus strain gpan21066, complete genome.",0,0,0,0,0
NC_076192,NC_076192.1,,Giant panda anellovirus,2023,"Giant panda anellovirus strain gpan21031, complete genome.",0,0,0,0,0
NC_076191,NC_076191.1,,Giant panda anellovirus,2023,"Giant panda anellovirus strain gpan20806, complete genome.",0,0,0,0,0
NC_076190,NC_076190.1,,Giant panda anellovirus,2023,"Giant panda anellovirus strain gpan20859, complete genome.",0,0,0,0,0
NC_076189,NC_076189.1,,Giant panda anellovirus,2023,"Giant panda anellovirus strain gpan21094, complete genome.",0,0,0,0,0
NC_076188,NC_076188.1,,Giant panda anellovirus,2023,"Giant panda anellovirus strain gpan20793, complete genome.",0,0,0,0,0
NC_076186,NC_076186.1,,Rhabdoviridae sp.,2023,"Rhabdoviridae sp. strain IH17, complete genome.",0,0,0,0,0
NC_076184,NC_076184.1,,Tick associated torque teno virus,2023,"Tick associated torque teno virus isolate tick24_1, complete genome.",0,0,0,0,0
NC_076178,NC_076178.1,,Paguma larvata torque teno virus,2023,Paguma larvata torque teno virus Pl-TTV3 complete genome.,0,0,0,0,0
NC_076177,NC_076177.1,,Paguma larvata torque teno virus,2023,Paguma larvata torque teno virus Pl-TTV9-1 complete genome.,0,0,0,0,0
NC_076176,NC_076176.1,,Paguma larvata torque teno virus,2023,Paguma larvata torque teno virus Pl-TTV9-2 complete genome.,0,0,0,0,0
NC_076175,NC_076175.1,,Paguma larvata torque teno virus,2023,Paguma larvata torque teno virus Pl-TTV5-2 complete genome.,0,0,0,0,0
NC_076174,NC_076174.1,,Paguma larvata torque teno virus,2023,Paguma larvata torque teno virus Pl-TTV1-1 complete genome.,0,0,0,0,0
NC_076173,NC_076173.1,,Papio cynocephalus associated smacovirus,2023,"Papio cynocephalus associated smacovirus 2/ZM09-71 DNA, complete genome.",0,0,0,0,0
NC_076172,NC_076172.1,,Chlorocebus cynosuros associated smacovirus,2023,"Chlorocebus cynosuros associated smacovirus ZM09-83 DNA, complete genome.",0,0,0,0,0
NC_076171,NC_076171.1,,Chlorocebus cynosuros associated smacovirus,2023,"Chlorocebus cynosuros associated smacovirus ZM09-95 DNA, complete genome.",0,0,0,0,0
NC_076170,NC_076170.1,,Papio cynocephalus associated smacovirus,2023,"Papio cynocephalus associated smacovirus ZM09-74 DNA, complete genome.",0,0,0,0,0
NC_076169,NC_076169.1,,Chlorocebus cynosuros associated smacovirus,2023,"Chlorocebus cynosuros associated smacovirus ZM09-86 DNA, complete genome.",0,0,0,0,0
NC_076168,NC_076168.1,,Torque teno virus,2023,"Torque teno virus Human/Japan/KS025/2016 DNA, complete genome.",0,0,0,0,0
NC_076166,NC_076166.1,,TTV-like mini virus,2023,"TTV-like mini virus isolate zhenjiang, complete genome.",0,0,0,0,0
NC_076165,NC_076165.1,,Macacine alphaherpesvirus 1,2023,"Macacine alphaherpesvirus 1 isolate KQ, complete genome.",0,0,0,0,0
NC_076164,NC_076164.1,,Macacine alphaherpesvirus 1,2023,"Macacine alphaherpesvirus 1 isolate 8100812, complete genome.",0,0,0,0,0
NC_076163,NC_076163.1,,Potato yellow dwarf virus,2023,"Potato yellow dwarf nucleorhabdovirus strain CYDV-constricta, complete genome.",1,0,0,0,0
NC_076162,NC_076162.1,,Torque teno mini virus SHA,2023,"Torque teno mini virus SHA, complete genome.",0,0,0,0,0
NC_076156,NC_076156.1,,TTV-like mini virus,2023,"TTV-like mini virus isolate Emory2, complete genome.",0,0,0,0,0
NC_076155,NC_076155.1,,TTV-like mini virus,2023,"TTV-like mini virus isolate Emory1, complete genome.",0,0,0,0,0
NC_076153,NC_076153.1,,Feline anellovirus,2023,"Feline anellovirus isolate FelineAV621, complete genome.",0,0,0,0,0
NC_076144,NC_076144.1,,Mulberry crinkle-associated virus,2023,"Mulberry crinkle-associated virus, complete genome.",0,0,0,0,0
NC_076141,NC_076141.1,,Rodent Torque teno virus 2,2023,"Rodent Torque teno virus 2 isolate RN_8_Se11, complete genome.",0,0,0,0,0
NC_076140,NC_076140.1,,Rodent Torque teno virus 1,2023,"Rodent Torque teno virus 1 isolate AS_WM1_Sp_1, complete genome.",0,0,0,0,0
NC_076139,NC_076139.1,,Rodent Torque teno virus 2,2023,"Rodent Torque teno virus 2 isolate AS_WM1_Se_4, complete genome.",0,0,0,0,0
NC_076138,NC_076138.1,,Torque teno virus,2023,"Torque teno virus isolate TTV-Hebei-1, complete genome.",0,0,0,0,0
NC_076135,NC_076135.1,,TTV-like mini virus,2023,"TTV-like mini virus isolate D11, complete genome.",0,0,0,0,0
NC_076131,NC_076131.1,,TTV-like mini virus,2023,"TTV-like mini virus isolate TTMV_LY3, complete genome.",0,0,0,0,0
NC_076129,NC_076129.1,,miniopterid betaherpesvirus 1,2023,"Bat betaherpesvirus B7D8, complete genome.",0,0,0,0,0
NC_076127,NC_076127.1,,Pine marten torque teno virus 1,2023,"Pine marten torque teno virus 1 isolate VS4700004, complete genome.",0,0,0,1,1
NC_076125,NC_076125.1,,Siegesbeckia yellow vein virus-associated DNA beta,2023,"Siegesbeckia yellow vein virus-associated DNA beta, complete genome.",0,0,0,0,0
NC_076124,NC_076124.1,,Torque teno felis virus-Fc-TTV2,2023,"Torque teno felis virus-Fc-TTV2 isolate VS4300008, complete genome.",0,0,0,0,0
NC_076123,NC_076123.1,,Torque teno felis virus-Fc-TTV1,2023,"Torque teno felis virus-Fc-TTV1 isolate VS4300006, complete genome.",0,0,0,0,0
NC_076122,NC_076122.1,,Mosquito VEM Anellovirus SDRB A,2023,"Mosquito VEM Anellovirus SDRB A, complete genome.",0,0,0,1,1
NC_076121,NC_076121.1,,mosquito VEM Anellovirus SDBVL,2023,"Mosquito VEM Anellovirus SDBVL A, complete genome.",0,0,0,1,1
NC_076118,NC_076118.1,,Malvastrum yellow vein Yunnan virus satellite DNA beta,2023,"Malvastrum yellow vein Yunnan virus satellite DNA beta, complete genome, isolate Y340.",0,0,0,0,0
NC_076111,NC_076111.1,,Terrapene box turtle adintovirus,2023,"Terrapene box turtle adintovirus isolate 5272, complete genome.",0,0,0,0,0
NC_076105,NC_076105.1,,Malvastrum yellow vein betasatellite,2023,"Malvastrum yellow vein virus-associated DNA beta complete genome, isolate Y189.",0,0,0,0,0
NC_076104,NC_076104.1,,Honeysuckle yellow vein mosaic disease associated satellite DNA,2023,"Honeysuckle yellow vein mosaic disease associated satellite DNA beta-[Nara] DNA, complete genome.",1,0,0,0,0
NC_076102,NC_076102.1,,Diachasmimorpha longicaudata entomopoxvirus,2023,"Diachasmimorpha longicaudata entomopoxvirus, complete genome.",0,0,0,0,0
NC_076048,NC_076048.1,,Cacao swollen shoot Togo A virus,2023,Cacao swollen shoot Togo A virus complete genome.,0,0,0,0,0
NC_076038,NC_076038.1,,Bovine picornavirus,2023,"Bovine picornavirus genomic RNA, complete genome, strain: Bo-12-3/2009/JPN.",0,0,0,0,0
NC_076037,NC_076037.1,,Bovine picornavirus,2023,"Bovine picornavirus genomic RNA, complete genome, strain: Bo-11-39/2009/JPN.",0,0,0,0,0
NC_076032,NC_076032.1,,Bovine viral diarrhea virus 2,2023,"Bovine viral diarrhea virus 2 strain XJ-04, complete genome.",0,0,0,0,0
NC_076031,NC_076031.1,,Mythimna unipuncta nucleopolyhedrovirus,2023,"Mythimna unipuncta nucleopolyhedrovirus strain KY310, complete genome.",0,0,0,0,0
NC_076028,NC_076028.1,,cachavirus 1A,2023,"Cachavirus 1A strain IDEXX1, complete genome.",0,0,0,0,0
NC_076027,NC_076027.1,,Tree shrew polyomavirus 1,2023,"Tree shrew polyomavirus 1, complete genome.",0,0,0,0,0
NC_076026,NC_076026.1,,Tai Forest hepadnavirus,2023,"Tai Forest hepadnavirus, complete genome.",0,0,0,0,0
NC_076025,NC_076025.1,,Lentinula edodes negative-strand RNA virus 1,2023,"Lentinula edodes negative-strand RNA virus 1 HG3 RNA, complete genome.",0,0,0,0,0
NC_076024,NC_076024.1,,alfalfa-associated nucleorhabdovirus,2023,"Alfalfa associated nucleorhabdovirus, complete genome.",0,0,0,0,0
NC_076023,NC_076023.1,,Codonopsis vein clearing virus,2023,"Codonopsis vein clearing virus isolate Muju, complete genome.",0,0,0,0,0
NC_076020,NC_076020.1,,Sesame yellow mosaic virus,2023,"Sesame yellow mosaic virus isolate SeYMV_386, complete genome.",0,0,0,0,0
NC_076018,NC_076018.1,,red clover-associated luteovirus,2023,"Red clover associated virus isolate HZ8, complete genome.",0,0,0,0,0
NC_076017,NC_076017.1,,Marmot mosavirus,2023,"Marmot mosavirus strain HT8, complete genome.",0,0,0,0,0
NC_076003,NC_076003.1,,Avian paramyxovirus 17,2023,"Avian paramyxovirus 17 isolate Cheonsu1510, complete genome.",0,0,0,0,0
NC_076002,NC_076002.1,,Lepeophtheirus virus LS24,2023,"Lepeophtheirus virus LS24, complete genome.",0,0,0,0,0
NC_076000,NC_076000.1,,Black currant nucleorhabdovirus 1,2023,"Black currant nucleorhabdovirus 1 isolate Veloy, complete genome.",0,0,0,0,0
NC_075997,NC_075997.1,,Maize associated rhabdovirus,2023,"Maize associated rhabdovirus strain Peru, complete genome.",0,0,0,0,0
NC_075996,NC_075996.1,,Human PoSCV5-like circular virus,2023,"Human PoSCV5-like circular virus, complete genome.",0,0,0,0,0
NC_075994,NC_075994.1,,Potamipivirus A,2023,"Potamipivirus A isolate TSPV, complete genome.",0,0,0,0,0
NC_075973,NC_075973.1,,Guinea pig adenovirus,2023,"Guinea pig adenovirus strain AUS96, complete genome.",0,0,0,0,0
NC_075972,NC_075972.1,,Rodent arterivirus,2023,"Rodent arterivirus isolate RtClan-Arterivirus/GZ2015, complete genome.",0,0,0,0,0
NC_075965,NC_075965.1,,Mastadenovirus porcusquartum,2023,"Porcine mastadenovirus B isolate HNU1, complete genome.",0,0,0,0,0
NC_075725,NC_075725.1,,Murid betaherpesvirus 1,2023,"Murid herpesvirus 1 strain Smith, complete genome.",0,0,1,0,0
NC_075724,NC_075724.1,,Sapovirus Hu/GI/Sapporo/MT-2010/1982,2023,"Sapovirus Hu/GI/Sapporo/MT-2010/1982, complete genome.",0,0,0,1,1
NC_075702,NC_075702.1,,Gallid alphaherpesvirus 3,2023,"Gallid herpesvirus 3 strain SB-1, complete genome.",0,0,0,0,0
NC_075689,NC_075689.1,,Suid alphaherpesvirus 1,2023,"Suid herpesvirus 1 strain Kaplan, complete genome.",0,0,0,0,0
NC_075687,NC_075687.1,,anatid alphaherpesvirus 1,2023,"Anatid herpesvirus 1 strain 2085, complete genome.",0,0,0,0,0
NC_075683,NC_075683.1,,Gallid alphaherpesvirus 1,2023,"Gallid herpesvirus 1 strain SA2, complete genome.",0,0,0,0,0
NC_075569,NC_075569.1,,Feline calicivirus,2023,"Feline calicivirus, complete genome.",0,0,0,0,0
NC_075566,NC_075566.1,,Equid alphaherpesvirus 8,2023,"Equid alphaherpesvirus 8 strain EHV-8/IR/2003/19, complete genome.",0,0,0,0,0
NC_075564,NC_075564.1,,Cervid alphaherpesvirus 1,2023,"Cervid alphaherpesvirus 1 strain Anlier, complete genome.",0,0,0,0,0
NC_075563,NC_075563.1,,Cervid alphaherpesvirus 2,2023,"Cervid alphaherpesvirus 2 strain Norway, complete genome.",0,0,0,0,0
NC_075546,NC_075546.1,,Chrysochromulina parva virus,2023,"UNVERIFIED: Chrysochromulina parva virus isolate BQ2, complete genome.",0,0,0,0,0
NC_075538,NC_075538.1,,Lumpfish ranavirus,2023,"Lumpfish ranavirus isolate F24/15, complete genome.",0,0,0,0,0
NC_075488,NC_075488.1,,Fowl aviadenovirus C,2023,"Fowl adenovirus C complete genome, isolate KR5.",0,0,0,0,0
NC_075454,NC_075454.1,,Rousettus aegyptiacus adenovirus,2023,"UNVERIFIED: Rousettus aegyptiacus adenovirus isolate 3085, complete genome.",0,0,0,0,0
NC_075453,NC_075453.1,,Eidolon helvum adenovirus,2023,"Eidolon helvum adenovirus DNA, complete genome, isolate: 06-106.",0,0,0,0,0
NC_075452,NC_075452.1,,Psittacine adenovirus 1,2023,"Psittacine adenovirus 1 isolate 18VIR149_ITA_2018, complete genome.",0,0,0,0,0
NC_075450,NC_075450.1,,Bat mastadenovirus,2023,"Bat mastadenovirus Vs9 DNA, complete genome.",0,0,0,0,0
NC_075448,NC_075448.1,,White sturgeon adenovirus 1,2023,"White sturgeon adenovirus 1 isolate WSAdV1/1996, complete genome.",1,0,0,0,0
NC_075447,NC_075447.1,,Anelloviridae sp.,2023,"Anelloviridae sp. strain vzttmv5, complete genome.",0,0,0,0,0
NC_075446,NC_075446.1,,Human respirovirus 3,2023,"Human parainfluenza virus 3 strain ZHYMgz01, complete genome.",0,0,0,0,0
NC_075437,NC_075437.1,,Wild vitis virus 1,2023,"Wild vitis virus 1 isolate WVV1-NY1298, complete genome.",0,0,0,0,0
NC_075436,NC_075436.1,,maize striate mosaic virus,2023,"Maize striate mosaic virus isolate MSMV_BR_974_Pla_2016, complete genome.",0,0,0,1,1
NC_075432,NC_075432.1,,Rice latent virus 1,2023,"Rice latent virus 1 isolate AU-NA67-2015, complete genome.",0,0,0,0,0
NC_075431,NC_075431.1,,Dioscorea bacilliform virus,2023,"Dioscorea bacilliform virus isolate PNG10, complete genome.",0,0,0,0,0
NC_075430,NC_075430.1,,Dioscorea bacilliform virus,2023,"Dioscorea bacilliform virus isolate FJ14, complete genome.",0,0,0,0,0
NC_075427,NC_075427.1,,Torque teno Leptonychotes weddellii virus-1,2023,"Torque teno Leptonychotes weddellii virus 1 isolate TTLwV-1_gt16_wsp8, complete genome.",0,0,0,0,0
NC_075422,NC_075422.1,,Pepper vein yellows virus,2023,"Pepper vein yellows virus isolate 12KNX1, complete genome.",0,0,0,0,0
NC_075421,NC_075421.1,,Sweet potato leaf curl virus,2023,"Sweet potato leaf curl virus isolate SPLCV-SD, complete genome.",0,0,0,0,0
NC_075420,NC_075420.1,,Zygosaccharomyces bailii virus Z,2023,"Zygosaccharomyces bailii virus Z strain 412, complete genome.",0,0,0,0,0
NC_075418,NC_075418.1,,Nectarine stem pitting associated virus,2023,"Nectarine stem pitting associated virus isolate NSPaV/SF04522E, complete genome.",0,0,0,0,0
NC_075417,NC_075417.1,,Mandrillus leucophaeus cytomegalovirus,2023,"Mandrillus leucophaeus cytomegalovirus isolate OCOM6-2, complete genome.",0,0,0,0,0
NC_075416,NC_075416.1,,Pepper vein yellows virus,2023,"Pepper vein yellows virus isolate HN, complete genome.",0,0,0,0,0
NC_075412,NC_075412.1,,Hollyhock yellow vein mosaic virus,2023,"Hollyhock yellow vein mosaic virus isolate Alcea rosea:Lucknow, complete genome.",0,0,0,0,0
NC_075411,NC_075411.1,,Calicivirus chicken/V0021/Bayern/2004,2023,"Calicivirus chicken/V0021/Bayern/2004, complete genome.",0,0,0,0,0
NC_075404,NC_075404.1,,avian paramyxovirus 1,2023,"Newcastle disease virus isolate chicken/N. Ireland/Ulster/67, complete genome.",0,0,0,0,0
NC_075392,NC_075392.1,,Respirovirus muris,2023,"Sendai virus genomic RNA, complete genome, strain:Nagoya.",0,0,0,0,0
NC_075391,NC_075391.1,,Bat circovirus,2023,"Bat circovirus isolate BtPspp.-CV/GD2012, complete genome.",0,0,0,0,0
NC_075390,NC_075390.1,,Anelloviridae sp.,2023,"MAG: Anelloviridae sp. isolate cthe000, complete genome.",0,0,0,1,1
NC_075389,NC_075389.1,,Anelloviridae sp.,2023,"MAG: Anelloviridae sp. isolate ctdb009, complete genome.",0,0,0,1,1
NC_075388,NC_075388.1,,Anelloviridae sp.,2023,"MAG: Anelloviridae sp. isolate ctcf003, complete genome.",0,0,0,1,1
NC_075387,NC_075387.1,,Cressdnaviricota sp.,2023,"MAG: CRESS virus sp. isolate ctjj384, complete genome.",0,0,0,1,1
NC_075386,NC_075386.1,,Anelloviridae sp.,2023,"MAG: Anelloviridae sp. isolate ctbd010, complete genome.",0,0,0,1,1
NC_075385,NC_075385.1,,Anelloviridae sp.,2023,"MAG: Anelloviridae sp. isolate ctbb008, complete genome.",0,0,0,1,1
NC_075384,NC_075384.1,,Anelloviridae sp.,2023,"MAG: Anelloviridae sp. isolate ctbb005, complete genome.",0,0,0,1,1
NC_075383,NC_075383.1,,Anelloviridae sp.,2023,"MAG: Anelloviridae sp. isolate ctdc005, complete genome.",0,0,0,1,1
NC_075382,NC_075382.1,,Anelloviridae sp.,2023,"MAG: Anelloviridae sp. isolate ctcf003, complete genome.",0,0,0,1,1
NC_075381,NC_075381.1,,Anelloviridae sp.,2023,"MAG: Anelloviridae sp. isolate ctcf007, complete genome.",0,0,0,1,1
NC_075380,NC_075380.1,,Anelloviridae sp.,2023,"MAG: Anelloviridae sp. isolate ctcf040, complete genome.",0,0,0,1,1
NC_075379,NC_075379.1,,Anelloviridae sp.,2023,"MAG: Anelloviridae sp. isolate ctcd026, complete genome.",0,0,0,1,1
NC_075378,NC_075378.1,,Anelloviridae sp.,2023,"MAG: Anelloviridae sp. isolate ctea38, complete genome.",0,0,0,1,1
NC_075377,NC_075377.1,,Anelloviridae sp.,2023,"MAG: Anelloviridae sp. isolate ctei055, complete genome.",0,0,0,1,1
NC_075376,NC_075376.1,,Anelloviridae sp.,2023,"MAG: Anelloviridae sp. isolate ctbf014, complete genome.",0,0,0,1,1
NC_075375,NC_075375.1,,Anelloviridae sp.,2023,"MAG: Anelloviridae sp. isolate ctbd020, complete genome.",0,0,0,1,1
NC_075374,NC_075374.1,,Anelloviridae sp.,2023,"MAG: Anelloviridae sp. isolate ctga035, complete genome.",0,0,0,1,1
NC_075373,NC_075373.1,,Anelloviridae sp.,2023,"MAG: Anelloviridae sp. isolate ctbb016, complete genome.",0,0,0,1,1
NC_075372,NC_075372.1,,Anelloviridae sp.,2023,"MAG: Anelloviridae sp. isolate ctbi042, complete genome.",0,0,0,1,1
NC_075371,NC_075371.1,,Anelloviridae sp.,2023,"MAG: Anelloviridae sp. isolate ctbf050, complete genome.",0,0,0,1,1
NC_075370,NC_075370.1,,Anelloviridae sp.,2023,"MAG: Anelloviridae sp. isolate ctbc019, complete genome.",0,0,0,1,1
NC_075369,NC_075369.1,,Anelloviridae sp.,2023,"MAG: Anelloviridae sp. isolate ctbg056, complete genome.",0,0,0,1,1
NC_075368,NC_075368.1,,Moumouvirus australiensis,2023,"Moumouvirus australiensis isolate 10A, complete genome.",0,0,0,0,0
NC_075367,NC_075367.1,,Megavirus baoshan,2023,"Megavirus baoshan strain SH, complete genome.",0,0,0,0,0
NC_075342,NC_075342.1,,Chicken associated smacovirus,2023,"Chicken associated smacovirus strain RS/BR/2015/1, complete genome.",0,0,0,0,0
NC_075341,NC_075341.1,,Human feces smacovirus 3,2023,"Human feces smacovirus 3 isolate SmaCV3_ETH_P15_2016, complete genome.",0,0,0,0,0
NC_075339,NC_075339.1,,Canine feces-associated gemycircularvirus,2023,"Canine feces-associated gemycircularvirus isolate South Douro, complete genome.",0,0,0,1,1
NC_075338,NC_075338.1,,Lupine feces-associated gemycircularvirus 2,2023,"Lupine feces-associated gemycircularvirus 2 isolate South Douro, complete genome.",0,0,0,1,1
NC_075337,NC_075337.1,,Giant panda associated gemycircularvirus,2023,"Giant panda associated gemycircularvirus strain gpge001, complete genome.",0,0,0,0,0
NC_075336,NC_075336.1,,Giant panda associated gemycircularvirus,2023,"Giant panda associated gemycircularvirus strain gpge002, complete genome.",0,0,0,0,0
NC_075335,NC_075335.1,,Giant panda associated gemycircularvirus,2023,"Giant panda associated gemycircularvirus strain gpge003, complete genome.",0,0,0,0,0
NC_075334,NC_075334.1,,Giant panda associated gemycircularvirus,2023,"Giant panda associated gemycircularvirus strain gpge008, complete genome.",0,0,0,0,0
NC_075333,NC_075333.1,,Giant panda associated gemycircularvirus,2023,"Giant panda associated gemycircularvirus strain gpge010, complete genome.",0,0,0,0,0
NC_075332,NC_075332.1,,Giant panda associated gemycircularvirus,2023,"Giant panda associated gemycircularvirus strain gpge011, complete genome.",0,0,0,0,0
NC_075331,NC_075331.1,,Giant panda associated gemycircularvirus,2023,"Giant panda associated gemycircularvirus strain gpge012, complete genome.",0,0,0,0,0
NC_075330,NC_075330.1,,Giant panda associated gemycircularvirus,2023,"Giant panda associated gemycircularvirus strain gpge013, complete genome.",0,0,0,0,0
NC_075329,NC_075329.1,,Giant panda associated gemycircularvirus,2023,"Giant panda associated gemycircularvirus strain gpge014, complete genome.",0,0,0,1,1
NC_075328,NC_075328.1,,Tick-associated genomovirus 1,2023,"Tick-associated genomovirus 1 isolate tick24_7, complete genome.",0,0,0,0,0
NC_075327,NC_075327.1,,Tick-associated genomovirus 2,2023,"Tick-associated genomovirus 2 isolate tick24_130, complete genome.",0,0,0,0,0
NC_075326,NC_075326.1,,Tick-associated genomovirus 3,2023,"Tick-associated genomovirus 3 isolate tick25_VL-10, complete genome.",0,0,0,0,0
NC_075325,NC_075325.1,,Gemycircularvirus sp.,2023,"Gemycircularvirus sp. isolate yc-19, complete genome.",0,0,0,0,0
NC_075324,NC_075324.1,,Cattle blood-associated gemycircularvirus,2023,"Cattle blood-associated gemycircularvirus strain BGmv001, complete genome.",0,0,0,0,0
NC_075323,NC_075323.1,,Gemycircularvirus sp.,2023,"Gemycircularvirus sp. strain BS50/Hun/2013, complete genome.",0,0,0,0,0
NC_075322,NC_075322.1,,Lynx canadensis faeces associated genomovirus CL1 46,2023,"Lynx canadensis faeces associated genomovirus CL1 46, complete genome.",0,0,0,0,0
NC_075321,NC_075321.1,,Lynx canadensis faeces associated genomovirus CL1 71,2023,"Lynx canadensis faeces associated genomovirus CL1 71, complete genome.",0,0,0,0,0
NC_075320,NC_075320.1,,Lynx canadensis faeces associated genomovirus CL5 48,2023,"Lynx canadensis faeces associated genomovirus CL5 48, complete genome.",0,0,0,0,0
NC_075319,NC_075319.1,,Alces alces faeces associated genomovirus MP43,2023,"Alces alces faeces associated genomovirus MP43, complete genome.",0,0,0,0,0
NC_075318,NC_075318.1,,Alces alces faeces associated genomovirus MP68,2023,"Alces alces faeces associated genomovirus MP68, complete genome.",0,0,0,0,0
NC_075317,NC_075317.1,,Alces alces faeces associated genomovirus MP84,2023,"Alces alces faeces associated genomovirus MP84, complete genome.",0,0,0,0,0
NC_075316,NC_075316.1,,Alces alces faeces associated genomovirus MP111,2023,"Alces alces faeces associated genomovirus MP111, complete genome.",0,0,0,0,0
NC_075315,NC_075315.1,,Alces alces faeces associated genomovirus MP157,2023,"Alces alces faeces associated genomovirus MP157, complete genome.",0,0,0,0,0
NC_075314,NC_075314.1,,Lepus americanus faeces associated genomovirus SHP9,2023,"Lepus americanus faeces associated genomovirus SHP9, complete genome.",0,0,0,0,0
NC_075313,NC_075313.1,,Bark beetle-associated genomovirus 2,2023,"Bark beetle-associated genomovirus 2 isolate BbaGV-2_US-AB02_1133-2014, complete genome.",0,0,0,0,0
NC_075312,NC_075312.1,,Bark beetle-associated genomovirus 3,2023,"Bark beetle-associated genomovirus 3 isolate BbaGV-3_US-AB02_1323-2014, complete genome.",0,0,0,0,0
NC_075311,NC_075311.1,,Bark beetle-associated genomovirus 4,2023,"Bark beetle-associated genomovirus 4 isolate BbaGV-4_US-AB02_249-2014, complete genome.",0,0,0,0,0
NC_075310,NC_075310.1,,Momordica charantia associated gemycircularvirus,2023,"Momordica charantia associated gemycircularvirus isolate Br1, complete genome.",0,0,0,0,0
NC_075306,NC_075306.1,,Genomoviridae sp.,2023,"MAG: Genomoviridae sp. isolate cthd64, complete genome.",0,0,0,1,1
NC_075305,NC_075305.1,,Genomoviridae sp.,2023,"MAG: Genomoviridae sp. isolate ctcg63, complete genome.",0,0,0,1,1
NC_075304,NC_075304.1,,Culex rhabdo-like virus,2023,"Culex rhabdo-like virus strain CRVL/Los Angeles, complete genome.",0,0,0,0,0
NC_075303,NC_075303.1,,Culex mononega-like virus 2,2023,"Culex mononega-like virus 2 strain mos172X59831, complete genome.",0,0,0,0,0
NC_075302,NC_075302.1,,Rodent stool-associated circular genome virus,2023,"Rodent stool-associated circular genome virus strain RodSCV_V-84, complete genome.",0,0,0,1,1
NC_075301,NC_075301.1,,Rodent stool-associated circular genome virus,2023,"Rodent stool-associated circular genome virus strain RodSCV_V-69, complete genome.",0,0,0,1,1
NC_075300,NC_075300.1,,Rodent stool-associated circular genome virus,2023,"Rodent stool-associated circular genome virus strain RodSCV_M-89, complete genome.",0,0,0,1,1
NC_075295,NC_075295.1,,Macaca mulatta feces associated virus 3,2023,"Macaca mulatta feces associated virus 3 isolate Masavirus, complete genome.",0,0,0,0,0
NC_075293,NC_075293.1,,Macaca mulatta feces associated virus 7,2023,"Macaca mulatta feces associated virus 7 isolate cg1341, complete genome.",0,0,0,0,0
NC_075291,NC_075291.1,,Macaca mulatta feces associated virus 10,2023,"Macaca mulatta feces associated virus 10 isolate cg3401, complete genome.",0,0,0,0,0
NC_075290,NC_075290.1,,Bacilladnaviridae sp.,2023,"MAG: Bacilladnaviridae sp. isolate ctia23, complete genome.",0,0,0,1,1
NC_075289,NC_075289.1,,Circoviridae sp.,2023,"MAG: Circoviridae sp. isolate ctga69, complete genome.",0,0,0,1,1
NC_075288,NC_075288.1,,Genomoviridae sp.,2023,"MAG: Genomoviridae sp. isolate ctcj270, complete genome.",0,0,0,1,1
NC_075287,NC_075287.1,,Bacilladnaviridae sp.,2023,"MAG: Bacilladnaviridae sp. isolate ctdc18, complete genome.",0,0,0,1,1
NC_075286,NC_075286.1,,Macaque stool associated virus 11,2023,"MAG: Macaque stool associated virus 11 isolate ctfe71, complete genome.",0,0,0,1,1
NC_075285,NC_075285.1,,uncultured virus,2023,"Uncultured virus clone CG97, complete genome.",0,0,0,0,0
NC_075280,NC_075280.1,,Picornaviridae sp.,2023,"Picornaviridae sp. isolate yc-1, complete genome.",0,0,0,0,0
NC_075279,NC_075279.1,,Parvoviridae sp.,2023,"Parvoviridae sp. isolate yc-12, complete genome.",0,0,0,0,0
NC_075278,NC_075278.1,,Parvoviridae sp.,2023,"Parvoviridae sp. isolate yc-11, complete genome.",0,0,0,0,0
NC_075277,NC_075277.1,,Parvoviridae sp.,2023,"Parvoviridae sp. isolate yc-10, complete genome.",0,0,0,0,0
NC_075276,NC_075276.1,,Parvoviridae sp.,2023,"Parvoviridae sp. isolate yc-9, complete genome.",0,0,0,0,0
NC_075274,NC_075274.1,,Aedes anphevirus,2023,"Aedes anphevirus strain RML-12, complete genome.",1,0,0,0,0
NC_075251,NC_075251.1,,Human papillomavirus 38,2023,"Human papillomavirus type 38, complete genome.",0,0,0,1,1
NC_075235,NC_075235.1,,human papillomavirus 11,2023,Human papillomavirus type 11 (HPV-11) complete genome.,0,0,0,0,0
NC_075233,NC_075233.1,,human papillomavirus 33,2023,"Human papillomavirus type 33, complete genome.",0,0,0,0,0
NC_075191,NC_075191.1,,human papillomavirus 31,2023,Human papillomavirus type 31 (HPV-31) complete genome.,0,0,0,0,0
NC_075136,NC_075136.1,,Tetraselmis virus 1,2023,"Tetraselmis virus 1, complete genome.",0,0,0,0,0
NC_075121,NC_075121.1,,Betapolyomavirus securanorvegicus,2023,"Betapolyomavirus securanorvegicus strain PITT4, complete genome.",0,0,0,0,0
NC_075120,NC_075120.1,,Bocaparvovirus primate1,2023,"Primate bocaparvovirus 1 isolate Salvador1, complete genome.",0,0,0,1,1
NC_075118,NC_075118.1,,Acheta domestica densovirus,2023,"Acheta domestica densovirus, complete genome.",0,0,0,0,0
NC_075110,NC_075110.1,,Sweet potato symptomless virus 1,2023,"Sweet potato symptomless virus 1 isolate Q44429, complete genome.",0,0,0,0,0
NC_075108,NC_075108.1,,Maize yellow mosaic virus,2023,"Maize yellow mosaic virus isolate Yunnan11, complete genome.",0,0,0,0,0
NC_075107,NC_075107.1,,Sugarcane striate virus,2023,"Sugarcane striate virus isolate WZG, complete genome.",0,0,0,0,0
NC_075106,NC_075106.1,,Dragonfly-associated mastrevirus,2023,"Dragonfly-associated mastrevirus isolate PR_NZ50_2009, complete genome.",0,0,0,0,0
NC_075105,NC_075105.1,,Shrimp white spot syndrome virus,2023,"White spot syndrome virus, complete genome.",0,0,0,0,0
NC_075102,NC_075102.1,,Tomato leaf curl China betasatellite,2023,"Tomato yellow leaf curl China betasatellite complete genome, isolate Y45.",0,0,0,0,0
NC_075080,NC_075080.1,,Euphorbia caput-medusae latent virus,2023,"Euphorbia caput-medusae latent virus, isolate Dar10 complete genome.",0,0,0,0,0
NC_075038,NC_075038.1,,Tupanvirus deep ocean,2023,"Tupanvirus deep ocean, complete genome.",0,0,0,0,0
NC_075037,NC_075037.1,,Moumouvirus goulette,2023,"UNVERIFIED: Moumouvirus goulette, complete genome.",0,0,0,0,0
NC_075036,NC_075036.1,,Bodo saltans virus,2023,"Bodo saltans virus strain NG1, complete genome.",0,0,0,0,0
NC_075035,NC_075035.1,,Acanthamoeba polyphaga mimivirus,2023,"UNVERIFIED: Acanthamoeba polyphaga mimivirus strain Kroon, complete genome.",0,0,0,0,0
NC_075034,NC_075034.1,,Powai lake megavirus,2023,"Powai lake megavirus isolate 1, complete genome.",0,0,0,0,0
NC_075022,NC_075022.1,,Venezuelan equine encephalitis virus,2023,"Venezuelan equine encephalitis virus, complete genome.",0,0,0,0,0
NC_075016,NC_075016.1,,Ross River virus,2023,"Ross River virus strain QML 1, complete genome.",0,0,0,1,1
NC_075015,NC_075015.1,,Western equine encephalitis virus,2023,"Western equine encephalomyelitis virus isolate AG80-646, complete genome.",0,0,0,0,0
NC_075011,NC_075011.1,,Madariaga virus,2023,"Madariaga virus strain PE-3.0815, complete genome.",0,0,0,0,0
NC_075006,NC_075006.1,,Onyong-nyong virus,2023,"O'nyong-nyong virus strain SG650, complete genome.",0,0,0,0,0
NC_074971,NC_074971.1,,Betapolyomavirus secumuris,2023,"Betapolyomavirus secumuris isolate #6018, complete genome.",0,0,0,0,0
NC_074969,NC_074969.1,,Heliothis zea nudivirus,2023,"Heliothis zea virus 1, complete genome.",1,0,0,0,0
NC_074954,NC_074954.1,,Tent-making bat hepatitis B virus,2023,"Tent-making bat hepatitis B virus isolate TBHBV/Pan957/Uro_bil/PAN/2011, complete genome.",0,0,0,0,0
NC_074953,NC_074953.1,,Roundleaf bat hepatitis B virus,2023,"Roundleaf bat hepatitis B virus isolate RBHBV/GB09-303/Hip_rub/GAB/2009, complete genome.",0,0,0,0,0
NC_074893,NC_074893.1,,Tomato leaf curl Hainan virus,2023,"Tomato leaf curl Hainan virus isolate FQ12, complete genome.",0,0,0,0,0
NC_074776,NC_074776.1,,Dragonfly associated cyclovirus 1,2023,"Dragonfly cyclovirus 1 isolate TO-DFpB1-2010, complete genome.",0,0,0,0,0
NC_074775,NC_074775.1,,aichivirus A1,2023,"Aichi virus genomic RNA, complete genome.",0,0,0,0,0
NC_074772,NC_074772.1,,murine pneumonia virus,2023,"Pneumonia virus of mice strain 15, complete genome.",0,0,0,0,0
NC_074766,NC_074766.1,,avian paramyxovirus 4,2023,"Avian paramyxovirus 4 isolate APMV-4/KR/YJ/06, complete genome.",0,0,0,0,0
NC_055953,NC_055953.1,,Bat alphacoronavirus,2023,"Bat alphacoronavirus isolate AMA_L_F, complete genome.",0,0,0,0,0
NC_054015,NC_054015.1,,Tylonycteris bat coronavirus HKU33,2023,"Tylonycteris bat coronavirus HKU33 strain GZ151867, complete genome.",0,0,0,0,0
NC_054004,NC_054004.1,,Hipposideros pomona bat coronavirus CHB25,2023,"Hipposideros pomona bat coronavirus CHB25 isolate CHB0025, complete genome.",0,0,0,0,0
NC_054003,NC_054003.1,,Alphacoronavirus sp.,2023,"Alphacoronavirus sp. isolate WA1087, complete genome.",0,0,0,0,0
NC_006232,NC_006232.1,,Porcine circovirus 2,2023,"Porcine circovirus 2 strain JX0301, complete genome.",0,0,0,0,0
NC_005946,NC_005946.1,,Frog virus 3,2023,"Frog virus 3, complete genome.",0,0,0,0,0
NC_004544,NC_004544.1,,Tomato leaf curl China betasatellite,2023,"Tomato yellow leaf curl China virus satellite DNA beta, complete genome.",0,0,0,0,0
NC_004323,NC_004323.1,,Rachiplusia ou multiple nucleopolyhedrovirus,2023,"Rachiplusia ou multiple nucleopolyhedrovirus, complete genome.",0,0,0,0,0
NC_001557,NC_001557.1,,Satellite tobacco mosaic virus,2023,"Tobacco necrosis satellite virus, complete genome.",0,0,0,0,0
NC_001896,NC_001896.1,,Woolly monkey hepatitis B virus,2023,"Woolly monkey hepatitis B Virus, complete genome.",0,0,0,0,0
NC_001412,NC_001412.1,,Beet curly top virus,2023,"Beet curly top virus - California [Logan], complete genome.",0,0,0,0,0
NC_076947,NC_076947.1,,Equine infectious anemia virus,2023,"Equine infectious anemia virus clone pSPEIAV19, complete genome.",0,0,0,0,0
NC_076868,NC_076868.1,,Dendrobium viroid,2023,"Dendrobium viroid isolate DVd D.nobile 1, complete genome.",0,0,0,0,0
NC_076857,NC_076857.1,,Plum viroid I,2023,"Plum viroid I isolate AK6, complete genome.",0,0,0,0,0
NC_076621,NC_076621.1,,Apple chlorotic fruit spot viroid,2023,"Apple chlorotic fruit spot viroid, complete genome.",0,0,0,0,0
NC_076590,NC_076590.1,,Citrus viroid VII,2023,"Citrus viroid VII clone LD2, complete genome.",0,0,0,0,0
NC_076336,NC_076336.1,,Bat gemycircularvirus,2023,"UNVERIFIED: Bat gemycircularvirus isolate DXHL6, complete genome.",0,0,0,0,0
NC_076103,NC_076103.1,,Hepatitis delta virus,2023,"Hepatitis D virus genomic RNA, complete genome, isolate:VnzD8349.",0,0,0,0,0
NC_074758,NC_074758.1,,Serratia phage vB_SmaS_Opt-155,2023,"Serratia phage vB_SmaS_Opt-155, complete genome.",1,0,0,0,0
NC_074757,NC_074757.1,,Serratia phage vB_SmaS_Tlacuache,2023,"Serratia phage vB_SmaS_Tlacuache, complete genome.",1,0,0,0,0
NC_074756,NC_074756.1,,Serratia phage Serbin,2023,"Serratia phage Serbin, complete genome.",0,0,0,0,0
NC_074755,NC_074755.1,,Serratia phage vB_SmaS_Bigdog,2023,"Serratia phage vB_SmaS_Bigdog, complete genome.",1,0,0,0,0
NC_074754,NC_074754.1,,Serratia phage vB_SmaS_Ulliraptor,2023,"Serratia phage vB_SmaS_Ulliraptor, complete genome.",1,0,0,0,0
NC_074753,NC_074753.1,,Serratia phage vB_SmaS_Stoker,2023,"Serratia phage vB_SmaS_Stoker, complete genome.",1,0,0,0,0
NC_074752,NC_074752.1,,Serratia phage vB_SmaS_Bonzee,2023,"Serratia phage vB_SmaS_Bonzee, complete genome.",1,0,0,0,0
NC_074751,NC_074751.1,,Serratia phage vB_SmaS_Rovert,2023,"Serratia phage vB_SmaS_Rovert, complete genome.",1,0,0,0,0
NC_074749,NC_074749.1,,Pseudomonas phage vB_Pae-SS2019XII,2023,"Pseudomonas phage vB_Pae-SS2019XII, complete genome.",0,0,0,0,0
NC_074748,NC_074748.1,,Pseudomonas phage Ps60,2023,"Pseudomonas phage Ps60, complete genome.",1,0,0,0,0
NC_074747,NC_074747.1,,Pseudomonas phage UMP151,2023,"Pseudomonas phage UMP151, complete genome.",0,0,0,0,0
NC_074746,NC_074746.1,,Pseudomonas phage H71,2023,"Pseudomonas phage H71, complete genome.",1,0,0,0,0
NC_074745,NC_074745.1,,Pseudomonas phage H72,2023,"Pseudomonas phage H72, complete genome.",1,0,0,0,0
NC_074744,NC_074744.1,,Pseudomonas phage Fc02,2023,"Pseudomonas phage Fc02, complete genome.",1,0,0,0,0
NC_074743,NC_074743.1,,Pseudomonas phage Ps59,2023,"Pseudomonas phage Ps59, complete genome.",1,0,0,0,0
NC_074742,NC_074742.1,,Pseudomonas phage Fc22,2023,"Pseudomonas phage Fc22, complete genome.",1,0,0,0,0
NC_027992,NC_027992.1,,Pseudomonas phage JBD25,2023,"Pseudomonas phage JBD25, complete genome.",0,0,0,0,0
NC_074664,NC_074664.1,,Pseudomonas phage BUCT566,2023,"Pseudomonas phage BUCT566, complete genome.",0,0,0,0,0
NC_074663,NC_074663.1,,Pseudomonas phage vB_Pae_LC3I3,2023,"Pseudomonas phage vB_Pae_LC3I3, complete genome.",0,0,0,0,0
NC_074662,NC_074662.1,,Pseudomonas phage PP9W2,2023,"Pseudomonas phage PP9W2, complete genome.",0,0,0,0,0
NC_074661,NC_074661.1,,Pseudomonas phage psageK9,2023,"Pseudomonas phage psageK9, complete genome.",0,0,0,0,0
NC_074660,NC_074660.1,,Pseudomonas phage MR15,2023,"Pseudomonas phage MR15, complete genome.",0,0,0,0,0
NC_074659,NC_074659.1,,Pseudomonas phage phiAH14a,2023,"Pseudomonas phage phiAH14a, complete genome.",0,0,0,0,0
NC_074658,NC_074658.1,,Pseudomonas phage Medea1,2023,"Pseudomonas phage Medea1, complete genome.",0,0,0,0,0
NC_074655,NC_074655.1,,Methanophagales virus PBV082,2023,"MAG: Unclassified virus PBV082, complete genome.",0,0,0,1,1
NC_074654,NC_074654.1,,Thermoproteus spherical piliferous virus 1,2023,"Thermoproteus spherical piliferous virus 1 strain CP001, complete genome.",0,0,0,0,0
NC_074653,NC_074653.1,,Pyrobaculum spherical virus 2,2023,"Pyrobaculum spherical virus 2 isolate 10, complete genome.",0,0,0,0,0
NC_074652,NC_074652.1,,Natrinema versiforme icosahedral virus 1,2023,"TPA: Natrinema versiforme icosahedral virus 1 isolate BOL5-4, complete genome.",0,0,0,0,0
NC_074651,NC_074651.1,,Haloterrigena jeotgali icosahedral virus 1,2023,"TPA: Haloterrigena jeotgali icosahedral virus 1 isolate A29, complete genome.",0,0,0,0,0
NC_074650,NC_074650.1,,Methanophagales virus PBV304,2023,"MAG: Unclassified virus PBV304, complete genome.",0,0,0,1,1
NC_074649,NC_074649.1,,Methanophagales virus PBV305,2023,"MAG: Unclassified virus PBV305, complete genome.",0,0,0,1,1
NC_074648,NC_074648.1,,Methanophagales virus PBV266,2023,"MAG: Unclassified virus PBV266, complete genome.",0,0,0,1,1
NC_074647,NC_074647.1,,Haloarcula virus Hardyhisp2,2023,"Haloarcula virus Hardyhisp2, complete genome.",1,0,0,0,0
NC_074646,NC_074646.1,,Saline Natrinema sp. J7-1 virus 2,2023,"Natrinema virus SNJ2, complete genome.",0,0,0,0,0
NC_074645,NC_074645.1,,Thorarchaeia virus VerdaV2,2023,"MAG: Asgard archaea virus VerdaV2 DNA, complete genome.",0,0,0,1,1
NC_074644,NC_074644.1,,Lokiarchaeia virus VerdaV1,2023,"MAG: Asgard archaea virus VerdaV1 DNA, complete genome.",0,0,0,1,1
NC_074643,NC_074643.1,,Lokiarchaeia virus VerdaV4,2023,"MAG: Asgard archaea virus VerdaV4 DNA, complete genome.",0,0,0,1,1
NC_074642,NC_074642.1,,Methanoculleus virus L4768,2023,"Methanoculleus virus L4768, complete genome.",0,0,0,0,0
NC_074641,NC_074641.1,,Methanocaldococcus fervens tailed virus 1,2023,"Methanocaldococcus fervens tailed virus 1, complete genome.",0,0,0,0,0
NC_074640,NC_074640.1,,Methanophagales virus GBV302,2023,"MAG: Methanophagales virus GBV302, complete genome.",0,0,0,1,1
NC_074639,NC_074639.1,,Methanophagales virus GBV301,2023,"MAG: Methanophagales virus GBV301, complete genome.",0,0,0,1,1
NC_074638,NC_074638.1,,Methanophagales virus PBV299,2023,"MAG: Unclassified virus PBV299, complete genome.",0,0,0,1,1
NC_074637,NC_074637.1,,Pyrobaculum filamentous virus 2,2023,"Pyrobaculum filamentous virus 2 isolate 4, complete genome.",0,0,0,0,0
NC_074636,NC_074636.1,,Methanophagales virus PBV300,2023,"MAG: Unclassified virus PBV300, complete genome.",0,0,0,1,1
NC_074635,NC_074635.1,,Sulfolobales Beppu rod-shaped virus 1,2023,"Sulfolobales Beppu rod-shaped virus 1 clone D, complete genome.",0,0,0,1,1
NC_074634,NC_074634.1,,Saccharolobus solfataricus rod-shaped virus 1,2023,"Saccharolobus solfataricus rod-shaped virus 1 isolate 149, complete genome.",0,0,0,0,0
NC_074633,NC_074633.1,,Metallosphaera rod-shaped virus 1,2023,"Metallosphaera rod-shaped virus 1 isolate 201, complete genome.",0,0,0,0,0
NC_074632,NC_074632.1,,Acidianus rod-shaped virus 3,2023,"Acidianus rod-shaped virus 3 isolate 9, complete genome.",0,0,0,0,0
NC_074561,NC_074561.1,,Bacillus phage Sole,2023,"Bacillus phage Sole, complete genome.",0,0,0,0,0
NC_074560,NC_074560.1,,Bacillus phage Sato,2023,"Bacillus phage Sato, complete genome.",0,0,0,0,0
NC_073761,NC_073761.1,,Spiroplasma phage SVGII3,2023,"Spiroplasma phage SVGII3, complete genome.",0,0,0,0,0
NC_073760,NC_073760.1,,Vibrio phage VALG_phi8,2023,"Vibrio phage VALG_phi8, complete genome.",0,0,0,0,0
NC_073759,NC_073759.1,,Vibrio phage VALG_phi6,2023,"Vibrio phage VALG_phi6, complete genome.",0,0,0,0,0
NC_073758,NC_073758.1,,Vibrio phage VAI1,2023,"Vibrio phage VAI1, complete genome.",0,0,0,0,0
NC_073757,NC_073757.1,,Ralstonia phage RSBg,2023,"Ralstonia phage RSBg, complete genome.",0,0,0,0,0
NC_073756,NC_073756.1,,Pseudomonas phage pf8_ST274-AUS411,2023,"Pseudomonas phage pf8_ST274-AUS411, complete genome.",0,0,0,0,0
NC_073755,NC_073755.1,,Xanthomonas phage phiXv2,2023,"Xanthomonas phage phiXv2, complete genome.",0,0,0,0,0
NC_073754,NC_073754.1,,Xanthomonas phage phiLF,2023,"Xanthomonas phage phiLF, complete genome.",0,0,0,0,0
NC_073753,NC_073753.1,,Xanthomonas phage phiLf2,2023,"Xanthomonas phage phiLf2, complete genome.",0,0,0,0,0
NC_073752,NC_073752.1,,Xanthomonas phage Cf2,2023,"Xanthomonas phage Cf2, complete genome.",0,0,0,0,0
NC_073751,NC_073751.1,,Erwinia phage PEar6,2023,"Erwinia phage PEar6, complete genome.",0,0,0,0,0
NC_073750,NC_073750.1,,Vibrio phage VP24-2_Ke,2023,"Vibrio phage VP24-2_Ke, complete genome.",0,0,0,0,0
NC_073749,NC_073749.1,,Vibrio phage pre-CTX,2023,"Vibrio phage pre-CTX, complete genome.",0,0,0,0,0
NC_073748,NC_073748.1,,Vibrio phage pre-CTX,2023,"Vibrio phage pre-CTX, complete genome.",0,0,0,1,1
NC_073747,NC_073747.1,,Salmonella phage STYP1,2023,"Salmonella phage STYP1, complete genome.",0,0,1,0,0
NC_041925,NC_041925.1,,Proteus phage VB_PmiS-Isfahan,2023,"UNVERIFIED_ORG: Proteus phage VB_PmiS-Isfahan, complete genome.",0,0,0,0,0
NC_073690,NC_073690.1,,Pseudomonas phage PN09,2023,"Pseudomonas phage PN09, complete genome.",0,0,0,0,0
NC_073689,NC_073689.1,,Pseudomonas phage PE09,2023,"Pseudomonas phage PE09, complete genome.",0,0,0,0,0
NC_073688,NC_073688.1,,Pseudomonas phage phiPsa315,2023,"Pseudomonas phage phiPsa315, complete genome.",0,0,0,0,0
NC_073687,NC_073687.1,,Pseudomonas phage phiPsa300,2023,"Pseudomonas phage phiPsa300, complete genome.",0,0,0,0,0
NC_073686,NC_073686.1,,Pseudomonas phage phiPsa267,2023,"Pseudomonas phage phiPsa267, complete genome.",0,0,0,0,0
NC_073685,NC_073685.1,,Pseudomonas phage phiPsa347,2023,"Pseudomonas phage phiPsa347, complete genome.",0,0,0,0,0
NC_073684,NC_073684.1,,Pseudomonas phage phiPsa381,2023,"Pseudomonas phage phiPsa381, complete genome.",0,0,0,0,0
NC_073683,NC_073683.1,,Pseudomonas phage phiPsa397,2023,"Pseudomonas phage phiPsa397, complete genome.",0,0,0,0,0
NC_073682,NC_073682.1,,Pseudomonas phage psageK4e,2023,"Pseudomonas phage psageK4e, complete genome.",0,0,0,0,0
NC_073681,NC_073681.1,,Pseudomonas phage psageK4,2023,"Pseudomonas phage psageK4, complete genome.",0,0,0,0,0
NC_073680,NC_073680.1,,Pseudomonas phage M5.1,2023,"Pseudomonas phage M5.1, complete genome.",1,0,0,0,0
NC_073679,NC_073679.1,,Pseudomonas phage Kremar,2023,"Pseudomonas phage Kremar, complete genome.",0,0,0,0,0
NC_073678,NC_073678.1,,Pseudomonas phage PPSC2,2023,"Pseudomonas phage PPSC2, complete genome.",0,0,0,0,0
NC_073677,NC_073677.1,,Pseudomonas phage PHB09,2023,"Pseudomonas phage PHB09, complete genome.",0,0,0,0,0
NC_073676,NC_073676.1,,Pseudomonas phage Epa33,2023,"Pseudomonas phage Epa33, complete genome.",0,0,0,0,0
NC_073675,NC_073675.1,,Pseudomonas phage LKA5,2023,"Pseudomonas phage LKA5, complete genome.",0,0,0,0,0
NC_073673,NC_073673.1,,Pseudomonas phage vB_PaeP_E220,2023,"Pseudomonas phage vB_PaeP_E220, complete genome.",0,0,0,0,0
NC_073672,NC_073672.1,,Pseudomonas phage PA8,2023,"Pseudomonas phage PA8, complete genome.",0,0,0,0,0
NC_073623,NC_073623.1,,Pseudomonas phage vB_Paer_PsCh,2023,"Pseudomonas phage vB_Paer_PsCh, complete genome.",0,0,0,0,0
NC_073622,NC_073622.1,,Pseudomonas phage vB_Paer_PsIn,2023,"Pseudomonas phage vB_Paer_PsIn, complete genome.",0,0,0,0,0
NC_073621,NC_073621.1,,Pseudomonas phage vB_Paer_Ps12,2023,"Pseudomonas phage vB_Paer_Ps12, complete genome.",0,0,0,0,0
NC_073620,NC_073620.1,,Pseudomonas phage phipa10,2023,"Pseudomonas phage phipa10, complete genome.",0,0,0,0,0
NC_073619,NC_073619.1,,Pseudomonas phage vB_PA45_GUMS,2023,"Pseudomonas phage vB_PA45_GUMS, complete genome.",0,0,0,1,1
NC_073618,NC_073618.1,,Pseudomonas phage vB_PaeM_B55,2023,"Pseudomonas phage vB_PaeM_B55, complete genome.",0,0,0,0,0
NC_073617,NC_073617.1,,Pseudomonas phage YS35,2023,"Pseudomonas phage YS35, complete genome.",0,0,0,0,0
NC_073616,NC_073616.1,,Pseudomonas phage vB_PaeS_B8,2023,"Pseudomonas phage vB_PaeS_B8, complete genome.",0,0,0,0,0
NC_073615,NC_073615.1,,Pseudomonas phage HJ01,2023,"Pseudomonas phage HJ01, complete genome.",0,0,0,0,0
NC_073614,NC_073614.1,,Pseudomonas phage vB_PaeM_B31,2023,"Pseudomonas phage vB_PaeM_B31, complete genome.",0,0,0,0,0
NC_073613,NC_073613.1,,Pseudomonas phage vB_PaeM_LCK69,2023,"Pseudomonas phage vB_PaeM_LCK69, complete genome.",0,0,0,0,0
NC_073612,NC_073612.1,,Pseudomonas phage 20Sep416,2023,"Pseudomonas phage 20Sep416, complete genome.",0,0,0,0,0
NC_073611,NC_073611.1,,Pseudomonas phage vB_Pae_Kat,2023,"Pseudomonas phage vB_Pae_Kat, complete genome.",0,0,0,0,0
NC_073610,NC_073610.1,,Pseudomonas phage PhL_UNISO_PA-DSM_ph0034,2023,"Pseudomonas phage PhL_UNISO_PA-DSM_ph0034, complete genome.",0,0,0,0,0
NC_073609,NC_073609.1,,Pseudomonas phage vB_PaM_EPA1,2023,"Pseudomonas phage vB_PaM_EPA1, complete genome.",0,0,0,0,0
NC_073608,NC_073608.1,,Pseudomonas phage Henu5,2023,"Pseudomonas phage Henu5, complete genome.",0,0,0,0,0
NC_073607,NC_073607.1,,Pseudomonas phage PaZq-1,2023,"Pseudomonas phage PaZq-1, complete genome.",0,0,0,0,0
NC_073606,NC_073606.1,,Pseudomonas phage pPA-3099-2aT.2,2023,"Pseudomonas phage pPA-3099-2aT.2, complete genome.",0,0,0,0,0
NC_073605,NC_073605.1,,Pseudomonas phage ITTPL,2023,"Pseudomonas phage ITTPL, complete genome.",0,0,0,0,0
NC_073604,NC_073604.1,,Pseudomonas phage SPA05,2023,"Pseudomonas phage SPA05, complete genome.",0,0,0,0,0
NC_073603,NC_073603.1,,Pseudomonas phage PaGz-1,2023,"Pseudomonas phage PaGz-1, complete genome.",0,0,0,0,0
NC_073602,NC_073602.1,,Pseudomonas phage SPA01,2023,"Pseudomonas phage SPA01, complete genome.",0,0,0,0,0
NC_073601,NC_073601.1,,Pseudomonas phage EM,2023,"Pseudomonas phage EM, complete genome.",0,0,0,0,0
NC_073600,NC_073600.1,,Arthrobacter phage Yavru,2023,"Arthrobacter phage Yavru, complete genome.",1,0,0,0,0
NC_073599,NC_073599.1,,Arthrobacter phage Whytu,2023,"Arthrobacter phage Whytu, complete genome.",1,0,0,0,0
NC_073598,NC_073598.1,,Arthrobacter phage BlueFeather,2023,"Arthrobacter phage BlueFeather, complete genome.",1,0,0,0,0
NC_073597,NC_073597.1,,Arthrobacter phage Idaho,2023,"Arthrobacter phage Idaho, complete genome.",1,0,0,0,0
NC_073596,NC_073596.1,,Arthrobacter phage Corgi,2023,"Arthrobacter phage Corgi, complete genome.",1,0,0,0,0
NC_073595,NC_073595.1,,Arthrobacter phage Noely,2023,"Arthrobacter phage Noely, complete genome.",1,0,0,0,0
NC_054898,NC_054898.2,,Vibrio phage Vc1,2023,"Vibrio virus 2019VC1, complete genome.",0,0,0,0,0
NC_073594,NC_073594.1,,Arthrobacter phage Bauer,2023,"Arthrobacter phage Bauer, complete genome.",1,0,0,0,0
NC_073593,NC_073593.1,,Arthrobacter phage Elesar,2023,"Arthrobacter phage Elesar, complete genome.",1,0,0,0,0
NC_073592,NC_073592.1,,Arthrobacter phage Popper,2023,"Arthrobacter phage Popper, complete genome.",1,0,0,0,0
NC_073591,NC_073591.1,,Arthrobacter phage Zaheer,2023,"Arthrobacter phage Zaheer, complete genome.",1,0,0,0,0
NC_073590,NC_073590.1,,Arthrobacter phage Cole,2023,"Arthrobacter phage Cole, complete genome.",1,0,0,0,0
NC_073589,NC_073589.1,,Arthrobacter phage Ryan,2023,"Arthrobacter phage Ryan, complete genome.",1,0,0,0,0
NC_073588,NC_073588.1,,Arthrobacter phage Nandita,2023,"Arthrobacter phage Nandita, complete genome.",1,0,0,0,0
NC_073490,NC_073490.1,,Streptomyces phage Eastland,2023,"Streptomyces phage Eastland, complete genome.",1,0,0,0,0
NC_073489,NC_073489.1,,Streptomyces phage Piccadilly,2023,"Streptomyces phage Piccadilly, complete genome.",1,0,0,0,0
NC_073488,NC_073488.1,,Streptomyces phage Cumberbatch,2023,"Streptomyces phage Cumberbatch, complete genome.",1,0,0,0,0
NC_073487,NC_073487.1,,Streptomyces phage HFrancette,2023,"Streptomyces phage HFrancette, complete genome.",1,0,0,0,0
NC_073486,NC_073486.1,,Streptomyces phage Vondra,2023,"Streptomyces phage Vondra, complete genome.",1,0,0,0,0
NC_073485,NC_073485.1,,Streptomyces phage AxeJC,2023,"Streptomyces phage AxeJC, complete genome.",1,0,0,0,0
NC_073484,NC_073484.1,,Streptomyces phage Eklok,2023,"Streptomyces phage Eklok, complete genome.",1,0,0,0,0
NC_073483,NC_073483.1,,Streptomyces phage Ignacio,2023,"Streptomyces phage Ignacio, complete genome.",1,0,0,0,0
NC_073482,NC_073482.1,,Clostridium phage CI55P1,2023,"Clostridium phage CI55P1, complete genome.",0,0,0,0,0
NC_073481,NC_073481.1,,Clostridium phage CI461P1,2023,"Clostridium phage CI461P1, complete genome.",0,0,0,0,0
NC_073480,NC_073480.1,,Rhizobium phage RHph_N3_8,2023,"Rhizobium phage RHph_N3_8, complete genome.",1,0,0,0,0
NC_073479,NC_073479.1,,Glutamicibacter phage Voltaire,2023,"Glutamicibacter phage Voltaire genome assembly, complete genome: monopartite.",0,0,0,0,0
NC_073478,NC_073478.1,,Bifidobacterium phage BD811P2,2023,"Bifidobacterium phage BD811P2, complete genome.",0,0,0,0,0
NC_073477,NC_073477.1,,Curtobacterium phage Reje,2023,"Curtobacterium phage Reje, complete genome.",0,0,0,0,0
NC_073476,NC_073476.1,,Curtobacterium phage Pize,2023,"Curtobacterium phage Pize, complete genome.",0,0,0,0,0
NC_073475,NC_073475.1,,Rhodococcus phage Mbo4,2023,"Rhodococcus phage Mbo4, complete genome.",0,0,0,0,0
NC_073474,NC_073474.1,,Gordonia phage VanLee,2023,"Gordonia phage VanLee, complete genome.",1,0,0,0,0
NC_073473,NC_073473.1,,Streptomyces phage TurkishDelight,2023,"Streptomyces phage TurkishDelight, complete genome.",1,0,0,0,0
NC_073472,NC_073472.1,,Streptomyces phage Success,2023,"Streptomyces phage Success, complete genome.",1,0,0,0,0
NC_073471,NC_073471.1,,Rothia phage Spartoi,2023,"Rothia phage Spartoi, complete genome.",1,0,0,0,0
NC_073470,NC_073470.1,,Microbacterium phage Shocker,2023,"Microbacterium phage Shocker, complete genome.",1,0,0,0,0
NC_073469,NC_073469.1,,Arthrobacter phage Shambre1,2023,"Arthrobacter phage Shambre1, complete genome.",1,0,0,0,0
NC_073468,NC_073468.1,,Microbacterium phage Pumpernickel,2023,"Microbacterium phage Pumpernickel, complete genome.",1,0,0,0,0
NC_073467,NC_073467.1,,Microbacterium phage PineapplePizza,2023,"Microbacterium phage PineapplePizza, complete genome.",1,0,0,0,0
NC_073466,NC_073466.1,,Microbacterium phage OscarSo,2023,"Microbacterium phage OscarSo, complete genome.",1,0,0,0,0
NC_073465,NC_073465.1,,Mycobacterium phage MalagasyRose,2023,"Mycobacterium phage MalagasyRose, complete genome.",1,0,0,0,0
NC_073464,NC_073464.1,,Mycobacterium phage LilSpotty,2023,"Mycobacterium phage LilSpotty, complete genome.",1,0,0,0,0
NC_073463,NC_073463.1,,Mycobacterium phage IdentityCrisis,2023,"Mycobacterium phage IdentityCrisis, complete genome.",1,0,0,0,0
NC_073462,NC_073462.1,,Streptomyces phage Ibantik,2023,"Streptomyces phage Ibantik, complete genome.",1,0,0,0,0
NC_073461,NC_073461.1,,Streptomyces phage Gilgamesh,2023,"Streptomyces phage Gilgamesh, complete genome.",1,0,0,0,0
NC_073460,NC_073460.1,,Microbacterium phage Footloose,2023,"Microbacterium phage Footloose, complete genome.",1,0,0,0,0
NC_073459,NC_073459.1,,Gordonia phage Finkle,2023,"Gordonia phage Finkle, complete genome.",1,0,0,0,0
NC_073458,NC_073458.1,,Corynebacterium phage EmiRose,2023,"Corynebacterium phage EmiRose, complete genome.",1,0,0,0,0
NC_073457,NC_073457.1,,Streptomyces phage Chymera,2023,"Streptomyces phage Chymera, complete genome.",1,0,0,0,0
NC_073456,NC_073456.1,,Rhodococcus phage ChewyVIII,2023,"Rhodococcus phage ChewyVIII, complete genome.",1,0,0,0,0
NC_073455,NC_073455.1,,Microbacterium phage AnnaLie,2023,"Microbacterium phage AnnaLie, complete genome.",1,0,0,0,0
NC_073454,NC_073454.1,,Microbacterium phage SansAfet,2023,"Microbacterium phage SansAfet, complete genome.",1,0,0,0,0
NC_073453,NC_073453.1,,Microbacterium phage CroZenni,2023,"Microbacterium phage CroZenni, complete genome.",1,0,0,0,0
NC_073452,NC_073452.1,,Microbacterium phage BubbaBear,2023,"Microbacterium phage BubbaBear, complete genome.",1,0,0,0,0
NC_073451,NC_073451.1,,Microbacterium phage Jovita,2023,"Microbacterium phage Jovita, complete genome.",1,0,0,0,0
NC_073450,NC_073450.1,,Microbacterium phage Swervy,2023,"Microbacterium phage Swervy, complete genome.",1,0,0,0,0
NC_073449,NC_073449.1,,Microbacterium phage QMacho,2023,"Microbacterium phage QMacho, complete genome.",1,0,0,0,0
NC_073448,NC_073448.1,,Microbacterium phage Eula,2023,"Microbacterium phage Eula, complete genome.",1,0,0,0,0
NC_073447,NC_073447.1,,Microbacterium phage Kenzers,2023,"Microbacterium phage Kenzers, complete genome.",1,0,0,0,0
NC_073446,NC_073446.1,,Microbacterium phage Lynlen,2023,"Microbacterium phage Lynlen, complete genome.",1,0,0,0,0
NC_073445,NC_073445.1,,Microbacterium phage Abigail,2023,"Microbacterium phage Abigail, complete genome.",1,0,0,0,0
NC_073444,NC_073444.1,,Microbacterium phage Avocadoman,2023,"Microbacterium phage Avocadoman, complete genome.",1,0,0,0,0
NC_073443,NC_073443.1,,Microbacterium phage DickRichards,2023,"Microbacterium phage DickRichards, complete genome.",1,0,0,0,0
NC_073442,NC_073442.1,,Microbacterium phage Burritobowl,2023,"Microbacterium phage Burritobowl, complete genome.",1,0,0,0,0
NC_073441,NC_073441.1,,Microbacterium phage Doobus,2023,"Microbacterium phage Doobus, complete genome.",1,0,0,0,0
NC_073440,NC_073440.1,,Microbacterium phage Albright,2023,"Microbacterium phage Albright, complete genome.",1,0,0,0,0
NC_073439,NC_073439.1,,Microbacterium phage IndyLu,2023,"Microbacterium phage IndyLu, complete genome.",1,0,0,0,0
NC_073438,NC_073438.1,,Microbacterium phage Didgeridoo,2023,"Microbacterium phage Didgeridoo, complete genome.",1,0,0,0,0
NC_073437,NC_073437.1,,Microbacterium phage Lahqtemish,2023,"Microbacterium phage Lahqtemish, complete genome.",1,0,0,0,0
NC_073436,NC_073436.1,,Microbacterium phage Arroyo,2023,"Microbacterium phage Arroyo, complete genome.",1,0,0,0,0
NC_073435,NC_073435.1,,Microbacterium phage Stromboli,2023,"Microbacterium phage Stromboli, complete genome.",1,0,0,0,0
NC_073434,NC_073434.1,,Microbacterium Phage DirtyBubble,2023,"Microbacterium Phage DirtyBubble, complete genome.",1,0,0,0,0
NC_073433,NC_073433.1,,Microbacterium phage Stoor,2023,"Microbacterium phage Stoor, complete genome.",1,0,0,0,0
NC_073432,NC_073432.1,,Microbacterium phage Elva,2023,"Microbacterium phage Elva, complete genome.",1,0,0,0,0
NC_073431,NC_073431.1,,Microbacterium phage AvGardian,2023,"Microbacterium phage AvGardian, complete genome.",1,0,0,0,0
NC_073430,NC_073430.1,,Microbacterium phage Katzastrophic,2023,"Microbacterium phage Katzastrophic, complete genome.",1,0,0,0,0
NC_073429,NC_073429.1,,Microbacterium phage Celaena,2023,"Microbacterium phage Celaena, complete genome.",1,0,0,0,0
NC_073428,NC_073428.1,,Microbacterium phage Quenya,2023,"Microbacterium phage Quenya, complete genome.",1,0,0,0,0
NC_073427,NC_073427.1,,Microbacterium phage Franklin22,2023,"Microbacterium phage Franklin22, complete genome.",1,0,0,0,0
NC_073376,NC_073376.1,,Microbacterium phage Teamocil,2023,"Microbacterium phage Teamocil, complete genome.",1,0,0,0,0
NC_073375,NC_073375.1,,Microbacterium phage Jayden,2023,"Microbacterium phage Jayden, complete genome.",1,0,0,0,0
NC_073374,NC_073374.1,,Microbacterium phage Ariadne,2023,"Microbacterium phage Ariadne, complete genome.",1,0,0,0,0
NC_073373,NC_073373.1,,Microbacterium phage Tyrumbra,2023,"Microbacterium phage Tyrumbra, complete genome.",1,0,0,0,0
NC_073372,NC_073372.1,,Microbacterium phage NoodlelyBoi,2023,"Microbacterium phage NoodlelyBoi, complete genome.",1,0,0,0,0
NC_073371,NC_073371.1,,Microbacterium phage ClearAsMud,2023,"Microbacterium phage ClearAsMud, complete genome.",1,0,0,0,0
NC_073370,NC_073370.1,,Microbacterium phage Shotgun,2023,"Microbacterium phage Shotgun, complete genome.",1,0,0,0,0
NC_073369,NC_073369.1,,Microbacterium phage Honeyfin,2023,"Microbacterium phage Honeyfin, complete genome.",1,0,0,0,0
NC_073368,NC_073368.1,,Microbacterium phage Megan,2023,"Microbacterium phage Megan, complete genome.",1,0,0,0,0
NC_073367,NC_073367.1,,Microbacterium phage Terij,2023,"Microbacterium phage Terij, complete genome.",1,0,0,0,0
NC_073366,NC_073366.1,,Microbacterium phage Margaery,2023,"Microbacterium phage Margaery, complete genome.",1,0,0,0,0
NC_073365,NC_073365.1,,Microbacterium phage Cinna,2023,"Microbacterium phage Cinna, complete genome.",1,0,0,0,0
NC_073364,NC_073364.1,,Microbacterium phage Matzah,2023,"Microbacterium phage Matzah, complete genome.",1,0,0,0,0
NC_073363,NC_073363.1,,Microbacterium phage Cressida,2023,"Microbacterium phage Cressida, complete genome.",1,0,0,0,0
NC_073362,NC_073362.1,,Microbacterium phage Kozie,2023,"Microbacterium phage Kozie, complete genome.",1,0,0,0,0
NC_073336,NC_073336.1,,Arthrobacter phage ScienceWizSam,2023,"Arthrobacter phage ScienceWizSam, complete genome.",1,0,0,0,0
NC_073335,NC_073335.1,,Arthrobacter phage DevitoJr,2023,"Arthrobacter phage DevitoJr, complete genome.",1,0,0,0,0
NC_073334,NC_073334.1,,Arthrobacter phage Darby,2023,"Arthrobacter phage Darby, complete genome.",1,0,0,0,0
NC_073333,NC_073333.1,,Arthrobacter phage Trustiboi,2023,"Arthrobacter phage Trustiboi, complete genome.",1,0,0,0,0
NC_073332,NC_073332.1,,Arthrobacter phage Tatanka,2023,"Arthrobacter phage Tatanka, complete genome.",1,0,0,0,0
NC_073331,NC_073331.1,,Arthrobacter phage CastorTray,2023,"Arthrobacter phage CastorTray, complete genome.",1,0,0,0,0
NC_073330,NC_073330.1,,Arthrobacter phage Synepsis,2023,"Arthrobacter phage Synepsis, complete genome.",1,0,0,0,0
NC_073329,NC_073329.1,,Arthrobacter phage Breylor17,2023,"Arthrobacter phage Breylor17, complete genome.",1,0,0,0,0
NC_073328,NC_073328.1,,Arthrobacter phage Nightmare,2023,"Arthrobacter phage Nightmare, complete genome.",1,0,0,0,0
NC_073327,NC_073327.1,,Arthrobacter phage Niktson,2023,"Arthrobacter phage Niktson, complete genome.",1,0,0,0,0
NC_073326,NC_073326.1,,Arthrobacter phage Teacup,2023,"Arthrobacter phage Teacup, complete genome.",1,0,0,0,0
NC_073325,NC_073325.1,,Escherichia phage vB_EcoS_XY1,2023,"Escherichia phage vB_EcoS_XY1, complete genome.",0,0,0,0,0
NC_073324,NC_073324.1,,Escherichia phage vB_EcoS-22664BS2,2023,"Escherichia phage vB_EcoS-22664BS2, complete genome.",0,0,0,0,0
NC_073323,NC_073323.1,,Escherichia phage vB_EcoS-phiEc3,2023,"Escherichia phage vB_EcoS-phiEc3, complete genome.",0,0,0,0,0
NC_073322,NC_073322.1,,Escherichia phage vB_EcoS-Ro145c2YLVW,2023,"Escherichia phage vB_EcoS-Ro145c2YLVW, complete genome.",1,0,0,0,0
NC_073321,NC_073321.1,,Escherichia phage ZCEC5,2023,"Escherichia phage ZCEC5, complete genome.",1,0,0,0,0
NC_073320,NC_073320.1,,Escherichia phage 26,2023,"Escherichia phage 26, complete genome.",0,0,0,0,0
NC_073319,NC_073319.1,,Escherichia phage SZH-1,2023,"Escherichia phage SZH-1, complete genome.",0,0,0,0,0
NC_073318,NC_073318.1,,Escherichia phage NTEC3,2023,"Escherichia phage NTEC3, complete genome.",0,0,0,0,0
NC_073317,NC_073317.1,,Escherichia phage vB_EcoS_fPoEco01,2023,"Escherichia phage vB_EcoS_fPoEco01, complete genome.",0,0,0,0,0
NC_073316,NC_073316.1,,Escherichia phage vB_EcoS_fFiEco02,2023,"Escherichia phage vB_EcoS_fFiEco02, complete genome.",0,0,0,0,0
NC_073315,NC_073315.1,,Escherichia phage vB_EcoS_fFiEco03,2023,"Escherichia phage vB_EcoS_fFiEco03, complete genome.",0,0,0,0,0
NC_073314,NC_073314.1,,Escherichia virus fEg-Eco19,2023,"Escherichia virus fEg-Eco19, complete genome.",0,0,0,0,0
NC_013420,NC_013420.1,,Streptomyces phage ZL12,2023,"Streptomyces phage ZL12, complete genome.",0,0,0,0,0
NC_070951,NC_070951.1,,Stenotrophomonas maltophilia phage vB_SmaM_Ps15,2023,"Stenotrophomonas phage vB_SmaM_Ps15, complete genome.",0,0,0,0,0
NC_071039,NC_071039.1,,Pseudomonas phage vB_PaeM_PA5oct,2023,"Pseudomonas phage vB_PaeM_PA5oct, complete genome.",0,0,0,0,0
NC_071001,NC_071001.1,,Providencia phage PSTCR7,2023,"Providencia phage PSTCR7, complete genome.",0,0,0,0,0
NC_071000,NC_071000.1,,Providencia phage PSTCR4,2023,"Providencia phage PSTCR4, complete genome.",0,0,0,0,0
NC_070970,NC_070970.1,,Pseudomonas phage Iggy,2023,"Pseudomonas phage Iggy, complete genome.",0,0,0,0,0
NC_047702,NC_047702.1,,uncultured phage_MedDCM-OCT-S35-C6,2023,"Uncultured phage_MedDCM-OCT-S35-C6 DNA, complete genome, group G8, isolate: uvMED-CGR-U-MedDCM-OCT-S35-C6.",0,0,0,1,1
NC_029304,NC_029304.2,,Cnaphalocrocis medinalis granulovirus,2023,"Cnaphalocrocis medinalis granulovirus strain Enping, complete genome.",0,0,0,0,0
NC_011097,NC_011097.2,,Cycad leaf necrosis virus,2023,"Cycad leaf necrosis virus, complete genome.",0,0,0,0,0
NC_001653,NC_001653.2,,Hepatitis delta virus,2023,"Hepatitis delta virus, complete genome.",0,0,0,0,0
NC_062748,NC_062748.1,,Olleya phage Harreka_1,2023,"Olleya phage Harreka_1, complete genome.",0,0,0,0,0
NC_069146,NC_069146.1,,Salmonella phage St162,2023,"Salmonella phage St162, complete genome.",0,0,0,0,0
NC_073219,NC_073219.1,,Salmonella phage sidste,2023,"Salmonella phage sidste, complete genome.",0,0,0,0,0
NC_073218,NC_073218.1,,Salmonella phage demigod,2023,"Salmonella phage demigod, complete genome.",0,0,0,0,0
NC_073217,NC_073217.1,,Salmonella phage pink,2023,"Salmonella phage pink, complete genome.",0,0,0,0,0
NC_073216,NC_073216.1,,Salmonella phage STP03,2023,"Salmonella phage STP03, complete genome.",1,0,0,0,0
NC_073215,NC_073215.1,,Salmonella phage SGPC,2023,"Salmonella phage SGPC, complete genome.",0,0,0,0,0
NC_073214,NC_073214.1,,Salmonella phage vB_SenS_ER1,2023,"Salmonella phage vB_SenS_ER1, complete genome.",0,0,0,0,0
NC_073213,NC_073213.1,,Salmonella phage vB_SenS_SB3,2023,"Salmonella phage vB_SenS_SB3, complete genome.",0,0,0,0,0
NC_073212,NC_073212.1,,Salmonella phage ZCSE9,2023,"Salmonella phage ZCSE9, complete genome.",0,0,0,0,0
NC_073211,NC_073211.1,,Salmonella phage T102,2023,"Salmonella phage T102, complete genome.",0,0,0,0,0
NC_073210,NC_073210.1,,Salmonella phage fmb-p1,2023,"Salmonella phage fmb-p1, complete genome.",0,0,0,0,0
NC_073209,NC_073209.1,,Salmonella phage GRNsp50,2023,"Salmonella phage GRNsp50, complete genome.",0,0,0,0,0
NC_073208,NC_073208.1,,Salmonella phage SLMP1,2023,"Salmonella phage SLMP1, complete genome.",0,0,0,0,0
NC_073207,NC_073207.1,,Salmonella phage SHWT1,2023,"Salmonella phage SHWT1, complete genome.",0,0,0,0,0
NC_073206,NC_073206.1,,Salmonella phage CTH7,2023,"Salmonella phage CTH7, complete genome.",0,0,0,0,0
NC_073205,NC_073205.1,,Salmonella phage LP31,2023,"Salmonella phage LP31, complete genome.",0,0,0,0,0
NC_073204,NC_073204.1,,Salmonella phage LPSE1,2023,"Salmonella phage LPSE1, complete genome.",0,0,1,0,0
NC_073203,NC_073203.1,,Salmonella phage MET_P1_001_43,2023,"Salmonella phage MET_P1_001_43, complete genome.",0,0,0,0,0
NC_073202,NC_073202.1,,Salmonella phage celemicas,2023,"Salmonella phage celemicas, complete genome.",0,0,0,0,0
NC_073201,NC_073201.1,,Salmonella phage dunkel,2023,"Salmonella phage dunkel, complete genome.",0,0,0,0,0
NC_073200,NC_073200.1,,Salmonella phage S100,2023,"Salmonella phage S100, complete genome.",0,0,0,0,0
NC_073199,NC_073199.1,,Salmonella phage S102,2023,"Salmonella phage S102, complete genome.",0,0,0,0,0
NC_073198,NC_073198.1,,Salmonella phage vB_SenS_ER21,2023,"Salmonella phage vB_SenS_ER21, complete genome.",0,0,0,0,0
NC_073197,NC_073197.1,,Salmonella phage vB_SenS_ER23,2023,"Salmonella phage vB_SenS_ER23, complete genome.",0,0,0,0,0
NC_073196,NC_073196.1,,Salmonella phage NBSal006,2023,"Salmonella phage NBSal006, complete genome.",0,0,0,0,0
NC_073195,NC_073195.1,,Salmonella phage Shelanagig,2023,"Salmonella phage Shelanagig, complete genome.",1,0,0,0,0
NC_073194,NC_073194.1,,Salmonella phage vB_SalP_LDW16,2023,"Salmonella phage vB_SalP_LDW16, complete genome.",0,0,0,0,0
NC_073193,NC_073193.1,,Salmonella phage vB_SalS-S10,2023,"Salmonella phage vB_SalS-S10, complete genome.",0,0,0,0,0
NC_073192,NC_073192.1,,Salmonella phage F118P13,2023,"Salmonella phage F118P13, complete genome.",0,0,0,0,0
NC_073191,NC_073191.1,,Salmonella phage vB_SenS-EnJE6,2023,"Salmonella phage vB_SenS-EnJE6, complete genome.",0,0,0,0,0
NC_073190,NC_073190.1,,Salmonella phage vB_SenS_S528,2023,"Salmonella phage vB_SenS_S528, complete genome.",0,0,0,0,0
NC_073189,NC_073189.1,,Salmonella phage JD01,2023,"Salmonella phage JD01, complete genome.",0,0,0,0,0
NC_073188,NC_073188.1,,Salmonella phage vB_SenS_S532,2023,"Salmonella phage vB_SenS_S532, complete genome.",0,0,0,0,0
NC_073187,NC_073187.1,,Salmonella phage vB_SenS-EnJE1,2023,"Salmonella phage vB_SenS-EnJE1, complete genome.",0,0,0,0,0
NC_073186,NC_073186.1,,Salmonella phage vB_SenS_PVP-SE2,2023,"Salmonella phage vB_SenS_PVP-SE2, complete genome.",1,0,0,0,0
NC_073185,NC_073185.1,,Salmonella phage PBSE191,2023,"Salmonella phage PBSE191, complete genome.",0,0,0,0,0
NC_073184,NC_073184.1,,Salmonella phage F12013,2023,"Salmonella phage F12013, complete genome.",0,0,0,0,0
NC_073183,NC_073183.1,,Salmonella phage NBSal007,2023,"Salmonella phage NBSal007, complete genome.",0,0,0,0,0
NC_073182,NC_073182.1,,Salmonella virus VSe103,2023,"Salmonella virus VSe103, complete genome.",0,0,0,0,0
NC_073181,NC_073181.1,,Salmonella phage 5sent1,2023,"Salmonella phage 5sent1, complete genome.",0,0,0,0,0
NC_073180,NC_073180.1,,Salmonella phage templet,2023,"Salmonella phage templet, complete genome.",0,0,0,0,0
NC_073179,NC_073179.1,,Salmonella phage vB_SenS_TUMS_E4,2023,"Salmonella phage vB_SenS_TUMS_E4, complete genome.",0,0,0,0,0
NC_073178,NC_073178.1,,Salmonella phage vB_SenS_TUMS_E19,2023,"Salmonella phage vB_SenS_TUMS_E19, complete genome.",0,0,0,0,0
NC_073177,NC_073177.1,,Salmonella phage vB_StyS-sam,2023,"Salmonella phage vB_StyS-sam DNA, complete genome.",0,0,0,0,0
NC_073176,NC_073176.1,,Salmonella virus VSe101,2023,"Salmonella virus VSe101, complete genome.",0,0,0,0,0
NC_073175,NC_073175.1,,Salmonella virus VSt10,2023,"Salmonella virus VSt10, complete genome.",0,0,0,0,0
NC_073174,NC_073174.1,,Salmonella phage wast,2023,"Salmonella phage wast, complete genome.",0,0,0,0,0
NC_073173,NC_073173.1,,Salmonella phage blauehaus,2023,"Salmonella phage blauehaus, complete genome.",0,0,0,0,0
NC_073172,NC_073172.1,,Salmonella phage skrot,2023,"Salmonella phage skrot, complete genome.",0,0,0,0,0
NC_073171,NC_073171.1,,Salmonella phage horsemountain,2023,"Salmonella phage horsemountain, complete genome.",0,0,0,0,0
NC_073170,NC_073170.1,,Salmonella phage SE-W109,2023,"Salmonella phage SE-W109, complete genome.",0,0,0,0,0
NC_073169,NC_073169.1,,Salmonella phage SS5,2023,"Salmonella phage SS5, complete genome.",0,0,0,0,0
NC_073095,NC_073095.1,,Xanthomonas phage Pfeifenkraut,2023,"Xanthomonas phage Pfeifenkraut, complete genome.",1,0,0,0,0
NC_073094,NC_073094.1,,Xanthomonas phage Langgrundblatt2,2023,"Xanthomonas phage Langgrundblatt2, complete genome.",1,0,0,0,0
NC_073093,NC_073093.1,,Xanthomonas phage Langgrundblatt1,2023,"Xanthomonas phage Langgrundblatt1, complete genome.",1,0,0,0,0
NC_073091,NC_073091.1,,Bacillus phage 0105phi7-2,2023,"Bacillus phage 0105phi7-2, complete genome.",0,0,0,0,0
NC_073090,NC_073090.1,,Bacillus phage vB_BanS_Athena,2023,"Bacillus phage vB_BanS_Athena, complete genome.",1,0,0,0,0
NC_073089,NC_073089.1,,Escherichia phage Oekolampad,2023,"Escherichia phage Oekolampad, complete genome.",0,0,0,0,0
NC_073088,NC_073088.1,,Escherichia phage PC2,2023,"Escherichia phage PC2, complete genome.",0,0,0,0,0
NC_073086,NC_073086.1,,Escherichia phage vB_EcoS_L-h 1M,2023,"Escherichia phage vB_EcoS_L-h 1M, complete genome.",0,0,0,0,0
NC_073085,NC_073085.1,,Escherichia phage vB_EcoS_011D5,2023,"Escherichia phage vB_EcoS_011D5, complete genome.",0,0,0,0,0
NC_073084,NC_073084.1,,Escherichia phage vb_EcoS_bov22_1,2023,"Escherichia phage vb_EcoS_bov22_1, complete genome.",0,0,0,0,0
NC_073083,NC_073083.1,,Escherichia phage BF9,2023,"Escherichia phage BF9, complete genome.",0,0,0,0,0
NC_073082,NC_073082.1,,Shigella phage vB_SboD_StarDew,2023,"Shigella phage vB_SboD_StarDew, complete genome.",1,0,0,0,0
NC_073081,NC_073081.1,,Escherichia phage vB_EcoS_Sponge,2023,"Escherichia phage vB_EcoS_Sponge, complete genome.",1,0,0,0,0
NC_073080,NC_073080.1,,Escherichia phage EC115,2023,"Escherichia phage EC115, complete genome.",1,0,0,0,0
NC_073079,NC_073079.1,,Escherichia phage vB_EcoD_Over9000,2023,"Escherichia phage vB_EcoD_Over9000, complete genome.",1,0,0,0,0
NC_073078,NC_073078.1,,Escherichia phage welsh,2023,"Escherichia phage welsh, complete genome.",0,0,0,0,0
NC_073076,NC_073076.1,,Escherichia phage jat,2023,"Escherichia phage jat, complete genome.",0,0,0,0,0
NC_073075,NC_073075.1,,Escherichia phage ZCEC10,2023,"Escherichia phage ZCEC10, complete genome.",0,0,0,0,0
NC_073074,NC_073074.1,,Escherichia phage UAE_MI-01,2023,"Escherichia phage UAE_MI-01, complete genome.",0,0,0,0,0
NC_073073,NC_073073.1,,Escherichia phage mckay,2023,"Escherichia phage mckay, complete genome.",0,0,0,0,0
NC_073072,NC_073072.1,,Escherichia phage bob,2023,"Escherichia phage bob, complete genome.",0,0,0,0,0
NC_073070,NC_073070.1,,Escherichia phage CEC_Kaz_2018,2023,"Escherichia phage CEC_Kaz_2018, complete genome.",0,0,0,0,0
NC_073069,NC_073069.1,,Escherichia phage B2,2023,"Escherichia phage B2, complete genome.",0,0,0,0,0
NC_073068,NC_073068.1,,Escherichia phage vB_EcoD_Pubbukkers,2023,"Escherichia phage vB_EcoD_Pubbukkers, complete genome.",1,0,0,0,0
NC_073067,NC_073067.1,,Escherichia phage PaulFeyerabend,2023,"Escherichia phage PaulFeyerabend, complete genome.",0,0,0,0,0
NC_073066,NC_073066.1,,Escherichia phage GeorgBuechner,2023,"Escherichia phage GeorgBuechner, complete genome.",0,0,0,0,0
NC_073065,NC_073065.1,,Escherichia phage vB_EcoS_Zar3M,2023,"Escherichia phage vB_EcoS_Zar3M, complete genome.",0,0,0,0,0
NC_073064,NC_073064.1,,Escherichia phage vB_EcoS_PTXU06,2023,"Escherichia phage vB_EcoS_PTXU06, complete genome.",1,0,0,0,0
NC_073063,NC_073063.1,,Escherichia phage vB_EcoS_PNS1,2023,"Escherichia phage vB_EcoS_PNS1, complete genome.",0,0,0,0,0
NC_073062,NC_073062.1,,Escherichia phage TheodorHerzl,2023,"Escherichia phage TheodorHerzl, complete genome.",0,0,0,0,0
NC_073061,NC_073061.1,,Escherichia phage vB_EcoS-101114BS4,2023,"Escherichia phage vB_EcoS-101114BS4, complete genome.",0,0,0,0,0
NC_073060,NC_073060.1,,Escherichia phage vB_EcoS_WF5505,2023,"Escherichia phage vB_EcoS_WF5505, complete genome.",1,0,0,0,0
NC_073059,NC_073059.1,,Escherichia phage vB_EcoS-CHD5UKE2,2023,"Escherichia phage vB_EcoS-CHD5UKE2, complete genome.",0,0,0,0,0
NC_073058,NC_073058.1,,Escherichia phage vB_EcoS_WFI,2023,"Escherichia phage vB_EcoS_WFI, complete genome.",1,0,0,0,0
NC_073057,NC_073057.1,,Escherichia phage KarlBarth,2023,"Escherichia phage KarlBarth, complete genome.",0,0,0,0,0
NC_073056,NC_073056.1,,Escherichia phage rolling,2023,"Escherichia phage rolling, complete genome.",0,0,0,0,0
NC_073055,NC_073055.1,,Escherichia phage vB_EcoD_Opt212,2023,"Escherichia phage vB_EcoD_Opt212, complete genome.",1,0,0,0,0
NC_073054,NC_073054.1,,Escherichia phage JLBYU37,2023,"Escherichia phage JLBYU37, complete genome.",1,0,0,0,0
NC_073053,NC_073053.1,,Escherichia phage vB_EcoD_Teewinot,2023,"Escherichia phage vB_EcoD_Teewinot, complete genome.",1,0,0,0,0
NC_073052,NC_073052.1,,Escherichia phage JLBYU60,2023,"Escherichia phage JLBYU60, complete genome.",1,0,0,0,0
NC_073051,NC_073051.1,,Escherichia phage PEC14,2023,"Escherichia phage PEC14, complete genome.",0,0,0,0,0
NC_073050,NC_073050.1,,Bacillus phage FADO,2023,"Bacillus phage FADO, complete genome.",1,0,0,0,0
NC_073049,NC_073049.1,,Bacillus phage z1a,2023,"Bacillus phage z1a, complete genome.",0,0,0,0,0
NC_073048,NC_073048.1,,Bacillus phage J5a,2023,"Bacillus phage J5a, complete genome.",0,0,0,0,0
NC_073047,NC_073047.1,,Bacillus phage Tavor_SA,2023,"Bacillus phage Tavor_SA, complete genome.",0,0,0,0,0
NC_073045,NC_073045.1,,Bacillus Phage vB_BanS_McSteamy,2023,"Bacillus Phage vB_BanS_McSteamy, complete genome.",1,0,0,0,0
NC_073044,NC_073044.1,,Bacillus phage Negev_SA,2023,"Bacillus phage Negev_SA, complete genome.",0,0,0,0,0
NC_073043,NC_073043.1,,Bacillus phage F16Ba,2023,"Bacillus phage F16Ba, complete genome.",0,0,0,0,0
NC_073042,NC_073042.1,,Bacillus phage Carmel_SA,2023,"Bacillus phage Carmel_SA, complete genome.",0,0,0,0,0
NC_073041,NC_073041.1,,Bacillus phage Gamma,2023,"Bacillus anthracis phage Gamma isolate 53, complete genome.",0,0,0,0,0
NC_073040,NC_073040.1,,Bacillus phage AP631,2023,"Bacillus phage AP631, complete genome.",0,0,0,0,0
NC_073039,NC_073039.1,,Pseudomonas phage phiH1,2023,"Pseudomonas phage phiH1, complete genome.",0,0,0,0,0
NC_073038,NC_073038.1,,Pseudomonas phage AAT-1,2023,"Pseudomonas phage AAT-1, complete genome.",0,0,0,0,0
NC_073037,NC_073037.1,,Pseudomonas phage phiH2,2023,"Pseudomonas phage phiH2, complete genome.",0,0,0,0,0
NC_073036,NC_073036.1,,Xanthomonas phage vB_Xar_IVIA-DoCa10,2023,"Xanthomonas phage vB_Xar_IVIA-DoCa10, complete genome.",0,0,0,0,0
NC_073035,NC_073035.1,,Xanthomonas phage vB_Xar_IVIA-DoCa6,2023,"Xanthomonas phage vB_Xar_IVIA-DoCa6, complete genome.",0,0,0,0,0
NC_073034,NC_073034.1,,Stenotrophomonas phage vB_SmaS-AXL_1,2023,"Stenotrophomonas phage vB_SmaS-AXL_1, complete genome.",0,0,0,0,0
NC_073033,NC_073033.1,,Xanthomonas phage Xp12,2023,"Xanthomonas phage Xp12, complete genome.",0,0,0,0,0
NC_073032,NC_073032.1,,Xanthomonas phage FMYAK-P1,2023,"Xanthomonas phage FMYAK-P1, complete genome.",0,0,0,0,0
NC_073031,NC_073031.1,,Janthinobacterium phage vB_JliS-Donnerlittchen,2023,"Janthinobacterium phage vB_JliM-Donnerlittchen, complete genome.",0,0,0,0,0
NC_073030,NC_073030.1,,Xanthomonas phage Mallos,2023,"Xanthomonas phage Mallos, complete genome.",1,0,0,0,0
NC_073029,NC_073029.1,,Xanthomonas phage Elanor,2023,"Xanthomonas phage Elanor, complete genome.",1,0,0,0,0
NC_073028,NC_073028.1,,Stenotrophomonas phage vB_Sm_QDWS359,2023,"Stenotrophomonas phage vB_Sm_QDWS359, complete genome.",0,0,0,0,0
NC_073027,NC_073027.1,,Stenotrophomonas phage A1432,2023,"Stenotrophomonas phage A1432, complete genome.",0,0,0,0,0
NC_073026,NC_073026.1,,Xanthomonas phage vB_Xar_IVIA-DoCa5,2023,"Xanthomonas phage vB_Xar_IVIA-DoCa5, complete genome.",0,0,0,0,0
NC_073025,NC_073025.1,,Sphingomonas phage Lucius,2023,"Sphingomonas phage Lucius, complete genome.",0,0,0,0,0
NC_073024,NC_073024.1,,Sphingomonas phage Kharn,2023,"Sphingomonas phage Kharn, complete genome.",0,0,0,0,0
NC_073023,NC_073023.1,,Sphingomonas phage Eidolon,2023,"Sphingomonas phage Eidolon, complete genome.",0,0,0,0,0
NC_073022,NC_073022.1,,Hafnia phage yong1,2023,"Hafnia phage yong1, complete genome.",0,0,0,0,0
NC_007457,NC_007457.1,,Bacillus phage Cherry,2023,"Bacillus anthracis phage Cherry, complete genome.",0,0,0,0,0
NC_002030,NC_002030.1,,Potato spindle tuber viroid,2023,"Potato spindle tuber viroid, complete genome.",0,0,0,0,0
NC_072811,NC_072811.1,,Escherichia phage Halfdan,2023,"Escherichia phage Halfdan, complete genome.",0,0,0,0,0
NC_072810,NC_072810.1,,Pseudomonas phage UF_RH1,2023,"Pseudomonas phage UF_RH1, complete genome.",0,0,0,0,0
NC_072809,NC_072809.1,,Pseudomonas phage vB_PaeS_SCUT-S3,2023,"Pseudomonas phage vB_PaeS_SCUT-S3, complete genome.",0,0,0,0,0
NC_022054,NC_022054.2,,Mycobacterium phage Muddy,2023,"Mycobacterium phage Muddy, complete genome.",1,0,0,0,0
NC_071149,NC_071149.1,,Klebsiella phage vB_Kpn_ZCKp20p,2023,"Klebsiella phage vB_Kpn_ZCKp20p, complete genome.",0,0,0,0,0
NC_051641,NC_051641.1,,Mycobacterium phage Byougenkin,2023,"Mycobacterium phage Byougenkin, complete genome.",1,0,0,0,0
NC_072504,NC_072504.1,,Stenotrophomonas phage vB_SM_ytsc_ply2008005c,2023,"Stenotrophomonas phage vB_SM_ytsc_ply2008005c, complete genome.",0,0,0,0,0
NC_072503,NC_072503.1,,Sphingomonas phage vB_StuS_MMDA13,2023,"Sphingomonas phage vB_StuS_MMDA13, complete genome.",0,0,0,0,0
NC_072502,NC_072502.1,,Pseudomonas phage MiCath,2023,"Pseudomonas phage MiCath, complete genome.",0,0,0,0,0
NC_072501,NC_072501.1,,Pseudomonas phage Quinobequin-P09,2023,"Pseudomonas phage Quinobequin-P09, complete genome.",1,0,0,0,0
NC_072500,NC_072500.1,,Pseudomonas phage vB_PaeS_PAJD-1,2023,"Pseudomonas phage vB_PaeS_PAJD-1, complete genome.",0,0,0,0,0
NC_072499,NC_072499.1,,Xanthomonas phage vB_Xar_IVIA-DoCa3,2023,"Xanthomonas phage vB_Xar_IVIA-DoCa3, complete genome.",0,0,0,0,0
NC_072498,NC_072498.1,,Pseudomonas phage JG054,2023,"Pseudomonas phage JG054, complete genome.",0,0,0,0,0
NC_070971,NC_070971.1,,Pseudomonas virus PBPA162,2023,"Pseudomonas virus PBPA162, complete genome.",0,0,0,0,0
NC_003310,NC_003310.1,,Monkeypox virus,2023,"Monkeypox virus, complete genome.",1,0,1,1,0
NC_005265,NC_005265.1,,Sulfolobus spindle-shaped virus 2,2023,"Sulfolobus virus 2, complete genome.",1,0,0,0,0
NC_001706,NC_001706.1,,Lactococcus phage c2,2023,"Lactobacillus phage c2, complete genome.",0,0,0,0,0
NC_004680,NC_004680.2,,Mycobacterium phage Che8,2023,"Mycobacterium phage Che8, complete genome.",0,0,0,0,0
NC_071157,NC_071157.1,,Klebsiella phage VLCpiS13c,2023,"Klebsiella phage VLCpiS13c, complete genome.",0,0,0,0,0
NC_071156,NC_071156.1,,Klebsiella phage 6991,2023,"Klebsiella phage 6991, complete genome.",0,0,0,1,1
NC_071155,NC_071155.1,,Klebsiella phage VLCpiS13b,2023,"Klebsiella phage VLCpiS13b, complete genome.",0,0,0,0,0
