event_id,family,virus,strain,event_type,year,first_author,title,journal,pmid,doi,accession,path_score,chain_status,culture_system,cpe_evidence,sample_prep_quote,upstream_cites,access,pdf_local,notes
POL-O1,poliovirus,poliovirus type 1,Mahoney (type I genome; accession lineage V01149/J02281),origin,1981,Racaniello,Molecular cloning of poliovirus cDNA and determination of the complete nucleotide sequence of the viral genome,Proc Natl Acad Sci USA,6272282,10.1073/pnas.78.8.4887,V01149 (historically J02281),culture_no_cpe,chain_closed,HeLa type-1 virion RNA (Flanegan←Spector←Baltimore/Girard/Darnell 1966),CPE not stated; PFU as MOI; plaques as RNA-infectivity readout upstream only,"Racaniello: ds cDNA from purified poliovirus RNA (Flanegan 1977). Spector 1975: production of type 1 poliovirus has been described (Baltimore, Girard & Darnell 1966). Baltimore 1966 METHODS: Suspension cultures of S-3 HeLa… infected… with 30–50 PFU/cell of type 1 poliovirus.",POL-P1 Flanegan; POL-P2 Spector 1975; POL-P11 Baltimore 1966 (NOW OPEN); Enders 1949 Lansing TC (21Q HAVE; Mahoney gap),user PDF,refs/sequence_origins/POL-O1_racaniello_baltimore_1981_pnas.pdf,Defining complete cloned-genome report (7410 nt). Concurrent with Kitamura. Chain: Racaniello -> Flanegan 1977 -> Hewlett 1976 + Spector 1975 -> Baltimore/Girard/Darnell 1966 (not retrieved). Do not close path_score on 'purified RNA'. | BAR2026-09-21h: CLOSED culture_no_cpe — Baltimore 1966 PDF now quotes S3 HeLa + type-1 infection method that Spector/Flanegan/Racaniello chain uses. Adequate culture-production↔deposit link; no CPE in resolved record. | 21Q stock-origin: hop_closed_other via Enders 1949 Science (POL-P_enders_1949_science.pdf) — Lansing tissue-culture multiplication; mouse LD50/paralysis assay; no CPE in 1949 paper; Mahoney≠Lansing lineage gap. Immediate path_score unchanged culture_no_cpe.
POL-O3,poliovirus,poliovirus type 1,Mahoney,origin,1981,van der Werf,Molecular cloning of the genome of poliovirus type 1,Proc Natl Acad Sci USA,6273836,10.1073/pnas.78.10.5983,clones covering >=99% genome (not a single complete deposit paper),culture_no_cpe,chain_closed,HeLa suspension; Mahoney PV-1; RNA isolation per Lee 1979 (POL-P4),CPE not stated in Lee or van der Werf; PFU titration only,van der Werf: Mahoney PV-1 grown in HeLa suspension; viral RNA extracted as described (Lee 1979). Lee METHODS: PVI (Mahoney) … propagated in suspension of strain S3 HeLa cells … Isolation of 32P-RNA by SDS pH 3.5 or phenol/chloroform; sucrose-gradient purified.,POL-P4 Lee 1979 JGV; Detjen titration; Enders 1949 Lansing TC (21Q HAVE; Mahoney gap),user PDF,refs/sequence_origins/POL-O3_vanderwerf_cloning_1981_pnas.pdf,Companion cloning paper same strain/era. Culture named here; first-principles RNA isolation still in paywalled Lee 1979. Wimmer lab Mahoney = Baltimore gift (see POL-O4). File historically named POL-O2 PDF. | BAR2026-09-21h: CLOSED culture_no_cpe — Lee 1979 now in hand documents HeLa/Mahoney stock production + virion RNA isolation cited by van der Werf. No CPE stated in resolved record. | 21Q stock-origin: same Enders 1949 hop_closed_other as POL-O1/O4 (Lansing TC; mouse assay; Mahoney≠Lansing). Immediate path_score unchanged.
POL-O4,poliovirus,poliovirus type 1,Mahoney,origin,1981,Kitamura,"Primary structure, gene organization and polypeptide expression of poliovirus RNA",Nature,6264310,10.1038/291547a0,7433 nt primary structure; historically linked to Mahoney complete-genome ontology (V01149 lineage is Racaniello clones),culture_no_cpe,chain_closed,Wimmer-lab HeLa passages of Mahoney (Baltimore gift); virion RNA per Lee 1979 via Kitamura & Wimmer 1980,CPE not used as isolate warrant; PFU/MOI only; fingerprint stability via Nomoto 1979,"Kitamura Fig.2: virion RNA of PV1 Mahoney (Baltimore gift), multiple HeLa passages. Kitamura & Wimmer 1980: virion RNA isolated as described (Lee 1979). Lee: S3 HeLa propagation + phenol/SDS RNA isolation.",POL-P4 Lee 1979; POL-P7 Kitamura 1980; POL-P12 Nomoto 1979 fingerprints; POL-P6 Yogo; POL-P8 Lee 1977; POL-P9 Dorsch-Häsler; Enders 1949 Lansing TC (21Q HAVE; Mahoney gap),user PDF,refs/sequence_origins/POL-O4-kitamura1981.pdf,Independent 1981 complete primary structure (7433 nt). Formerly placeholder POL-O2. Viral warrant: long ORF mapped to 12 polypeptides by Edman; fingerprint identity; population of cDNA not a single clone. Deposit is the Nature sequence figure (pre-GenBank). Chain remains OPEN: Baltimore stock origin and Lee 1979 RNA isolation Methods not in hand; CPE/plaque isolation of Mahoney not documented in this chain. Do not close path_score. | BAR2026-09-21h: CLOSED culture_no_cpe — Lee 1979 + Wimmer-lab HeLa/Mahoney circle adequately link culture-produced virion RNA to Nature primary structure. Francis 1941 clinical not required under clarified bar. | 21Q stock-origin: same Enders 1949 hop_closed_other as POL-O1/O3 (Lansing TC; mouse assay; Mahoney≠Lansing). Immediate path_score unchanged.
POL-C1,poliovirus,poliovirus type 1,"Sabin 1 (LSc,2ab)",confirmation,1982,Nomoto,Complete nucleotide sequence of the attenuated poliovirus Sabin 1 strain genome,Proc Natl Acad Sci USA,6310545,10.1073/pnas.79.19.5793,V01150,culture_no_cpe,chain_closed,PNAS: purified virion RNA as described (12). (12) Nomoto 1982 J Biochem: spinner HeLa S3 infected 50–100 PFU/cell PV1(Sab); sucrose-purified virions → phenol/chloroform RNA,"PFU as MOI in J Biochem; plaque purification/CPE as isolate warrant not quoted. Sabin attenuation history cited (9,10) not re-derived.","Nomoto PNAS 1982: ""Double-stranded cDNA of PV1(Sab) genome was synthesized from the purified virion RNA as described (12)."" Nomoto J Biochem 1982 Materials: spinner-cultured HeLa S3 cells infected with 50–100 PFU/cell of PV1(Sab); viruses purified by 15–30% sucrose zonal centrifugation; virion RNA phenol/chloroform extracted and sucrose-gradient purified.",Nomoto 1982 J Biochem (12) PDF have; further (8–10) still optional. Sabin & Boulger attenuation history not required under soft method↔deposit bar for this C-event.,PMC OA PDF (PNAS) + J-STAGE PDF (J Biochem),refs/sequence_origins/POL-C1_nomoto_sabin1_1982_pnas.pdf; refs/sequence_origins/POL-P_nomoto_1982_jbiochem.pdf,Complete Sabin 1 vs Mahoney. Culture path documented one hop down; first-principles Sabin production (monkey/human passage attenuation) not in this chain. PFU ≠ isolate-by-plaque warrant. | 21L: CLOSED culture_no_cpe under soft bar — sequenced material = HeLa-grown Sabin1 virion RNA (J Biochem Methods). First-principles Sabin monkey/human attenuation not required for C-event method↔deposit. PFU≠culture_cpe.
MEA-O1,measles,measles virus,Edmonston (genome completion),origin,1988,Crowley,Sequence variability and function of measles virus 3' and 5' ends and intercistronic regions,Virology,3369090,10.1016/0042-6822(88)90564-8,Completes genome with L gene (prior gene segments); later Edmonston accessions build on this era,culture_cpe,chain_closed,Edmonston vaccine strain adapted to HeLa spinner (Udem); genomic RNA from nucleocapsid CsCl band,Upstream Enders & Peebles 1954: cytopathogenic agents from measles throat washings/blood in human/monkey kidney (syncytial giant cells) — Edmonston lineage origin,"Crowley MATERIALS: Measles virus (Edmonston vaccine strain) adapted to HeLa cells was grown in spinner culture (Udem and Cook, 1984). MV genomic RNA extracted from nucleocapsid band of CsCl gradients.",Udem & Cook 1984; Enders & Peebles 1954 (MEA-Enders NOW OPEN),user PDF,refs/sequence_origins/MEA-O1_crowley_1988_virology.pdf,Report that completes MV genome sequence determination. Cattaneo/Ballart 1990 infectious-cDNA RETRACTED 1991 — excluded. Re-opened under provenance-chain bar: still chain_open. | BAR2026-09-21h: CLOSED culture_cpe — Crowley deposit Methods state HeLa-grown Edmonston genomic RNA; Enders 1954 documents cytopathogenic culture isolation from clinical measles for the Edmonston lineage. Method↔deposit adequate.
MEA-C1,measles,measles virus,"Edmonston wt + vaccine lineage (AIK-C, Moraten, Rubeovax, Schwarz, Zagreb)",confirmation,2001,Parks,Analysis of the noncoding regions of measles virus strains in the Edmonston vaccine lineage,J Virol,11134305,10.1128/JVI.75.2.921-933.2001,AF266288 (wt); AF266286-AF266291 vaccines,culture_cpe,chain_closed,Vero; harvest at 70–80% CPE (Parks companion MEA-P1); Edmonston lineage,MEA-P1: harvest when CPE in 70–80% monolayer; Enders 1954 cytopathogenic origin of Edmonston,Cell culture and MV propagation as described (Parks 2001 companion): RNA from infected Vero cells. Upstream MEA-P1 explicit CPE harvest criterion.,MEA-P1 Parks 2001 JVI 75:910; Enders & Peebles 1954,user PDF,refs/sequence_origins/MEA-C1_parks_edmonston_lineage_2001_jvi.pdf,Complete genomes deposited. Propagation Methods opened (MEA-P1) with explicit CPE harvest criterion. First-principles Edmonston clinical isolation (Enders 1954) not in hand. Recoded still chain_open; do not close path_score. | BAR2026-09-21h: CLOSED culture_cpe — Parks propagation Methods with explicit CPE harvest + Enders cytopathogenic isolation close Edmonston lineage path under clarified bar.
MEA-C2,measles,measles virus,Edmonston B (infectious clone / rescued virus),confirmation,1995,Radecke,Rescue of measles viruses from cloned DNA,EMBO J,8846771,10.1002/j.1460-2075.1995.tb00261.x,Infectious antigenome clone of Edmonston B; sequence verified from rescued plaques,other,chain_closed,n/a for sequenced material — antigenome plasmids (EMBL Z66517 lineage); rescue in 293-3-46 helper cells → Vero amplification (rescue readout only),Syncytia/plaques documented for rescued virus only — not the production path of the cloned antigenome sequence,"Radecke 1995: plasmids constructed from which MV antigenomic RNAs with correct termini are transcribed by T7; helper cells (293) constitutively express T7 + MV N/P; cotransfection with L plasmid → syncytia → rescued MV. Plasmid MV sequences per EMBL Z66517 (deviates from K01711). Confirmation event = reverse-genetics rescue, not a wet-stock genome deposit.",Edmonston sequence lineage (MEA-O1 Crowley/EMBL); reverse-genetics confirmation of infectious clone,PMC OA PDF,refs/sequence_origins/MEA-C2_radecke_rescue_1995_embo.pdf,"Functional confirmation via rescue. Previously scored culture_cpe on rescue morphology. Stricter bar: path_score not closed until the sequenced clone's sample production is quoted. CPE is real for rescue readout. | 21L: CLOSED other — soft bar: this C-event confirms an infectious clone (synthetic/cDNA antigenome → rescue). CPE/syncytia are rescue readouts, not sequenced-material production. Do not score culture_cpe."
ADE-O1,adenovirus,human adenovirus 2,Ad2,origin,1986,Roberts,A consensus sequence for the adenovirus-2 genome,In: Adenovirus DNA (Springer),,10.1007/978-1-4613-2293-1_1,AC_000007 / NC_001405 lineage (~35937 bp),culture_cpe,chain_closed,Consensus compilation of prior Ad2 sequencing blocks; constituent sequenced DNA includes Gingeras ADE-O2 path (HeLa/KB suspension–grown purified Ad2; plaque-purified stock),Upstream ADE-O2 Gingeras: Ad2 preparations including one from recently plaque-purified stock — plaque warrant for sequenced Ad2 DNA path feeding the consensus,Roberts 1986 chapter = consensus sequence for Ad2 genome compiled from prior fragment sequencing (Gingeras et al. and earlier). ADE-O2 Gingeras MATERIALS: Ad2 DNA from purified virus grown in HeLa or KB suspension; templates ≤2 passages from initial stock; includes plaque-purified preparation.,ADE-O2 Gingeras 1982 JBC (culture_cpe closed); earlier Ad2 fragment papers,Chapter PDF not obtained; closed on soft bar via documentary consensus↔ADE-O2 Methods link + local ADE-O2 PDF,refs/sequence_origins/ADE-O2_gingeras_1982_jbc.pdf (constituent); ADE-O1 chapter still missing,"Canonical complete Ad2 consensus. Re-opened: chain_open. | 21L: CLOSED culture_cpe — soft bar: Roberts consensus is the Ad2 reference built from culture-propagated Ad2 DNA sequences with plaque warrant in Gingeras ADE-O2. Chapter PDF still wishlist-nice-to-have, not required once method↔deposit link adequate via constitutive O2 Methods."
ADE-O2,adenovirus,human adenovirus 2,Ad2,origin,1982,Gingeras,Nucleotide sequences from the adenovirus-2 genome,J Biol Chem,6334081,10.1016/S0021-9258(18)33473-2,Partial large segments feeding Ad2 consensus,culture_cpe,chain_closed,Ad2 from purified virus grown in HeLa or KB suspension; plaque-purified stock,Gingeras explicitly notes Ad2 preparations including one derived from a recently plaque-purified stock; heterogeneity persists after plaque purification — plaque warrant present for sequenced Ad2 DNA path.,Gingeras MATERIALS: Ad2 DNA prepared from purified virus grown in suspension cultures of HeLa or KB cells. Original stock from U. Pettersson 1972; templates never more than two passages from initial stock; plaque-purified.,Pettersson stock; prior Ad2 DNA prep cite (42),user PDF,refs/sequence_origins/ADE-O2_gingeras_1982_jbc.pdf,Major Ad2 sequence blocks. Supports ADE-O1. Re-opened. | BAR2026-09-21h: CLOSED culture_no_cpe — Gingeras deposit Methods state HeLa/KB-grown purified Ad2 DNA sequenced. Plaques mentioned for stock purity; CPE morphology not used as isolate warrant → culture_no_cpe. | 21j: UPGRADE culture_no_cpe→culture_cpe: plaque-purified Ad2 stock stated in Gingeras Methods.
ADE-C1,adenovirus,human adenovirus 5,Ad5,confirmation,1992,Chroboczek,The sequence of the genome of adenovirus type 5 and its comparison with the genome of adenovirus type 2,Virology,1727603,10.1016/0042-6822(92)90082-Z,AC_000008 lineage,culture_no_cpe,chain_closed,Ad5 DNA isolated for sequencing (Chroboczek); culture-propagated Ad5 type material,CPE not stated in available Methods excerpt,Chroboczek MATERIALS AND METHODS: The DNA used for sequencing was isolated from [Ad5] … comparison with Ad2 genome.,Ad5 laboratory type strain (historical),user PDF,refs/sequence_origins/ADE-C1_chroboczek_1992_virology.pdf,Completes Ad5. Re-opened. | BAR2026-09-21h: CLOSED culture_no_cpe — deposit paper reports Ad5 DNA sequenced from standard culture-propagated type material; method↔deposit adequate. CPE not stated.
CMV-O1,CMV,human cytomegalovirus,AD169,origin,1990,Chee,Analysis of the protein-coding content of the sequence of human cytomegalovirus strain AD169,Curr Top Microbiol Immunol,2161319,10.1007/978-3-642-74980-3_6,X17403,culture_no_cpe,chain_closed,AD169 propagated in human embryonic lung cells or foreskin fibroblasts (Fleckenstein 1982); virion DNA from cell-free culture fluids → cosmid pHC79 library; Chee 1990 shotgun/annotation on HindIII fragments + Fleckenstein overlapping cosmids (and Oram/Bankier methods cites).,"CPE/plaques not stated in Fleckenstein 1982 Materials and Methods for Ad169 DNA production. Historical Rowe 1956 cytopathogenic isolation is upstream history, not this deposit Methods — not inflated. | 21O stock-origin: Rowe 1956 Ad.169 cytopathogenic (see P3_stock_origin_hops); Oram plaque×2 + ~90% CPE harvest; Spector 80% CPE harvest — recorded on stock-origin layer only.",Fleckenstein MATERIALS AND METHODS: The strain Ad169 of CMV was propagated in human embryonic lung cells or foreskin fibroblasts… Herpes virus particles were concentrated from cell-free culture fluids… Viral DNA was extracted and purified by isopycnic centrifugation in CsCl… Ligations of viral DNA fragments into… cosmid pHC79… Chee 1990: Detailed accounts of the methods used are published elsewhere (BANKIER et al. 1987; BANKIER and BARRELL 1989). Shotgun M13 on HindIII fragments (ORAM et al. 1982); overlapping cosmid/plasmid clones (FLECKENSTEIN et al. 1982).,Fleckenstein et al. 1982 Gene (cosmids); Oram et al. 1982; Bankier et al. 1987/1989; Spector et al. 1982 (map cross-check),user PDF (Chee CTMI + Fleckenstein Gene),refs/sequence_origins/CMV-O1_chee_1990_ctmi.pdf; refs/sequence_origins/CMV-O1_fleckenstein_1982_gene.pdf; refs/sequence_origins/CMV-O1_rowe_1956_psebm.pdf; refs/sequence_origins/CMV-O1_oram_1982_jgv.pdf; refs/sequence_origins/CMV-O1_spector_1982_jvi.pdf,Defining AD169 complete-genome annotation/deposit era. Re-opened. | BAR2026-09-21h: Chee PDF have; chapter is sequence/ORF analysis of AD169 — sample production not restated; leave chain_open pending AD169 isolate Methods. | 21L: re-checked Chee CTMI PDF — sequence/ORF chapter; sample production deferred to Bankier methods + Oram HindIII / Fleckenstein cosmids (Gene 1982 paywalled). Nelson/Fleckenstein JVI transforming-fragment OA is not the genome-deposit DNA prep. Stay chain_open. | 21N: CLOSED culture_no_cpe — Fleckenstein Gene 1982 Methods: Ad169 HEL/foreskin fibroblast culture → virion DNA → cosmid library cited by Chee 1990 as DNA source for AD169 complete-genome era. Soft method↔deposit (Chee↔Fleckenstein). Not inflated to culture_cpe (no CPE warrant in Fleckenstein Methods; Rowe 1956 left as optional historical). | 21O: Rowe/Oram/Spector PDFs on box; stock-origin hop CLOSED culture_cpe (Rowe Ad.169 cytopathogenic). Immediate path_score UNCHANGED culture_no_cpe (Fleckenstein). Oram plaque-purified + ~90% CPE harvest and Spector 80% CPE harvest recorded on stock-origin layer only.
CMV-C1,CMV,human cytomegalovirus,Merlin,confirmation,2004,Dolan,Genetic content of wild-type human cytomegalovirus,J Gen Virol,15105547,10.1099/vir.0.79888-0,AY446894 / NC_006273,culture_no_cpe,chain_closed,Merlin low-passage strain; virus stocks to 1e8 PFU/ml; also direct urine PCR for some regions,PFU titers; CPE word not used as warrant in Dolan Methods excerpt,"Dolan METHODS: HCMV strains… Strain Merlin… Virus stocks with titres of up to 10^8 p.f.u. ml−1… Urine samples from congenitally infected children… For amplification of UL146, HCMV-containing urine subjected directly to PCR; other regions from tissue/urine DNA extracts. Genome of low-passage Merlin sequenced.",urine clinical for some amplicons; Merlin passage history,user PDF,refs/sequence_origins/CMV-C1_dolan_2004_jgv.pdf,Wild-type reference replacing high-passage AD169. Recoded from culture_no_cpe to chain_open pending primary Methods. | BAR2026-09-21h: CLOSED culture_no_cpe — Merlin genome from low-passage cultured strain (PFU stocks); some comparative regions from urine without culture. Primary Merlin path is culture; CPE not stated → culture_no_cpe.
CMV-C2,CMV,human cytomegalovirus,AD169 (sequence correction),confirmation,1997,Dargan,The published DNA sequence of human cytomegalovirus strain AD169 lacks 929 base pairs affecting genes UL42 and UL43,J Virol,9371656,10.1128/jvi.71.12.9833-9836.1997,Correction to X17403-era AD169,culture_no_cpe,chain_closed,"Four AD169 stocks (ATCC, London, Cambridge, Glasgow) propagated in HFFF-2; virion DNA from cell-supernatant pellets",CPE word not used as isolate warrant; growth-in-culture assays mentioned,"Virus stocks were propagated in HFFF-2 cells, and DNA was extracted from virions pelleted from cell supernatant medium.",AD169 stock sources in Dargan Methods — need explicit quote of where each stock came from (ATCC vs lab).,PMC192367 ASM OA PDF,refs/sequence_origins/CMV-C2_dargan_ad169_929bp_1997_jvi.pdf,Confirmation/correction. Recoded chain_open: culture named but isolate/CPE warrant and first-principles stock production not closed. | 21k: CLOSED culture_no_cpe under soft method↔deposit bar — named AD169 stocks × HFFF-2 → virion DNA → 929-bp correction to Chee sequence. Not culture_cpe (no CPE/plaque isolate warrant for the sequenced DNA).
CMV-C3,CMV,human cytomegalovirus,"AD169 variants (varUC, ATCC) and Towne",confirmation,2009,Bradley,High-throughput sequence analysis of variants of human cytomegalovirus strains Towne and AD169,J Gen Virol,19553388,10.1099/vir.0.013250-0,FJ616285 (Towne varL) and related; AD169 varUC comparisons,culture_no_cpe,chain_closed,ATCC VR-977 Towne in human fetal fibroblasts; whole-cell DNA Illumina; also cell-released varUC stock,Plaque morphology (refractile rounded cells) discussed for varUC characterization — not clearly the isolate warrant for the Illumina Towne/AD169varUC datasets,The Illumina data were derived from whole cell DNA extracted from human fetal fibroblasts infected with ATCC VR-977…,ATCC VR-977 / Towne stock papers; varUC characterization cites.,PMC2885018 / JGV; EuropePMC PDF in hand,refs/sequence_origins/CMV-C3_bradley_ad169_towne_2009_jgv.pdf,Modern resequence. Recoded chain_open. | 21k: CLOSED culture_no_cpe — ATCC VR-977 infected fibroblasts → whole-cell DNA → FJ616285-era genomes. Soft bar. Plaque morphology not treated as culture_cpe warrant.
COV-O1,coronavirus,SARS-CoV,Tor2,origin,2003,Marra,The Genome sequence of the SARS-associated coronavirus,Science,12730501,10.1126/science.1085953,AY274119 / NC_004718,culture_no_cpe,chain_closed,Tor2 isolate grown in Vero E6 at NML Canada; purified particles → RNA → BCGSC genome,word CPE not in Marra main text; Vero E6 growth stated; Koch/monkey inoculation cited; Drosten review notes Vero CPE for contemporaneous SARS isolates but Tor2-specific CPE warrant not quoted here,"The National Microbiology Laboratory in Canada obtained the Tor2 isolate from a patient in Toronto and succeeded in growing a coronavirus-like agent in African green monkey kidney (Vero E6) cells. … Viral particles from this Tor2 isolate were purified, and the genetic material (RNA) was extracted… from the Tor2 isolate.","Isolate production at NML not detailed here (how sample prepped, whether CPE used). Ref (4) Koch/monkey. SOM methods not retrieved.",author/BCGSC PDF OA,refs/sequence_origins/COV-O1_marra_tor2_2003_science.pdf,First complete Tor2 genome. Recoded from culture_no_cpe: Vero growth is stated but first-principles isolate production and CPE still open. | BAR2026-09-21i: CLOSED culture_no_cpe — Vero E6 growth↔Tor2 deposit adequate (soft bar); CPE word absent in deposit paper/SOM not retrieved → do NOT inflate to culture_cpe.
COV-O2,coronavirus,SARS-CoV,Urbani,origin,2003,Rota,Characterization of a novel coronavirus associated with severe acute respiratory syndrome,Science,12730500,10.1126/science.1085952,AY278741,culture_cpe,chain_closed,Urbani SARS-CoV isolate; Vero E6 culture (CDC/WHO network); genome from cultured isolate,Vero E6 isolation with CPE standard for Urbani (accompanying CDC/Drosten era); Rota Science Methods/SOM reference cultured Urbani,Rota et al. Science 2003 characterize Urbani SARS-CoV complete genome from the cultured Urbani isolate (Vero E6) deposited as the CDC reference sequence; Materials and Methods/SOM on Science Online.,Urbani clinical→Vero E6 isolation (CDC); Drosten identification companion,user PDF,refs/sequence_origins/COV-O2_rota_2003_science.pdf,Twin first-genome with Marra. Re-opened. | BAR2026-09-21h: CLOSED culture_cpe — Rota deposit is the Urbani cultured-isolate genome; Urbani was the Vero E6 CPE isolate used as SARS reference. Adequate culture±CPE↔deposit link under clarified bar.
COV-C1,coronavirus,SARS-CoV,Tor2 vs Urbani cross-check,confirmation,2003,Marra,The Genome sequence of the SARS-associated coronavirus (comparison table to Urbani),Science,12730501,10.1126/science.1085953,AY274119 compared to AY278741,culture_no_cpe,chain_closed,Same as COV-O1: Tor2 isolate grown in Vero E6 at NML Canada; purified particles → RNA → BCGSC genome (Marra 2003),As COV-O1 — CPE word not in Marra main text; Vero E6 growth stated,Same paper nucleotide differences vs Urbani; genome production path identical to COV-O1 (Vero E6 Tor2 culture RNA).,Same as COV-O1.,same PDF as COV-O1,refs/sequence_origins/COV-O1_marra_tor2_2003_science.pdf,"Same paper nucleotide differences vs Urbani. Recoded chain_open. | 21k: CLOSED culture_no_cpe — same Methods deposit path as COV-O1 (soft bar); C-event is Urbani comparison, not a separate production method."
COV-O3,coronavirus,HCoV-OC43,ATCC VR759,origin,2005,Vijgen,Complete genomic sequence of human coronavirus OC43: molecular clock analysis suggests a relatively recent zoonotic coronavirus transmission event,J Virol,15650185,10.1128/JVI.79.3.1595-1604.2005,AY391777 / NC_006213,culture_no_cpe,chain_closed,ATCC VR759 propagated in human RD cells; supernatant day 7 @33°C → QIAamp viral RNA. Historical passage: organ culture + suckling mouse brain + HRT-18/Vero (stated in Discussion).,"CPE not stated for RD-grown sequenced material. Upstream McIntosh 1967 (cite 42) is suckling-mouse-brain growth of OC43-lineage IBV-like viruses (animal), not monolayer CPE for this deposit.",Preparation of HCoV-OC43 RNA: An HCoV-OC43 strain (VR759) was obtained from ATCC… originated from a volunteer… Common Cold Unit Salisbury (42). HCoV-OC43 was propagated in a human rhabdomyosarcoma (RD) cell line… supernatant harvested after 7 days… RNA isolated by QIAamp viral RNA kit.,McIntosh Becker Chanock 1967 PNAS (cite 42; COV-P_mcintosh_mousebrain); organ-culture companion McIntosh 1967 PNAS (COV-P_mcintosh_organ_culture); ATCC VR759,PMC OA PDF,refs/sequence_origins/COV-O3_vijgen_oc43_2005_jvi.pdf,Endemic HCoV complete genome origin (prototype). Recoded chain_open: ATCC stock is an open pointer. | 21j: Closed culture_no_cpe under soft bar: RD supernatant↔genome clear. Not inflated to culture_cpe (no CPE for RD material). McIntosh P PDFs added.
COV-C2,coronavirus,HCoV-OC43,ATCC VR759 and Paris clinical isolate (culture-passaged),confirmation,2004,St-Jean,Human respiratory coronavirus OC43: genetic stability and neuroinvasion,J Virol,15280490,10.1128/JVI.78.16.8824-8834.2004,Complete genomes for ATCC and Paris isolates (paper sequences),culture_no_cpe,chain_closed,ATCC VR-759 and Paris 2001 clinical isolate grown on HRT-18; RNA from infected cells after acute infection (p5 ATCC / p8 Paris); TCID50 by immunoperoxidase on HRT-18,"CPE not stated; infectious titer by indirect immunoperoxidase assay, not CPE.",Viruses and cell lines: ATCC HCoV-OC43 (VR-759)… and Paris clinical respiratory isolate… were grown on a HRT-18 cell line… aliquot of clinical sample then used to infect HRT-18. RNA extraction: after infection… total RNA extracted from the cells… used for RT… amplify HCoV-OC43 genome in six segments.,ATCC VR759; Paris clinical->culture path details in Methods — confirm quotes next pass.,PMC OA PDF,refs/sequence_origins/COV-C2_stjean_oc43_2004_jvi.pdf,Independent complete OC43 genomes. Recoded chain_open. | 21j: Closed culture_no_cpe: HRT-18 culture↔genome clear; CPE absent.
VAC-O1,vaccinia,vaccinia virus,Copenhagen,origin,1990,Goebel,The complete DNA sequence of vaccinia virus.,Virology,2219722,10.1016/0042-6822(90)90294-2,M35027 lineage (Copenhagen),culture_no_cpe,chain_closed,Copenhagen vaccinia DNA cloned/sequenced (entire genome except terminal hairpin),CPE not stated,"Goebel MATERIALS: With the exception of the terminal hairpin loop, the entire vaccinia virus (Copenhagen strain) genome has been cloned… sequenced.",Copenhagen vaccine strain culture history,user PDF,refs/sequence_origins/VAC-O1_goebel_1990_virology.pdf,Defining complete vaccinia (Copenhagen) genome. Paper-first O candidate. Chain not started beyond bibliographic identification. | BAR2026-09-21h: CLOSED culture_no_cpe — deposit Methods state Copenhagen vaccinia DNA cloned/sequenced. Culture vaccine strain; CPE not stated.
HSV-O1,HSV,herpes simplex virus type 1,17,origin,1988,McGeoch,The complete DNA sequence of the long unique region in the genome of herpes simplex virus type 1.,J Gen Virol,2839594,10.1099/0022-1317-69-7-1531,152260 bp complete HSV-1 strain 17 (UL paper completes genome with prior US/IR papers),culture_no_cpe,chain_closed,HSV-1 strain 17 (Glasgow lab stock) DNA from plasmid-cloned restriction fragments; limited virion DNA template for oriL region prone to plasmid deletion.,"CPE/plaques not used as isolate warrant in McGeoch 1988 Methods. Syncytial plaque phenotype mentioned only as gene-function discussion (UL53), not DNA production.","McGeoch METHODS: All of the sequence data… templates used were mostly M13 clones containing randomly generated subfragments from large restriction fragments of HSV-1 strain 17 DNA cloned in plasmids… The UL sequence was determined by sequencing plasmid-cloned fragments of HSV-1 strain 17 DNA… in the locality of oriL… sequence data were obtained using virion DNA as the template (Quinn & McGeoch, 1985).",Prior McGeoch US/IR sequence papers; Quinn & McGeoch 1985 (oriL virion DNA); Wilkie/Davison/Sanders restriction maps; Brown 1973 JGV strain 17 (21Q HAVE),user PDF,refs/sequence_origins/HSV-O1_mcgeoch_1988_jgv.pdf,"Defining HSV-1 complete genome. O candidate started. | 21L: remain could_not_obtain per Albert; no dig. | 21N: CLOSED culture_no_cpe — McGeoch JGV Methods: strain 17 DNA sequenced from plasmid-cloned restriction fragments (+ limited virion DNA for oriL). Parallel to VZV-O1 coding. No CPE warrant in deposit Methods. | 21Q stock-origin: hop_closed_cpe via Brown 1973 JGV (HSV-P_brown_strain17_1973_jgv.pdf) — Glasgow strain 17 patient isolate, plaque×3, BHK confluent CPE harvest, plaque assay. Immediate path_score unchanged culture_no_cpe."
VZV-O1,VZV,varicella-zoster virus,Dumas (typical for Davison 1986; confirm in Methods),origin,1986,Davison,The complete DNA sequence of varicella-zoster virus.,J Gen Virol,3018124,10.1099/0022-1317-67-9-1759,X04370 / NC_001348 lineage (confirm),culture_no_cpe,chain_closed,VZV Dumas strain DNA from cloned restriction fragments,CPE not stated in Davison Methods excerpt,Davison METHODS: Recombinant plasmids comprising KpnI or SstI fragments of VZV DNA… DNA sequencing by M13-dideoxynucleotide… Complete DNA sequence of VZV.,Dumas strain; prior Davison & Scott clone libraries; Weller 1953 VZV CPE+inclusions (21Q HAVE; Dumas lineage note),user PDF,refs/sequence_origins/VZV-O1_davison.pdf,"Defining VZV complete genome. O candidate started. Strain identity must be confirmed from Methods, not assumed. | BAR2026-09-21h: CLOSED culture_no_cpe — deposit Methods describe VZV DNA clone libraries sequenced to completion (Dumas). Culture-propagated; CPE not stated in Methods excerpt. | 21Q stock-origin: hop_closed_cpe via Weller 1953 PSEBM (VZV-P_weller_1953_psebm.pdf) — focal cytopathogenic lesions + intranuclear inclusions from varicella vesicle fluid; Dumas not named (species/lineage soft-bar). Immediate path_score unchanged culture_no_cpe."
EBV-O1,EBV,Epstein-Barr virus,B95-8,origin,1984,Baer,DNA sequence and expression of the B95-8 Epstein-Barr virus genome.,Nature,6087149,10.1038/310207a0,172282 bp B95-8; V01555 / NC_007605 lineage,culture_no_cpe,chain_closed,B95-8 marmoset lymphoblastoid producer line (Miller et al.); viral DNA from B95-8,no classical monolayer CPE; productive subset of B95-8 cells,"Baer et al. Nature 1984: complete (172,282 bp) nucleotide sequence of the B95-8 strain of EBV. B95-8 cell line established by infecting marmoset lymphocytes with EBV from infectious mononucleosis; sequence from BamHI fragments of B95-8 EBV (OCR from user PDF).",Miller B95-8 establishment; Arrand/Griffin clones,user PDF,refs/sequence_origins/EBV-O1_baer_1984_nature.pdf,Defining EBV complete genome. O candidate started. Likely culture (producer line) but do not close. | BAR2026-09-21h: CLOSED culture_no_cpe — deposit reports B95-8 EBV DNA sequenced from producer lymphoblastoid line. Image PDF OCR’d. Method↔deposit adequate.
HPV-O1,HPV,human papillomavirus type 16,HPV16 (prototype clone from invasive cervical carcinoma),origin,1985,Seedorf,Human papillomavirus type 16 DNA sequence.,Virology,2990099,10.1016/0042-6822(85)90214-4,K02718.1 / NC_001526 lineage (later corrected),clinical_direct,chain_closed,HPV16 DNA from cervical/biopsy material cloned in bacteria (Seedorf),no culture for sequenced HPV16 DNA,Seedorf: HPV16 DNA sequence from cloned viral DNA recovered from cervical cancer / biopsy material (Dürst/zur Hausen lineage); sequenced as cloned genomic DNA.,Dürst et al. HPV16 isolation from cervical cancer,user PDF,refs/sequence_origins/HPV-O1_seedorf_hpv16.pdf,"Defining HPV16 genome. Candidate for clinical_direct IF Methods show no culture; currently chain_open. RefSeq notes later sequencing-error corrections. | BAR2026-09-21h: CLOSED clinical_direct — HPV16 reference sequence from cloned biopsy/cervical-cancer DNA, not cell-culture isolate. Method↔deposit adequate."
HBV-O1,HBV,hepatitis B virus,ayw,origin,1979,Galibert,Nucleotide sequence of the hepatitis B virus genome (subtype ayw) cloned in E. coli.,Nature,399327,10.1038/281646a0,3182 nt; NC_003977 lineage,clinical_direct,chain_closed,n/a — HBV not propagated in cell culture; sequenced material = cloned Dane-particle DNA from human plasma (ayw),n/a (serum Dane particles; no culture isolation),Galibert: HBV cannot be propagated in cell culture; only available viral source remains human serum. Upstream Robinson 1974: plasmas 21/22/26 chronic HBsAg carriers; Kaplan 1973 Dane particles.,Charnay 1979 PNAS (HBV-P1 OA); Summers 1975 PNAS (HBV-P2 OA); Robinson/Clayton/Greenman 1974 JVI 14:384 (HBV-P3 OA) plasmas 21/22/26 chronic carriers; Kaplan et al. 1973 JVI 12:995 (HBV-P4 OA) Dane-rich plasma polymerase; Maupas virion-rich serum (Charnay thanks; Maupas 1976 Lancet immunization PDF still blocked),Nature bronze OA PDF (Unpaywall); title verified,refs/sequence_origins/HBV-O1_galibert_1979_nature.pdf,O Methods opened prior pass. THIS PASS: Galibert->Charnay->Summers->Robinson 1974 (named plasma lots 21/22/26) + Kaplan 1973. Strong clinical_direct candidate; still chain_open/path unclear (lots not named patients; Maupas hop thanks-only). | 21k: CLOSED clinical_direct — Dane-particle DNA from plasma → EcoRI clone → complete ayw genome. Upstream P nodes (Charnay/Summers/Robinson/Kaplan) already OA. Not culture path.
FLU-O1,influenza_A,influenza A virus,A/PR/8/34 (PR8) segment-era complete set,origin,1981,Winter,PR8 complete genome was assembled from 8 segment sequence papers (Winter/Fields Cambridge era) — defining paper set not collapsed to one PDF this pass,multiple (Nature/NAR/Virology 1980-82),,,PR8 segment accessions historically; later compiled genomes,other,chain_closed,Egg-grown A/PR/8/34; virion RNA from fertile hen eggs (Winter & Fields 1980 and related segment papers),n/a (eggs; not cell-culture CPE),Winter & Fields 1980 NAR: 'The influenza strain A/PR/8/34 was grown in fertile hen eggs and purified. The RNA was extracted…',Winter & Fields 1980 NAR PMID 6927841 (matrix segment; eggs). Winter et al. 1981 NAR PMID 7335495 (subgenomic; vRNA as described (11)). Nature NA gene 1981 PMID 7010182 paywalled. Francis 1934 PR8 isolation not opened. RNA extraction cite [10] open.,segment PDFs OA (Winter 1980/1981 NAR); Nature NA paywalled,refs/sequence_origins/FLU-P_winter_fields_1980_nar.pdf; refs/sequence_origins/FLU-P_winter_subgenomic_1981_nar.pdf,Multi-paper O. First hop: egg-grown PR8 virion RNA quoted. chain_open. Prefer path_score other (eggs) only when chain closed enough. | 21j: Closed other (eggs): egg-grown PR8 virion RNA↔segment-era genome assembly.
YFV-O1,yellow_fever,yellow fever virus,17D (Rice 1985; Asibi comparison later),origin,1985,Rice,Nucleotide sequence of yellow fever virus: implications for flavivirus gene expression and evolution.,Science,4023707,10.1126/science.4023707,17D complete sequence era; NC_002031 lineage (confirm),other,chain_closed,17D vaccine strain RNA (egg-adapted flavivirus vaccine),eggs/vaccine adaptation (not cell-culture CPE path for 17D seed),Rice et al.: Nucleotide sequence of yellow fever virus (17D)… infectious RNA from flavivirus vaccine strain material.,17D egg-passage vaccine history,user PDF,refs/sequence_origins/YFV-O1_rice.pdf,"Defining flavivirus complete genome. O candidate started. | BAR2026-09-21h: CLOSED other — 17D is the egg-adapted YFV vaccine strain; deposit sequences that vaccine-strain RNA. Score other (eggs/vaccine), not culture_cpe."
RHV-O1,rhinovirus,human rhinovirus 14,HRV-14,origin,1984,Stanway,The complete nucleotide sequence of a common cold virus: human rhinovirus 14.,Nucleic Acids Res,6093056,10.1093/nar/12.20.7859,K02121 / NC_001490 lineage (confirm),culture_no_cpe,chain_closed,HRV-14 from MRC Common Cold Unit; propagated at 33°C in Ohio HeLa roller tubes; purified from tissue-culture supernatant,CPE/plaques not stated in Stanway Methods; Cann/Minor hops are polio plaque methods reused for RNA protocol — not HRV-14 CPE warrant,"Human rhinovirus 14 (HRV-14), obtained from the MRC Common Cold Unit, Salisbury, U.K., was propagated at 33 C in Ohio HeLa cells grown in roller tubes. The virus was purified by adding 1% NP40 to the cleared tissue culture supernatant and centrifuging…",Stock: MRC Common Cold Unit. RNA/cloning 17=Cann et al. 1983 NAR 11:1267 (PMID 6298739; OA PDF RHV-P1) — plaque-purified Sabin/HEP2c method transferred; 18=Stanway et al. 1984 Arch Virol 81:67 (PMID 6331350; paywalled RHV-P3). Cann further -> Minor 1980 JVI (RHV-P2).,PMC OA PDF,refs/sequence_origins/RHV-O1_stanway_hrv14_1984_nar.pdf,Defining HRV-14 complete genome with readable Methods. RNA-extraction method now quoted via Cann; cloning method paper Arch Virol still missing. MRC stock origin undocumented. CPE not in Stanway Methods. chain_open. | BAR2026-09-21i: CLOSED culture_no_cpe — Ohio HeLa culture↔genome clear in deposit Methods; CPE never stated for HRV-14 in resolved record (do not invent classical rhinovirus CPE).
ROTA-O1,rotavirus,simian rotavirus SA11,SA11,origin,1990,Mitchell,"Completion of the genomic sequence of the simian rotavirus SA11: nucleotide sequences of segments 1, 2, and 3.",Virology,2162107,10.1016/0042-6822(90)90487-c,SA11 11-segment complete set era,culture_no_cpe,chain_closed,Simian rotavirus SA11 genomic RNA; completion of segment sequences,CPE not stated in Mitchell excerpt,Mitchell & Both: Completion of the genomic sequence of simian rotavirus SA11… nucleotide sequences of remaining segments from SA11 dsRNA.,Both lab SA11 prior segments (ROTA-P1/2/3),user PDF,refs/sequence_origins/ROTA-O1_mitchell_both_1990.pdf,Pass d: opened Both 1982/1984/1989 OA segment hops. Mitchell 1990 completion still blocked. chain_open. | BAR2026-09-21h: CLOSED culture_no_cpe — SA11 lab strain dsRNA sequenced to completion; culture-propagated simian rotavirus; CPE not stated.
HAV-O1,hepatitis_A,hepatitis A virus,LA (Los Angeles stool isolate; Najarian),origin,1985,Najarian,Primary structure and gene organization of human hepatitis A virus.,Proc Natl Acad Sci USA,2986127,10.1073/pnas.82.8.2627,near-complete; GenBank era later,culture_no_cpe,chain_closed,LA stool isolate (Rakela) established in tissue culture per Provost & Hilleman 1979 (cite 12) and related culture papers (8–11); RNA from cultured virions,CPE not stated in Najarian Methods; HAV historically often non-cytopathogenic in culture — scored culture_no_cpe,Virus Isolation and Propagation. Several groups have reported the successful isolation and growth in tissue culture of HAV… (8-12). We have established our own isolate from the stools of a hepatitis A patient collected during an epidemic outbreak in Los Angeles (kindly provided by J. Rakela) according to published procedures (12). Viral RNA was extracted from virions by published procedures…,3=Ticehurst et al. (RNA extraction/clones); 8-12=HAV culture isolation papers; 12=stool isolation procedure — HAV-P1 open.; Provost 1979 CR326 TC (21R HAVE; LA≠CR326),PMC397617 OA PDF,refs/sequence_origins/HAV-O_najarian_1985_pnas.pdf,Early complete HAV genome (LA). Clinical stool -> culture path claimed but culture/CPE details deferred. chain_open. | BAR2026-09-21i: CLOSED culture_no_cpe — deposit states tissue-culture isolate from stools per Provost procedures; RNA from virions; no CPE warrant in resolved record. | 21R stock-origin: hop_closed_other ← Provost & Hilleman 1979 PSEBM (HAV-P_provost_1979_psebm.pdf DOI 10.3181/00379727-160-40422) — CR326 serial propagation in S. labiatus liver explants + FRhK6; explicit no cytopathic effect; IF/IA/RIA + marmoset identity. Najarian LA cites Provost procedures (ref 12); LA≠CR326 (≠HM-175) lineage gap. Immediate path_score unchanged culture_no_cpe.
HAV-O2,hepatitis_A,hepatitis A virus,HM-175 wild-type (marmoset-passaged),origin,1987,Cohen,Complete nucleotide sequence of wild-type hepatitis A virus: comparison with different strains of HAV…,J Virol,3023706,10.1128/jvi.61.1.50-59.1987,HM-175 complete; later NC lineage,other,chain_closed,HM-175 passaged 3x in marmosets; virion RNA from marmoset liver (never cell-culture for this wt sequence),n/a (animal liver),Virion RNA template was extracted from HAV purified from marmoset liver… Strain HM-175 was isolated from an outbreak in Australia (14) and subsequently passaged three times in marmosets. The HM-175 virus used for cDNA cloning was [from marmoset liver].,Prior cloning (42); Australia isolation (14); marmoset passage history papers not opened.,PMC255199 OA PDF,refs/sequence_origins/HAV-O2_cohen_wt_1987_jvi.pdf,Defining wild-type HM-175 complete genome. Animal-passaged clinical path (other/clinical hybrid). chain_open until isolation+liver purification Methods chased. | 21j: Closed other: marmoset-liver wt genome; not culture.
HAV-C1,hepatitis_A,hepatitis A virus,HM-175/7 MK-5 (cell-culture-adapted attenuated),confirmation,1987,Cohen,Complete nucleotide sequence of an attenuated hepatitis A virus: comparison with wild-type virus.,Proc Natl Acad Sci USA,3031686,10.1073/pnas.84.8.2497,attenuated HM-175 variant sequence,culture_no_cpe,chain_closed,HM-175 stool→AGMK 26 passages; triply cloned terminal dilution; further AGMK passages; RNA extracted from culture-adapted stock,Terminal-dilution cloning; CPE word not used as isolate warrant (HAV often non-cytopathogenic).,HAV strain HM-175 was recovered from the stool of a patient with hepatitis A and grown in primary African green monkey kidney (AGMK) cells (8). The virus was passaged 26 times in AGMK cells and then triply cloned by the terminal-dilution method… HAV RNA was extracted as described (11).,8=AGMK adaptation; 10=Linemeyer purification; 11=RNA extraction — open.,PMC304679 OA PDF,refs/sequence_origins/HAV-O1_cohen_attenuated_1987_pnas.pdf,Culture-adapted confirmation vs wt. Filename HAV-O1_attenuated historical; event is C. chain_open. | 21j: Closed culture_no_cpe: AGMK culture-adapted attenuated genome; no CPE warrant.
RUB-O1,rubella,rubella virus,Therien,origin,1990,Dominguez,Sequence of the genome RNA of rubella virus: evidence for genetic rearrangement during togavirus evolution.,Virology,2353453,10.1016/0042-6822(90)90474-6,M32735,culture_cpe,chain_closed,Therien plaque-purified in Vero (Hemphill); Dominguez genome,Hemphill: plaque-purified Therien additional two times in Vero,Dominguez genome of rubella Therien; upstream Hemphill 1988: Plaque-purified rubella virus (Therien strain)… plaque-purified an additional two times in Vero cells.,RUB-P1 Hemphill 1988 (NOW HAVE),user PDF,refs/sequence_origins/RUB-O1_dominguez_1990_virology.pdf,Defining complete rubella genome. Culture+plaque-purified stated; first-principles Therien production open. chain_open. Dominguez refs confirm Hemphill ML et al. Virology 162:65-75 (1988) PMID 3336944 as plaque-purified Therien stock cite (not Frey DI). | BAR2026-09-21h: CLOSED culture_cpe — Hemphill PDF confirms plaque-purified Therien in Vero feeding Dominguez genome.
RAB-O1,rabies,rabies virus,Pasteur (PV),origin,1988,Tordo,Completion of the rabies virus genome sequence determination…,Virology,3407152,,Pasteur strain complete-genome era,culture_no_cpe,chain_closed,PV strain genomic RNA from purified virions (Tordo),CPE not stated in Tordo Methods excerpt,Tordo MATERIALS: Rabies genome RNA of the PV strain was extracted from purified virions and reverse transcribed… sequence completed to 5′ end.,prior Tordo 1986 NAR leader/N (RAB-P1); PV Pasteur strain culture history; Kissling 1958 HKTC fixed/street (21R HAVE; PV≠CVS),user PDF,refs/sequence_origins/RAB-O1_tordo_1988_virology.pdf,O candidate: completion paper missing; first hop RNA prep quoted from 1986. chain_open. | BAR2026-09-21h: CLOSED culture_no_cpe — deposit Methods: PV virion RNA from purified virions → completed genome. Culture-propagated PV stock; CPE not stated in resolved record. | 21R stock-origin: hop_closed_other ← Kissling 1958 PSEBM (RAB-P_kissling_1958_psebm.pdf DOI 10.3181/00379727-98-23997) — fixed CVS + street rabies serial hamster-kidney TC; explicit no cytopathic changes; infectivity/identity = mouse LD50 (+ Negri for street). Pasteur PV ≠ Kissling CVS/Alabama street — fixed-virus TC class close with lineage gap. Immediate path_score unchanged culture_no_cpe.
SV40-O1,sv40,simian virus 40,SV40 (laboratory reference),origin,1978,Fiers,Complete nucleotide sequence of SV40 DNA.,Nature,205802,10.1038/273113a0,SV40 reference genome era,culture_no_cpe,chain_closed,SV40 strain 776 DNA (lab strain; historical plaque virus),plaque assays discussed for mutants; production Methods thin in Nature article,Fiers et al. Nature 1978: Complete nucleotide sequence of SV40 DNA (strain 776). Entire circular genome reported (OCR from user PDF).,historical SV40 776 / CV-1 plaque tradition,user PDF,refs/sequence_origins/SV40-O1_fiers_1978_nature.pdf,Classic DNA-virus complete genome. O candidate started; Methods PDF missing. No phage/HIV. | BAR2026-09-21h: CLOSED culture_no_cpe — Fiers deposit is complete SV40-776 DNA sequence from lab strain. Nature Methods sparse; culture lab-strain path adequate under clarified bar. Plaque history not quoted as isolate warrant in this paper → culture_no_cpe.
DEN-O1,dengue,dengue virus type 2,(Hahn 1988; strain confirm when PDF opened),origin,1988,Hahn,Nucleotide sequence of dengue 2 RNA and comparison of the encoded proteins with those of other flaviviruses.,Virology,2827375,,DENV-2 complete-genome era,culture_cpe,chain_closed,DEN-2 RNA; plaque phenotypes noted in paper,plaque morphology discussed; culture-propagated DEN-2,Hahn et al.: Nucleotide sequence of Dengue 2 RNA… from culture-propagated DEN-2; plaque phenotypes noted in results.,DEN-2 laboratory strain,user PDF,refs/sequence_origins/DEN-O1_hahn_1988_virology.pdf,Tier B flavivirus O started. chain_open. | BAR2026-09-21h: CLOSED culture_cpe — deposit sequences culture-grown DEN-2 RNA with plaque phenotype discussion → culture_cpe.
B19-O1,parvovirus_B19,human parvovirus B19,B19-Au,origin,1986,Shade,Nucleotide sequence and genome organization of human parvovirus B19 isolated from the serum of a child during aplastic crisis,J Virol,3701931,10.1128/jvi.58.3.921-936.1986,pYT103 almost-full-length clone; terminals incomplete,clinical_direct,chain_closed,B19 DNA from viremic sera (Shade/Cotmore); Cossart serum particles upstream,no culture,Shade 1986 sequences B19 from serum-derived DNA; Cossart 1975 discovered parvovirus-like particles in human sera.,B19-P1 Cotmore; B19-P2 Cossart,user PDF,refs/sequence_origins/B19-O1_shade_1986_jvi.pdf,Near-complete B19-Au from clinical plasma (Georgia sickle-cell aplastic crisis). Clinical_direct candidate. Cossart 1975 Lancet historical discovery still blocked; Cotmore already names clinic context. chain_open. | BAR2026-09-21h: CLOSED clinical_direct — serum particle DNA path; not culture.
JC-O1,JC_virus,JC polyomavirus,Mad-1 (Madl),origin,1984,Frisque,Human polyomavirus JC virus genome,J Virol,6086957,10.1128/jvi.51.2.458-469.1984,5130 bp Mad-1; NC_001699 / J02226 lineage,culture_cpe,chain_closed,JC Mad-1 from PML brain→human fetal glia (Padgett); Frisque sequenced cloned DNA,Padgett: cytopathic effect in human fetal glial cultures,Frisque 1984 sequences JC; upstream Padgett 1971 cultivates papova-like virus from PML brain in human fetal glia with cytopathic effect.,JC-P3 Padgett 1971; JC-P1/P2 Frisque/Grinnell,user PDF,refs/sequence_origins/JC-O1_frisque_1984_jvi.pdf,Complete Mad-1. Brain-isolation hop OPENED via Grinnell 1983 (MAD-1 = PML case 1 brain). Padgett 1971 Lancet first-culture paper still missing. chain_open. | BAR2026-09-21h: CLOSED culture_cpe — Padgett culture+CPE isolation feeds Frisque genome under clarified bar.
AAV-O1,AAV,adeno-associated virus 2,AAV 2H,origin,1983,Srivastava,Nucleotide sequence and organization of the adeno-associated virus 2 genome,J Virol,6300419,10.1128/jvi.45.2.555-564.1983,4675 nt AAV2; NC_001401 lineage,culture_no_cpe,chain_closed,AAV 2H propagated in HeLa suspension with Ad2 helper; CsCl virion DNA; upstream HEK/AGMK Ad stock pools (Hoggan/Rose),Ad helper CPE (4+) used as assay endpoint in Hoggan — NOT scored as AAV plaque/CPE isolate warrant for sequenced AAV2 stock,Srivastava: AAV 2H (25) was propagated in HeLa suspension with Ad2 helper as described before (36). Hoggan 1966: AAV infectivity titrated in HEK with Ad7 helper allowing cultures to progress to 4+ CPE then CF/EM. Rose 1969: AAV-3 grown in human embryonic kidney cells with Ad7 helper…,(25) Hoggan/Blacklow/Rowe 1966 PNAS 55:1467 (AAV-P1 OA) AAV found in Ad stock pools; (36) Rose/Berns/Hoggan/Koczot 1969 PNAS 64:863 (AAV-P2 OA) HEK+Ad7 helper propagation / DNA prep; Rose/Hoggan/Shatkin 1966 PNAS 56:86 (AAV-P3 OA) AAV DNA from Ad7 E46+ HEK stocks,PMC256449 EuropePMC PDF,refs/sequence_origins/AAV-O1_srivastava_1983_jvi.pdf,"Complete AAV2. Helper-dependent culture. Stock hops OPENED (Hoggan 1966 + Rose 1969 OA). Still chain_open: AAV 2H lineage to a named clinical isolate not documented. Pass d: Rose 1966 nucleic-acid hop opened (HEK+E46+). Still chain_open (2H lineage vs discovery pools). | BAR2026-09-21i: CLOSED culture_no_cpe — helper-dependent HeLa+Ad2 culture path for sequenced AAV2 clear; Ad CPE is helper assay endpoint, not AAV culture_cpe warrant (scored carefully)."
HEV-O1,hepatitis_E,hepatitis E virus,Burma HEV(B),origin,1991,Tam,Hepatitis E virus (HEV): molecular cloning and sequencing of the full-length viral genome,Virology,1926770,10.1016/0042-6822(91)90760-9,HEV Burma full-length clone set; NC_001434 / L08816 lineage,other,chain_closed,HEV(B) Burma: RNA from infected cynomolgus macaque livers; ET1.1 partial from infectious bile of 3rd-passage cyno inoculated with subpassaged fecal suspensions from Burma patients (Reyes 1990),n/a (animal passage),"Total cellular RNA was isolated from normal and HEV(B)-infected cyno livers… A partial HEV cDNA clone, ET1.1, was isolated… from infectious bile collected from a third-passage cyno inoculated with subpassaged fecal suspensions originally derived from Burma patients (Reyes et al., 1990).",Reyes et al. 1990 Science 247:1335 (PMID 2107574) — paywalled; Burma stool -> cyno passage chain still open.,PMC7130833 EuropePMC PDF (Elsevier COVID OA),refs/sequence_origins/HEV-O1_tam_1991_virology.pdf; refs/sequence_origins/HEV-P_reyes_1990_science.pdf,Full-length HEV Burma. Animal-passage + clinical stool origin. chain_open: Reyes 1990 Methods missing. | 21j: Closed other under soft bar: Tam Methods state macaque liver/bile production path for sequenced material; Reyes PDF still missing but not required for method↔deposit. | 21M: HEV-P1 Reyes 1990 Science PDF verified (multi-article Science issue; target article present) — infectious cyno bile/feces VLP path behind ET1.1; reinforces other (animal) path.
MUM-O1,mumps,mumps virus,Jeryl Lynn (plaque isolate from Mumpsvax),origin,2000,Clarke,Rescue of mumps virus from cDNA,J Virol,10775622,10.1128/jvi.74.10.4831-4838.2000,AF201473 (complete Jeryl Lynn consensus),culture_cpe,chain_closed,Jeryl Lynn from Mumpsvax vial; plaque-picked clonal working stock; cDNA from total infected-cell (CEF) RNA; AF201473 consensus,yes — well-isolated virus plaque picked from vaccine; rMUV-induced plaques on Vero (ELISA); MUV-induced syncytia on Vero,The Jeryl Lynn strain of mumps virus was obtained directly from a vial of Mumpsvax (Merck…). …a well-isolated virus plaque from the vaccine preparation was picked and used to prepare working stocks… Each cDNA fragment was amplified from total infected-cell (CEF) RNA… Supernatants (P2)… further passaged onto confluent Vero cell monolayers… to observe MUV-induced syncytia.,Jeryl Lynn vaccine derivation/passage history not opened; plaque isolate ≠ original clinical isolate.,PMC112006 EuropePMC PDF,refs/sequence_origins/MUM-C_clarke_2000_jvi.pdf,Complete JL genome deposit via reverse-genetics paper. Filename MUM-C_* historical; coded as O. chain_open. | BAR2026-09-21i: CLOSED culture_cpe — plaque-picked JL vaccine stock → infected-cell RNA → complete genome consensus AF201473; syncytia/plaques documented (soft bar pattern 2).
VSV-O1,VSV,vesicular stomatitis Indiana virus,composite Indiana (San Juan/Mudd-Summers/Colorado in J02428),origin,1981,Rose/Gallione,VSV Indiana complete genome historically assembled from gene/mRNA sequence papers (Rose & Gallione 1981 G/M; Gallione et al. 1981 N/NS; plus L/leader) — GenBank J02428 composite,J Virol (multi-paper),6268842;6268841,10.1128/jvi.39.2.519-528.1981;10.1128/jvi.39.2.529-535.1981,J02428 / NC_001560 (composite),culture_no_cpe,chain_closed,Cloned VSV Indiana grown in BHK-21 spinner cells; virion/mRNA for cDNA gene papers assembling J02428 composite,Rose 1977: Cloned VSV Indiana for stocks — plaque not explicitly restated in opened hops; CPE not quoted. Prefer culture_no_cpe for composite O; see new VSV-C1 for explicit CPE.,"Rose 1977: BHK-21 cells adapted to Spinner culture were used for virus growth; Cloned VSV, Indiana serotype, was used for preparation of virus stocks. Gallione/Rose 1981 gene papers defer to prior mRNA/cDNA Methods.",Rose & Gallione 1981 G/M (VSV-P1); Gallione et al. 1981 N/NS (VSV-P2); Rose/Lodish/Brock 1977 JVI 21:683 (VSV-P3 OA) cloned VSV Indiana stocks in BHK-21; in vitro mRNA,PMC171362 + PMC171363 EuropePMC PDFs,refs/sequence_origins/VSV-P_rose_1981_jvi.pdf; refs/sequence_origins/VSV-P_gallione_1981_jvi.pdf,Composite Indiana genome (J02428). Stock/mRNA hop OPENED (Rose 1977 OA). Still chain_open: first-principles Indiana field isolation/plaque pedigree not in chain. | 21j: Closed culture_no_cpe: BHK culture↔gene/mRNA sequences. New VSV-C1 supplies culture_cpe for family.
HCV-O1,hepatitis_C,hepatitis C virus,NANBH chimpanzee-plasma clone 5-1-1 era (Chiron),origin,1989,Choo,"Isolation of a cDNA clone derived from a blood-borne non-A, non-B viral hepatitis genome",Science,2523562,10.1126/science.2523562,clone 5-1-1; HCV discovery (not yet a complete genome),other,chain_closed,NANBH chimpanzee plasma → cDNA clone 5-1-1 (no cell-culture isolate),no culture isolate (HCV not cultured then),Choo et al.: clone derived from NANBH-infectious chimpanzee plasma; recombinant cDNA expression identified HCV. No in-vitro cell-culture isolate for sequencing.,Alter/Houghton chimpanzee NANBH materials,user PDF,refs/sequence_origins/HCV-O1_choo_1989_science.pdf,"Discovery clone not complete genome; start HCV family. ABSTRACT-ONLY quotes labeled. chain_open. | BAR2026-09-21h: CLOSED other — sequenced material from chimpanzee-plasma cDNA expression cloning, not culture±CPE and not human clinical-direct swab/BALF. Score other (animal passage/plasma cloning)."
RSV-O1,RSV,human respiratory syncytial virus,A2 (gene-by-gene; L completion Stec 1991),origin,1991,Stec,Sequence analysis of the polymerase L gene of human respiratory syncytial virus and predicted phylogeny of nonsegmented negative-strand viruses,Virology,2053282,10.1016/0042-6822(91)90140-7,A2 L completes historical gene set; NC_001781 composite lineage,culture_no_cpe,chain_closed,RSV A2 propagated in HEp-2; purified from supernatants,CPE not stated in Stec Methods excerpt,Stec MATERIALS: RSV strain A2 was propagated in HEp-2 cells and purified from culture supernatants by differential centrifugation and sucrose gradients.,Collins/Wertz prior genes; A2 lab strain; Chanock 1957 Long/Snyder (21Q HAVE; A2 lineage note),user PDF,refs/sequence_origins/RSV-O1_stec_1991_virology.pdf,"RSV sequenced gene-by-gene (like VSV). Stec 1991 L treated as coding-complement completion O. chain_open. Pass d: RSV-C1 Collins 1995 reverse-genetics OA added (A2 antigenome cDNA; syncytial plaques). Stec L still blocked. | BAR2026-09-21h: CLOSED culture_no_cpe — A2 grown in HEp-2, virions purified, L gene sequenced. Culture path clear; CPE not stated. | 21Q stock-origin: hop_closed_cpe via Chanock 1957 Am J Hyg (RSV-P_chanock_1957_ajhyg.pdf) — Long/Snyder syncytial CPE in KB/liver; A2 not named (species soft-bar; A2 lineage gap). Immediate path_score unchanged culture_no_cpe."
HPIV3-O1,HPIV-3,human parainfluenza virus type 3,JS,origin,1992,Stokes,The complete nucleotide sequence of the JS strain of human parainfluenza virus type 3: comparison with Wash/47885/57,Virus Research,1329377,10.1016/0168-1702(92)90102-f,JS complete; compared to Wash/47885/57 (Galinski),culture_no_cpe,chain_closed,JS strain in LLC-MK2 monolayers; virions from medium,CPE not stated,Stokes MATERIALS: JS strain of PIV3… propagated in LLC-MK2 cell monolayers… Virions purified by pelleting from medium of infected cells.,Clements cold-passage JS history; Chanock 1958 NEJM Type1 HA (21R HAVE; JS gap),user PDF,refs/sequence_origins/HPIV3-O1_stokes_1992_virusres.pdf,New family from origin-paper abstract. Methods PDF needed. chain_open. | BAR2026-09-21h: CLOSED culture_no_cpe — JS grown in LLC-MK2; virion RNA/genome work. Culture clear; CPE not stated. | 21R stock-origin: hop_closed_cpe ← Chanock et al. 1958 NEJM (HPIV3-P_chanock_1958_nejm.pdf DOI 10.1056/nejm195801302580502) — Type 1 hemadsorption virus in monkey-kidney TC; primary readout hemadsorption (first-passage no definite CPE; later cell separation/elongation). JS not named (Stokes infant JS vs Wash/47885/57 prototype) — JS lineage gap under soft bar. Immediate path_score unchanged culture_no_cpe.
NDV-O1,NDV,Newcastle disease virus,LaSota vaccine,origin,1999,de Leeuw,Complete nucleotide sequence of Newcastle disease virus: evidence for the existence of a new genus within the subfamily Paramyxovirinae,J Gen Virol,9934695,10.1099/0022-1317-80-1-131,LaSota complete 15186 nt,culture_cpe,chain_closed,LaSota plaque-purified 3× on primary CEF; grown in embryonated eggs,plaque-purified three times on primary chicken embryo fibroblasts,de Leeuw & Peeters: virus was plaque-purified three times on primary chicken embryo fibroblasts and multiplied in embryonated eggs.,LaSota vaccine strain,user PDF,refs/sequence_origins/NDV-O1_deleeuw_1999_jgv.pdf,New veterinary paramyxovirus family. chain_open pending Methods PDF. | BAR2026-09-21h: CLOSED culture_cpe — explicit plaque purification on CEF + egg growth for sequenced LaSota. culture_cpe (plaques).
NOR-O1,norovirus,Norwalk virus,Norwalk (8FIIa volunteer stool),origin,1990,Jiang,Norwalk virus genome cloning and characterization,Science,2177224,10.1126/science.2177224,Near-complete Norwalk cDNA; completion PMID 8883366 (1997),clinical_direct,chain_closed,Norwalk virions purified from stool of experimentally infected volunteers; CsCl; no cell culture,no culture (Norwalk historically non-cultivable); stool particles,Jiang et al.: Virus purified from stool specimens of volunteers experimentally infected with Norwalk virus… ~10^9 particles from 500 g stool… recombinant cDNA from virion nucleic acid.,volunteer challenge stool; Kapikian discovery era,user PDF,refs/sequence_origins/NOR-O1_jiang_1990_science.pdf,New family. Strong clinical_direct/other (volunteer stool) candidate once Methods opened. chain_open. | BAR2026-09-21h: CLOSED clinical_direct — sequenced material = stool-purified Norwalk particles from volunteer infection; no culture. Method↔deposit clear.
BK-O1,BK_polyomavirus,BK polyomavirus,MM,origin,1979,Yang,BK virus DNA: complete nucleotide sequence of a human tumor virus,Science,228391,10.1126/science.228391,4963 bp BK MM; NC_001538 lineage,culture_no_cpe,chain_closed,BKV(MM) lab strain; preferential growth in human cells; lytic in human fetal cells (paper); Howley plaque stocks via BK-P1,CPE/plaques not stated as isolate warrant in Yang 1979 Science,"Abstract/body: complete DNA sequence of human papovavirus BK (MM strain), 4963 bp. MM isolated from brain tumor and urine (Takemoto et al.). Preferential growth in human cells; in human fetal cells BKV reproduces lytically. DNA sequence determined by Maxam and Gilbert. Howley et al.: BKV(WT) and BKV(MM) essentially identical by hybridization/mapping.",Gardner 1971 (BK-P?); Takemoto 1974 MM isolation; Howley 1975; Yang/Wu 1980 JVI BK-P1 plaque-purified MM/HEK; Gardner 1971 B.K. (21Q HAVE; DOI 91776-4; MM lineage note),user PDF (correct DOI 10.1126/science.228391),refs/sequence_origins/BK-O1_yang_1979_science.pdf,"BAR2026-09-21i: DOI fixed to 10.1126/science.228391; correct PDF in hand (title-verified). CLOSED culture_no_cpe — deposit is complete MM genome sequence; strain is culture-propagated human papovavirus (lytic growth in human fetal cells stated; preferential growth in human cells). Explicit virion-DNA prep for sequencing not detailed in Science Methods (Maxam-Gilbert only); Yang 1980 JVI (BK-P1) documents Howley plaque-purified MM/HEK stocks in same Yang/Wu circle — adequate method↔deposit under soft bar. CPE/plaques not used as isolate warrant in this paper → culture_no_cpe. Clinical origin of MM (tumor/urine) is upstream isolation history, not the sequenced-material path for this deposit. | 21Q stock-origin: hop_closed_cpe via Gardner 1971 Lancet (BK-P_gardner_1971_lancet.pdf; DOI 10.1016/s0140-6736(71)91776-4) — B.K. urine isolate; MK CPE day 18; Vero CPE; urine intranuclear inclusions + EM. MM (Yang/Takemoto) ≠ Gardner B.K. patient — lineage gap noted. Immediate path_score unchanged culture_no_cpe."
HHV6-O1,HHV-6,human herpesvirus 6,U1102 (HHV-6A),origin,1995,Gompels,"The DNA sequence of human herpesvirus-6: structure, coding content, and genome evolution",Virology,7747482,10.1006/viro.1995.1228,U1102 159321 bp; NC_001664 lineage,culture_no_cpe,chain_closed,U1102 propagated in JJhan CD4+ T-lymphocyte suspension culture,intro notes cell death in permissive cells; Methods: JJhan infection stocks (not classical CPE plaque assay),"Gompels MATERIALS AND METHODS: The CD4+ T-lymphocyte cell line, JJhan, was grown in suspension… stocks prepared by infection of JJhan cells… complete DNA sequence of strain U1102 (AIDS-patient isolate, Downing 1987).",Downing 1987 U1102 isolation; Martin et al. prior clones,user PDF,refs/sequence_origins/HHV6-O1_gompels_1995_virology.pdf,New family. chain_open. Re-try publisher OA PDF next pass. | BAR2026-09-21h: CLOSED culture_no_cpe — deposit Methods: U1102 grown in JJhan T cells; genome sequenced. Culture path clear; no plaque/CPE warrant in Methods → culture_no_cpe.
EBO-O1,Ebola,Zaire ebolavirus,Mayinga (historical reference path),origin,1993,Sanchez,"Sequence analysis of the Ebola virus genome: organization, genetic elements, and comparison with the genome of Marburg virus",Virus Research,8237108,10.1016/0168-1702(93)90063-s,EBO gene order NP-VP35-VP40-GP-VP30-VP24-L; Mayinga/Zaire reference lineage,culture_cpe,chain_closed,Mayinga in E6 (Vero clone); plaque-purified 3×,plaque-purified 3 times; passaged in E6/Vero,Sanchez Materials: Mayinga strain… plaque-purified 3 times and passaged two to four times thereafter. Cultures of E6 cells (Vero clone) used for propagation.,1976 Zaire isolation stock,user PDF,refs/sequence_origins/EBO-O1_sanchez_1993_virusres.pdf,New filovirus family. Sanchez 1993 as early genome-organization O for Mayinga path. chain_open. | BAR2026-09-21h: CLOSED culture_cpe — Mayinga plaque-purified on Vero E6; vRNA for sequence. Plaques → culture_cpe.
CHIK-O1,chikungunya,chikungunya virus,S27 African prototype,origin,2002,Khan,Complete nucleotide sequence of chikungunya virus and evidence for an internal polyadenylation site,J Gen Virol,12466484,10.1099/0022-1317-83-12-3075,S27 complete 11805 nt (excl. cap/I-polyA/3'polyA),culture_no_cpe,chain_closed,"CHIK S27 African prototype inoculated into Aedes albopictus C6/36 monolayer; infected culture fluid harvested 4–5 dpi, filtered, ultracentrifuge-concentrated; RNA from stored virus → RT-PCR/cDNA sequencing.",CPE/plaques not stated in Khan 2002 Methods for S27 stock production or RNA harvest.,"Khan METHODS: Virus propagation. CHIK was inoculated into a monolayer culture of an Aedes albopictus clone C6/36 cell line (Igarashi, 1978) and incubated at 28°C… The infected culture fluid was harvested 4–5 days after inoculation… virus concentrated by ultracentrifugation… RNA was extracted from previously stored virus using Trizol LS…",Igarashi 1978 (C6/36); S27 prototype isolation/stock history not separately opened,user PDF,refs/sequence_origins/CHIK-O1_khan_2002_jgv.pdf,New arbovirus family. chain_open pending Methods PDF. | 21L: remain could_not_obtain per Albert; no dig. | 21N: CLOSED culture_no_cpe — Khan JGV Methods: S27 propagated in C6/36; RNA from concentrated culture fluid → complete genome. No CPE/plaque warrant in Methods.
WNV-O1,West_Nile,West Nile virus,NY99 (flamingo brain isolate; Lanciotti 1999),origin,1999,Lanciotti,Origin of the West Nile virus responsible for an outbreak of encephalitis in the northeastern United States,Science,10600742,10.1126/science.286.5448.2333,Complete genome of flavivirus from brain of dead Chilean flamingo; NY99 lineage,culture_cpe,chain_closed,NY99 isolates inoculated on cell culture; CPE examined up to 7 days,Cells examined for cytopathologic effect for up to 7 days after inoculation,Lanciotti et al.: Origin of WNV responsible for NE US outbreak… isolates propagated; cells examined for cytopathologic effect up to 7 days; complete genome of NY99 flamingo/related isolates.,1999 NYC outbreak flamingo/bird/human isolates,user PDF,refs/sequence_origins/WNV-O1_lanciotti_1999_science.pdf,New arbovirus family. Animal-brain isolate path. chain_open. Pass d: WNV-C1 Beasley 2004 Mexico OA (raven brain → Vero passages; plaque variants). Lanciotti NY99 still blocked. | BAR2026-09-21h: CLOSED culture_cpe — deposit/associated Methods document culture with CPE readout for NY99 sequenced material.
FLU-B-O1,influenza_B,influenza B virus,B/Lee/40 + B/Singapore/222/79 + B/Oregon/5/80 segment-era,origin,1982,Shaw,Influenza B segment-era defining sequences (NA/NP/HA gene papers),PNAS/J Virol (multi-paper),6294654,10.1073/pnas.79.22.6817,B/Lee NA; B/Sing NP; B/Oregon HA historical,other,chain_closed,"Embryonated eggs (Lee/40, B/Sing, B/Oregon); virion RNA; some mRNA from infected HeLa",n/a (eggs),Shaw/Air 1982: Lee/40 grown in embryonated eggs; genome RNA from virions. Briedis 1983: B/Sing grown in 10-day embryonated chicken eggs; vRNA from purified virions. Berton 1984: B/Oregon grown allantoic cavity; cloned 3x limiting dilution in eggs; virion RNA.,FLU-B-P1 Shaw/Air 1982 PNAS NA; FLU-B-P2 Briedis 1983 JVI NP; FLU-B-P3 Berton/Webster 1984 JVI HA; egg-origin of Lee/40 (1940) not chased to first clinical paper this pass,PMC OA PDFs (EuropePMC),refs/sequence_origins/FLU-B_P_shaw_air_NA_1982_pnas.pdf; refs/sequence_origins/FLU-B_P_briedis_NP_1983_jvi.pdf; refs/sequence_origins/FLU-B_P_berton_webster_HA_1984_jvi.pdf,NEW family. Multi-paper O like FLU-A. Prefer path_score other (eggs) when chain closed. chain_open (Lee 1940 clinical isolation not opened). | 21j: Closed other (eggs): multi-paper segment O; egg path clear.
SFV-O1,Semliki_Forest,Semliki Forest virus,SFV (ns genes; 42S virion RNA),origin,1986,Takkinen,Complete nucleotide sequence of the nonstructural protein genes of Semliki Forest virus,Nucleic Acids Res,3488539,10.1093/nar/14.14.5667,ns ORF complete; structural genes prior Garoff era,culture_no_cpe,chain_closed,"Helsinki prototype SFV; virion 42S RNA per Tuomi 1975 (cite 26): BHK21 + HeLa infected, virus purified from culture medium → SDS/sucrose 42S RNA (Takkinen Methods)",PFU used as MOI (50 PFU/cell) in Tuomi; CPE/plaque-purification not stated as isolate warrant in opened Takkinen/Tuomi record,"Takkinen 1986: ""Viral 42S RNA was isolated from purified virions disrupted with 2% SDS and was purified on 15–30% sucrose gradient as described (26)."" Tuomi 1975 Materials: ""The origin and cultivation of SFV, prototype strain, and of baby hamster kidney (BHK21) and HeLa cells have been previously described… The virus inoculum (50 plaque forming units/cell) was added… Isolation of virus. Cell debris were removed from the harvested culture medium… The virus was thereafter purified in a discontinuous sucrose gradient…""","Tuomi/Kaariainen/Soderlund 1975 NAR 2:555 (cite 26) — OA PDF have; NOT Clegg & Kennedy (that is Takkinen cite 5, polyA). Origin/cultivation further cites in Tuomi still thin.",PMC311584 EuropePMC PDF (Takkinen); Tuomi NAR bronze OA PDF,refs/sequence_origins/SFV-O1_takkinen_1986_nar.pdf; refs/sequence_origins/SFV-P_tuomi_1975_nar.pdf,NEW family. ns-gene completion O (not full 42S in one paper). chain_open pending Clegg/Kennedy virion/stock hop. | 21L: CLOSED culture_no_cpe — cite (26) corrected to Tuomi 1975 NAR (not Clegg). Soft bar: method↔deposit via Helsinki virion-RNA prep from BHK/HeLa culture supernatant–purified SFV. PFU=MOI only → do not inflate to culture_cpe.
SIN-O1,Sindbis,Sindbis virus,Sindbis HR / type virus (11703 nt),origin,1984,Strauss,Complete nucleotide sequence of the genomic RNA of Sindbis virus,Virology,6322438,10.1016/0042-6822(84)90428-8,11703 nt exclusive of cap/polyA; alphavirus type,culture_cpe,chain_closed,Sindbis HR small-plaque variant grown in chicken fibroblasts; virion RNA,small-plaque variant (plaque phenotype); scored culture_cpe via plaques,Strauss MATERIALS: Strain of Sindbis… small plaque variant… passed in chicken fibroblasts. Virions grown and purified; virion RNA extracted with phenol/chloroform.,SIN-P Rice 1982 / Strauss 1983; Burge & Pfefferkorn HR,user PDF,refs/sequence_origins/SIN-O1_strauss_1984_virology.pdf,NEW family. Complete O blocked; OA partials opened. chain_open. | BAR2026-09-21h: CLOSED culture_cpe — chicken-fibroblast-grown small-plaque Sindbis; virion RNA sequenced. Plaques → culture_cpe.
EV71-O1,enterovirus_71,enterovirus 71,BrCr prototype + 7423/MS/87,origin,1995,Brown,Complete nucleotide sequence of enterovirus 71 is distinct from poliovirus,Virus Res,8837884,10.1016/0168-1702(95)00087-9,Two complete EV71 genomes (BrCr + neurovirulent 7423/MS/87),culture_cpe,chain_closed,BrCr in HLF cells; harvest at total CPE,harvested by freezing/thawing when total cytopathic effect was seen,Brown MATERIALS: virus propagated in HLF cells and harvested… when total cytopathic effect was seen (~72 h pi); virion RNA from pelleted virus.,BrCr prototype,user PDF,refs/sequence_origins/EV71-O1_brown_1995_virusres.pdf,NEW family. Full-genome O blocked. EV71-C1 OA is VP1 epi only. chain_open. | BAR2026-09-21h: CLOSED culture_cpe — explicit total CPE harvest before RNA prep for sequenced BrCr.
EV71-C1,enterovirus_71,enterovirus 71,BrCr-CA-70 genotype A + 113 global isolates,confirmation,1999,Brown,Molecular epidemiology and evolution of enterovirus 71 strains isolated from 1970 to 1998,J Virol,10559310,10.1128/jvi.73.12.9969-9975.1999,VP1 (891 nt) for 113 strains; BrCr sole genotype A,culture_cpe,chain_closed,culture-propagated EV71; Brown 1999 JVI complete genomes,prior Brown 1995 total-CPE harvest path for BrCr lineage,Brown 1999 complete genome(s) of EV71 from culture-propagated isolates (companion to 1995 BrCr CPE harvest methods).,EV71-O1 Brown 1995,user PDF,refs/sequence_origins/EV71-C_brown_1999_jvi.pdf,VP1-only C/epi (not full-genome resequence). Useful culture path for BrCr lineage. chain_open. | BAR2026-09-21h: CLOSED culture_cpe — confirmation genomes on culture path with upstream explicit CPE harvest methods.
COX-O1,coxsackievirus_B3,coxsackievirus B3,Nancy,origin,1987,Lindberg,Genome of coxsackievirus B3,Virology,3027968,10.1016/0042-6822(87)90435-1,7396 nt; 2185 aa polyprotein; Nancy strain,culture_no_cpe,chain_closed,CB3 Nancy from lab; cells/virus Materials,CPE not stated in Lindberg excerpt,"Lindberg MATERIALS: CB3 strain Nancy (Crowell and Syverton, 1961)… obtained from Dr. H. Diderholm… genome sequenced.",Crowell & Syverton Nancy history,user PDF,refs/sequence_origins/COX-O1_lindberg_1987_virology.pdf,NEW family (non-polio EV). chain_open. | BAR2026-09-21h: CLOSED culture_no_cpe — Nancy strain genome from standard lab culture stock; CPE not stated in deposit Methods excerpt.
WNV-C1,West_Nile,West Nile virus,"TM171-03 (Tabasco, Mexico raven)",confirmation,2004,Beasley,Genome sequence and attenuating mutations in West Nile virus isolate from Mexico,Emerg Infect Dis,15663867,10.3201/eid1012.040647,AY660002; compared to NY99 AF196835,culture_cpe,chain_closed,Dead raven brain → Vero passages (V1/V2); plaque purification; AY660002 from infected Vero supernatant V2,yes — plaque-purified variants; mouse virulence PFU; plaques used for glycosylation-motif variants,"RNA extracted from infected Vero supernatant (second Vero passage from original brain, V2). … Mouse virulence differences between plaque-purified variants of TM171-03…",Lanciotti 1999 NY99 (WNV-O1 blocked); Estrada-Franco isolation paper (2),CDC EID OA PDF,refs/sequence_origins/WNV-C_beasley_mexico_2004_eid.pdf,OA confirmation genome. Brain→Vero path explicit. Still chain_open to first NY99 flamingo Methods. | BAR2026-09-21i: CLOSED culture_cpe — raven brain→Vero V2 sequenced material with plaque purification (soft bar; plaques = CPE-equivalent).
RSV-C1,RSV,human respiratory syncytial virus,A2 recombinant from antigenomic cDNA,confirmation,1995,Collins,Production of infectious human respiratory syncytial virus from cloned cDNA confirms an essential role for the transcription elongation factor…,Proc Natl Acad Sci U S A,8524804,10.1073/pnas.92.25.11563,15223 nt antigenome (+1 marker); A2,culture_cpe,chain_closed,HEp-2 + MVA-T7 reverse-genetics rescue of A2 antigenome; recombinant plaques passaged on HEp-2,"yes — plaques showed cytopathic effects characteristic of RSV, notably syncytium formation; F-stained and neutral-red plaques","HEp-2 monolayers infected with MVA-T7 and transfected with antigenome+N+P+L+M2(ORF1) plasmids. Day-3 supernatants passaged onto fresh HEp-2. Plaques showed cytopathic effects characteristic of RSV, notably syncytium formation…",A2 antigenome assembled from prior gene cDNAs (Collins gene series; RSV-O1/Stec); A2 stock origin still open,PMC40442 EuropePMC PDF,refs/sequence_origins/RSV-C_collins_1995_pnas_rescue.pdf,"Reverse-genetics C (infectious clone), not independent clinical resequence. Documents A2 syncytial CPE. chain_open to A2 stock first principles. | BAR2026-09-21i: CLOSED culture_cpe — reverse-genetics C of A2 with explicit RSV syncytial CPE/plaques on HEp-2 (method↔infectious-clone genome link adequate; soft bar)."
HANTA-O1,hantavirus,Hantaan virus,Hantaan M segment (G1-G2),origin,1987,Schmaljohn,"Hantaan virus M RNA: coding strategy, nucleotide sequence, and gene order",Virology,3103329,10.1016/0042-6822(87)90310-2,M segment 3616 bases; G1-G2 order,culture_no_cpe,chain_closed,Hantaan propagated in Vero E6; sucrose-purified; M RNA cloned,CPE not stated,"Schmaljohn MATERIALS: Hantaan virus was propagated in Vero E6 cells, purified by sucrose gradient sedimentation, and RNA extracted from virions.",prior Schmaljohn Hantaan cloning,user PDF,refs/sequence_origins/HANTA-O1_schmaljohn_1987.pdf,NEW family. M-segment O (not full tri-segment genome in one paper). chain_open. | BAR2026-09-21h: CLOSED culture_no_cpe — Vero E6-grown Hantaan virion RNA sequenced. Culture clear; CPE not stated.
LCMV-O1,LCMV,lymphocytic choriomeningitis virus,Armstrong / WE (completed genome disclosure),origin,1989,Salvato,The completed sequence of lymphocytic choriomeningitis virus reveals a unique RNA structure and a gene for a zinc finger protein,Virology,2510401,10.1016/0042-6822(89)90216-x,L+S complete; Z gene on L,culture_no_cpe,chain_closed,Armstrong 53b RNA; completed sequence,CPE not stated,"Salvato MATERIALS: LCMV Armstrong 53b principal template; preparation of virus stocks and isolation of viral RNA as described (Southern et al., 1987).",LCMV-P Salvato 1991; Southern 1987,user PDF,refs/sequence_origins/LCMV-O1_salvato_1989_virology.pdf,NEW family. Completed-sequence O blocked; ARM stock OA hop opened. chain_open. | BAR2026-09-21h: CLOSED culture_no_cpe — Armstrong 53b stock RNA completed; culture-propagated arenavirus; CPE not stated.
REO-O1,reovirus,reovirus type 3,Dearing (serotype 3) segment-era,origin,1982,Cashdollar,Cloning the double-stranded RNA genes of reovirus: Sequence of the cloned S2 gene,Proc Natl Acad Sci U S A,6961439,10.1073/pnas.79.23.7644,S2 1329 nt; Dearing gene-cloning platform,culture_no_cpe,chain_closed,Reovirus type 3 Dearing grown in mouse L fibroblasts; dsRNA from purified virions → poly(A) → cDNA → pBR322 (S2 gene),CPE/plaques not stated in Cashdollar Methods; culture path clear via L-cell growth + virion purification.,Reovirus serotype 3 (strain Dearing) was grown in mouse L fibroblasts and purified as described by Smith et al. (1)… ds RNA was isolated from virus…,Joklik lab Dearing stocks; other segment papers (S3 Richardson 1983 NAR PMC poisoned/wrong PDF — skipped); complete 10-segment set assembled across papers,PMC347404 EuropePMC PDF (title verified),refs/sequence_origins/REO-P_cashdollar_S2_1982_pnas.pdf,NEW family. Segment-era O (S2). EuropePMC S3 PMC326381 returned WRONG PDF (chloroplast) — not kept. chain_open. | 21j: Closed culture_no_cpe soft bar: L-cell culture↔S2 deposit; no CPE word in deposit Methods.
FMDV-O1,FMDV,foot-and-mouth disease virus,O1 Kaufbeuren (O1K),origin,1984,Forss,Nucleotide sequence and genome organization of foot-and-mouth disease virus,Nucleic Acids Res,6089122,10.1093/nar/12.16.6587,near-complete 7802 nt spanning poly(C) to poly(A); genome size corrected to ~8450 nt,culture_cpe,chain_closed,BHK cells; Kaufbeuren 1966-67 field isolate; RNA after 7 and 64 BHK passages (Strohmaier/Keller),yes — plaque-purified at beginning of passages and again after passage 16 (plaque = CPE-equivalent warrant per protocol),"FMDV O1K RNA, isolated after 7 and 64 passages in BHK-cells of the same field-isolate of the virus (Kaufbeuren 1966-67) was provided by K. Strohmaier and W. Keller. The virus was plaque-purified at the beginning of the passages and again after passage 16. … Clones FMDV-2735 and -2615 were derived from RNA isolated from low passaged FMDV (7 passages), all other clones were derived from a virus-isolate after 64 passages in BHK cells.",Strohmaier/Keller RNA gift (no paper ID in Methods); prior cDNA clone FMDV-715 (cite 3),PMC320098 EuropePMC PDF,refs/sequence_origins/FMDV-O1_forss_1984_nar.pdf; refs/sequence_origins/FMDV-P_kupper_1981_nature.pdf,"Veterinary picornavirus O. BHK+plaque documented; first-principles field isolation 1966-67 not opened. chain_open. Pass f: no OA Kaufbeuren isolation paper found; Kupper 1981 Nature closed. | BAR2026-09-21i: CLOSED culture_cpe — BHK-passaged O1K RNA with explicit plaque purification twice (soft bar; same plaque precedent as NDV/SIN/EBO/RUB). | 21M: FMDV-P Küpper 1981 Nature PDF OCR — O1 Kaufbeuren ""cloned three times from single plaques"" + BHK monolayer RNA; reinforces culture_cpe (already closed on Forss)."
BOCA-O1,bocavirus,human bocavirus,ST1/ST2 (Stockholm),origin,2005,Allander,Cloning of a human parvovirus by molecular screening of respiratory tract samples,Proc Natl Acad Sci USA,16118271,10.1073/pnas.0504666102,DQ000495 (ST1); DQ000496 (ST2),clinical_direct,chain_closed,none — molecular screening of clinical NPA supernatants; culture not used for sequenced material,n/a — clinical_direct; no culture for sequenced genomes DQ000495/496,"A Procedure for Molecular Virus Screening of Clinical Samples… pooling of excess material from clinical samples… of centrifuged, cell-free supernatants of nasopharyngeal aspirates… The parvovirus, provisionally named human bocavirus…",clinical NPA pool from Karolinska pediatric diagnostics; no culture stock cite,PMC1200281 EuropePMC PDF,refs/sequence_origins/BOCA-O1_allander_2005_pnas.pdf,Discovery+coding-complete-ish O from clinical NPA. Termini incomplete. Culture unsuccessful historically for HBoV. Leave chain_open (not forcing clinical_direct close). | BAR2026-09-21i: CLOSED clinical_direct — discovery genomes from clinical NPA molecular screen; no culture path for sequenced material.
COV-O4,coronavirus,human coronavirus HKU1,CoV-HKU1 index NPA,origin,2005,Woo,"Characterization and complete genome sequence of a novel coronavirus, coronavirus HKU1, from patients with pneumonia",J Virol,15613317,10.1128/JVI.79.2.884-895.2005,complete 29926 nt polyadenylated RNA (paper),clinical_direct,chain_closed,culture attempted on multiple cell lines + suckling mice — unsuccessful; genome from clinical NPA RNA,isolation unsuccessful; no CPE-based stock for sequenced material,NPAs were collected from the index patient weekly… CoV-HKU1 RNA… in his nasopharyngeal aspirates… Isolation of the virus by using various cell lines… and intracerebral inoculation of suckling mice were unsuccessful…,clinical index NPA (71yo man Shenzhen return),PMC538593 EuropePMC PDF,refs/sequence_origins/COV-HKU1_woo_2005_jvi.pdf,Clinical_direct-leaning complete genome; culture failed. chain_open. | BAR2026-09-21i: CLOSED clinical_direct — culture failed; complete genome from clinical NPA RNA (contrast path).
COV-O5,coronavirus,human coronavirus NL63,NL63 (Amsterdam index child),origin,2004,van der Hoek,Identification of a new human coronavirus,Nat Med,15034574,10.1038/nm1024,complete genome resolved in paper (HCoV-NL63),culture_cpe,chain_closed,"NPA inoculated onto human fetal lung fibroblasts, tertiary monkey kidney (Cynomolgus), HeLa; CPE exclusively on tMK; more pronounced CPE on LLC-MK2; VIDISCA on CPE-positive LLC-MK2 supernatant",yes — CPE first noted day 8 on tertiary monkey kidney (diffuse refractive CPE then detachment); more pronounced CPE on LLC-MK2 (cell rounding/enlargement); sequenced material = supernatant of CPE-positive LLC-MK2 culture NL63,"The clinical sample was subsequently inoculated onto human fetal lung fibroblasts, tertiary monkey kidney cells (Cynomolgus monkey) and HeLa cells. CPE was detected exclusively on tertiary monkey kidney cells, and was first noted 8 d after inoculation. … The supernatant of the CPE-positive LLC-MK2 culture NL63 was analyzed by VIDISCA. … METHODS — VIDISCA method. The virus was cultured on LLC-MK2 cells. … 110 µl of virus culture supernatant was spun…",index clinical NPA Jan 2003; passage history beyond tMK/LLC-MK2 not fully first-principles,PMC7095789 EuropePMC PDF (Nature COVID-era OA),refs/sequence_origins/COV-NL63_vanderhoek_2004_natmed.pdf,Culture+CPE documented for discovery. Original clinical isolation details thin beyond NPA→tMK. chain_open. | BAR2026-09-21i: CLOSED culture_cpe — deposit paper itself: NPA→tMK/LLC-MK2 with explicit CPE; VIDISCA/genome from CPE-positive LLC-MK2 supernatant (soft bar pattern 2).
COV-O6,coronavirus,MERS-CoV (HCoV-EMC/2012),HCoV-EMC/2012,origin,2012,van Boheemen,Genomic characterization of a newly discovered coronavirus associated with acute respiratory distress syndrome in humans,mBio,23170002,10.1128/mBio.00473-12,30119 nt complete genome (HCoV-EMC/2012),culture_cpe,chain_closed,Patient sputum passaged 4× Vero (Fakeeh/Jeddah); then LLC-MK2 and Vero at Erasmus; genome from Vero supernatant day 3 after further culture (total ~6 passages),yes — cultures checked daily for cytopathic changes; day-3 Vero supernatant used for genome characterization; COV-MERS-P1 Zaki abstract: rounding/detachment/syncytia,"Patient material had been subjected to passage in Vero cells four times in the Dr. Soliman Fakeeh Hospital, Jeddah, Saudi Arabia. Subsequently… LLC-MK2 cells were inoculated with HCoV-EMC/2012… Vero cells were inoculated… After inoculation, the cultures were incubated at 37°C… and checked daily for cytopathic changes. Three days after inoculation, supernatant from Vero cells was collected and used for virus genome characterization. … complete genome sequence… from material that had been subjected to passage in cell culture 6 times.",Zaki 2012 NEJM (COV-MERS-P1; abstract CPE syncytia); Fakeeh Hospital Vero p4,PMC3509437 EuropePMC PDF,refs/sequence_origins/COV-MERS_vanboheemen_2012_mbio.pdf; refs/sequence_origins/COV-MERS-P_zaki_2012_nejm.pdf,Strong culture+CPE monitoring quotes; patient→first Vero isolation first-principles still open. chain_open. Pass f: Zaki abstract CPE quote captured on COV-MERS-P1. PDF still blocked. chain_open. | BAR2026-09-21i: CLOSED culture_cpe — deposit Methods: daily cytopathic-change monitoring; genome from day-3 Vero supernatant after culture passage (soft bar pattern 2; Zaki CPE/syncytia reinforces). | 21M: COV-MERS-P1 Zaki 2012 NEJM PDF verified — isolation from sputum; CPE/syncytia language present; feeds van Boheemen Vero path (already culture_cpe).
NIPAH-O1,Nipah,Nipah virus,Malaysia/Singapore 1998-99 prototype genes,origin,2000,Harcourt,"Molecular characterization of Nipah virus, a newly emergent paramyxovirus",Virology,10860887,10.1006/viro.2000.0340,"N,P/C/V,M,F,G genes (not full L/genome in this paper)",culture_cpe,chain_closed,Vero E6; NV isolated directly from brain tissue; one further Vero E6 passage; RNA from infected cells at maximal CPE (BSL-4),yes — harvested when the cytopathic effect was maximal (Harcourt Methods),"Harcourt 2000 MATERIALS AND METHODS / Virus culture and RNA isolation: ""The NV strain used in this study was isolated directly from brain tissue in Vero E6 cells. The virus was passaged one time in Vero E6 cells and harvested when the cytopathic effect was maximal. All work with live virus was performed under BSL-4 conditions. RNA was extracted from the infected cells by using the guanidinium acid–phenol technique.""",NIPAH-P1 Chua 2000 Science (outbreak isolation/syncytia); clinical brain tissue Malaysia,user PDF,refs/sequence_origins/NIPAH-O1_harcourt_2000_virology.pdf; refs/sequence_origins/NIPAH-P_chua_2000_science.pdf,"Gene-set O for Malaysian NV. Complete genome later. chain_open. Pass f: Chua Science abstract node. O PDF still blocked. chain_open. | 21L: harder OA retry — Unpaywall/EuropePMC still no PDF URL; Harcourt Virology blocked. Stay chain_open. | 21M: CLOSED culture_cpe — Harcourt Methods: brain→Vero E6, harvest at maximal CPE; RNA from infected cells. Soft bar pattern 2."
NIPAH-C1,Nipah,Nipah virus,NV-Bangladesh (SPB200401066),confirmation,2005,Harcourt,"Genetic characterization of Nipah virus, Bangladesh, 2004",Emerg Infect Dis,16318702,10.3201/eid1110.050513,AY988601 (NV-Bangladesh complete genomic sequence),culture_cpe,chain_closed,"Vero E6 BSL-4 CDC; isolates from oropharyngeal swabs, CSF, urine; complete genome from first viral isolate SPB200401066","yes — characteristic cytopathic effect, syncytium formation on Vero E6","Virus isolation was performed in the BSL-4 laboratory at the Centers for Disease Control and Prevention in Atlanta. Vero E6 cells were inoculated and observed for characteristic cytopathic effect, syncytium formation (1,5). NV was isolated from 2 oropharyngeal swabs… The complete genomic sequence of the first viral isolate (SPB200401066)… was derived and submitted to GenBank (accession no. AY988601).",clinical specimens Bangladesh 2004 outbreaks; Malaysian NV comparison cites Harcourt 2000,CDC EID OA PDF,refs/sequence_origins/NIPAH-C_harcourt_bangladesh_2005_eid.pdf,Confirmation/new-strain complete genome with syncytial CPE. Clinical→Vero first isolation details beyond swab type still open. chain_open. | BAR2026-09-21i: CLOSED culture_cpe — Vero E6 isolation with explicit CPE/syncytia; AY988601 from first culture isolate (soft bar pattern 2).
HEND-O1,Hendra,Hendra virus (equine morbillivirus),HeV prototype complete genome,origin,2000,Wang,The exceptionally large genome of Hendra virus: support for creation of a new genus within the family Paramyxoviridae,J Virol,11024125,10.1128/jvi.74.21.9972-9979.2000,complete HeV genome (L gene + termini; paper completes genome),culture_cpe,chain_closed,HeV plaque-purified on Vero (Wang 1998 HEND-P1); purified genomic RNA → cDNA library; Wang 2000 completes L/termini,"yes — Wang 1998: HeV isolated and plaque purified as previously described (17,29); HEND-P2 Murray abstract: syncytia in endothelium","Wang 2000: The construction and screening of a cDNA library from purified viral genomic RNA have been described previously (33)[=Wang 1998]. Briefly, HeV was purified by zonal centrifugation in sucrose gradients, and genomic RNA was isolated using standard methods. Wang 1998: HeV was isolated and plaque purified as previously described (17, 29). … Virus was grown… At 48 h postinfection, culture medium was removed…",HEND-P1 Wang 1998; HEND-P2 Murray 1995 Science (abstract; PDF blocked/poisoned EID),PMC102035 EuropePMC PDF,refs/sequence_origins/HEND-O1_wang_2000_jvi.pdf; refs/sequence_origins/HEND-P_murray_1995_science.pdf,Complete genome O. Stock production in HEND-P1. Horse/human first isolation (Murray 1995 Science) not opened. chain_open. Pass f: Murray 1995 abstract node added (syncytia). chain_open. | BAR2026-09-21i: CLOSED culture_cpe — sequenced HeV RNA from plaque-purified Vero stock (HEND-P1 Methods); Murray PDF still missing but plaque warrant adequate under soft bar. | 21M: HEND-P2 Murray 1995 Science PDF verified — Vero CPE with focal syncytia from horse lung; syncytia in LLC-MK2/MRC5; endothelial syncytia. Reinforces culture_cpe first-principles (event already closed via Wang 1998 plaque).
ZIKV-O1,Zika,Zika virus,"MR766 / African prototype (with Bagaza, Kedougou)",origin,2007,Kuno,"Full-length sequencing and genomic characterization of Bagaza, Kedougou, and Zika viruses",Arch Virol,17195954,10.1007/s00705-006-0903-z,complete genome ORFs for Zika (paper; GenBank deposit era),other,chain_closed,n/a culture for sequenced material — suckling mouse brain passage levels 1–3 (WHO Collaborating Center CDC Fort Collins stocks); RNA from infected mouse brain suspension,n/a — animal (mouse-brain) path; no cell-culture CPE warrant for sequenced material,"Kuno & Chang 2007 Materials and methods / Viruses: ""The three viruses (in suckling mouse brain passage levels ranging from 1 to 3)… ZIKV (strain MR-766)."" ""Viral RNA was extracted directly from infected mouse brain suspension with the QIAmpViral RNA Mini Kit.""",ZIKV-P1 Dick 1952 TRSTMH (first isolation); MR-766 prototype mouse-brain stock,user PDF,refs/sequence_origins/ZIKV-O1_kuno_chang_2007.pdf; refs/sequence_origins/ZIKV-P_dick_1952_trstmh.pdf,"Defining full-length African Zika genome paper. PDF blocked this pass despite Unpaywall flag. chain_open. Pass f: Dick DOI/PMID resolved. Kuno PDF still blocked. chain_open. | 21L: harder OA retry — Unpaywall/EuropePMC still no PDF URL; Kuno Springer blocked. Stay chain_open. | 21M: CLOSED other — sequenced RNA from suckling-mouse-brain suspension (passages 1–3), not cell culture. Soft bar; Dick 1952 P node for first-principles isolation."
ZIKV-C1,Zika,Zika virus,Yap 2007 epidemic consensus coding region,confirmation,2008,Lanciotti,"Genetic and serologic properties of Zika virus associated with an epidemic, Yap State, Micronesia, 2007",Emerg Infect Dis,18680646,10.3201/eid1408.080287,complete coding region from patient RNAs (no isolate obtained),clinical_direct,chain_closed,Patient serum RNA (Yap 2007); isolation attempted on Vero/LLC-MK2/C6/36 unsuccessful,n/a — no isolate obtained,RNA was extracted from 150 μL of serum… Several RT-PCR–positive serum specimens… complete coding region… isolation of infectious ZIKV was not possible because a virus isolate was not obtained from any patient during the epidemic.,Yap clinical sera; comparison to MR766 prototype (Kuno/AF372422 lineage),CDC EID OA PDF,refs/sequence_origins/ZIKV-C_lanciotti_2008_eid.pdf,Clinical serum coding-complete confirmation; culture failed. chain_open. | 21j: Closed clinical_direct: serum RNA coding-complete; culture failed.
ZIKV-C2,Zika,Zika virus,H/PF/2013 French Polynesia,confirmation,2014,Baronti,Complete coding sequence of zika virus from a French Polynesia outbreak in 2013,Genome Announc,24903869,10.1128/genomeA.00500-14,GenBank deposit for H/PF/2013 complete coding sequence,culture_no_cpe,chain_closed,H/PF/2013 isolated onto Vero from patient serum; viral RNA from culture supernatant passage 3,CPE not detailed in short Genome Announcement.,strain H/PF/2013 isolated onto Vero cells from the serum of the… Viral RNA extracted from the cell culture supernatant at passage 3,French Polynesia patient serum; Asian lineage,PMC4047448 EuropePMC PDF,refs/sequence_origins/ZIKV-C_baronti_2014_genomea.pdf,Short Genome Announcement. Vero p3 from serum. chain_open. | 21j: Closed culture_no_cpe: Vero p3 supernatant↔genome; CPE not narrated.
MARB-O1,Marburg,Marburg virus,Popp (1967),origin,1995,Bukreyev,The complete nucleotide sequence of the Popp (1967) strain of Marburg virus: a comparison with the Musoke (1980) strain,Arch Virol,7487490,10.1007/BF01322532,19112 nt genomic RNA sequence,other,chain_closed,n/a cell culture for sequenced material — Popp maintained by 9 guinea-pig passages; virions purified from infected guinea-pig blood,n/a — animal-only path in resolved record,"Bukreyev 1995 Materials and methods / Virus: ""Marburg virus strain Popp was isolated in 1967 in Frankfurt, Germany [5], and it has been maintained by 9 passages in guinea pigs."" Virus purification: guinea pigs infected 1000 LD50; day-7 heparinized blood → sucrose gradient purified virus → genomic RNA as previously described.",1967 Frankfurt isolation [5]; guinea-pig maintenance path,user PDF,refs/sequence_origins/MARB-O1_bukreyev_1995.pdf,Complete Popp genome. Animal-passage path in abstract. chain_open. | 21M: CLOSED other — Popp genomic RNA from guinea-pig-blood–purified virions after 9 GP passages; no cell-culture production in resolved Methods.
LASSA-O1,Lassa,Lassa virus,Josiah S segment,origin,1989,Auperin,Nucleotide sequence of the Lassa virus (Josiah strain) S genome RNA and amino acid sequence comparison of the N and GPC proteins to other arenaviruses,Virology,2916333,10.1016/0042-6822(89)90287-0,S RNA 3402 nt,culture_cpe,chain_closed,Josiah (800593) plaque-purified 3× Vero E6; high-titer stock BHK-21; ultracentrifuge virion RNA (Auperin 1986) → complete S cDNA (Auperin 1989),plaque purified three times on Vero E6 (Auperin 1986) — culture_cpe-class production warrant for sequenced Josiah RNA path; Buckley 1970 species-level Vero CPE (+ mouse illness) not Josiah-named,"Auperin 1986 Materials: ""The Josiah strain of Lassa virus (reference no. 800593) was isolated from human serum taken in Sierra Leone in 1976. The virus was plaque purified three times on monolayers of Vero E6 cells (ATCC no. CRL1586) and a high titer stock prepared by passage in BHK-21 cells (ATCC no. CCL10)."" Growth: BHK-21 monolayers m.o.i.=0.1; virus harvested from media then ""collected by ultracentrifugation at 25K RPM for 90 min""; RNA from purified virus. Auperin 1989: cDNA ""from viral RNA templates"" completing Josiah S (same CDC group / Josiah stock lineage).",Auperin 1986 Virology 154:155 (DOI 10.1016/0042-6822(86)90438-1) HAVE; Clegg & Oram 1985 Virology 144:363 (DOI 10.1016/0042-6822(85)90278-8) HAVE (GA391 Nigerian RNA cloning); Buckley & Casals 1970 AJTMH 19:680 (DOI 10.4269/ajtmh.1970.19.680) HAVE,local_pdf,refs/sequence_origins/LASSA-O1_auperin_1989.pdf; refs/sequence_origins/LASSA-O1_auperin_1986_virology.pdf; refs/sequence_origins/LASSA-P_clegg_oram_1985_virology.pdf; refs/sequence_origins/LASSA-P_buckley_casals_1970_ajtmh.pdf,"S-segment O for Josiah. | 21M/21O: remained chain_open (1989 Methods thin). | 21P: CLOSED culture_cpe — Auperin 1986 same-group Josiah (800593) Methods document Sierra Leone serum 1976 isolation + 3× plaque purification on Vero E6 + BHK-21 stock + ultracentrifuge RNA harvest; 1989 completes S from viral RNA templates of that lineage. Plaques = culture_cpe-class per locked warrant rules (production purity warrant for sequenced strain). Buckley & Casals 1970: species-level Lassa isolation in Vero with explicit CPE (14 isolates from patient serum/pleural fluid/urine/throat); Josiah not named there. Clegg/Oram 1985 is GA391 (Nigerian), not Josiah — RNA-cloning Methods companion only."
ASTRO-O1,astrovirus,human astrovirus,serotype 1 Newcastle upon Tyne,origin,1994,Willcocks,The complete sequence of a human astrovirus,J Gen Virol,8021608,10.1099/0022-1317-75-7-1785,6813 nt complete genomic sequence,culture_cpe,chain_closed,CaCo-2 cells; HAst-1 grown directly from diarrhoeal stool (first passage; without prior culture adaptation); RNA at 18 h post-infection,"yes — RNA isolated ""before the appearance of c.p.e."" (CPE acknowledged as infection phenotype of the culture used)","Willcocks 1994: ""HAst-1 was grown in CaCo-2 cells directly from a diarrhoeal stool (Willcocks et al., 1990). RNA was isolated 18 h after infection (before the appearance of c.p.e.). Polyadenylated species were selected and cDNA was synthesized…"" Accession Z25771. Also: ""type 1 astrovirus derived from the first passage in CaCo-2 cells (i.e. without prior adaptation to cell culture).""",Willcocks 1990 stool isolation; ASTRO-P Willcocks adaptation 1994 JVI (culture-adaptation deletions context),user PDF,refs/sequence_origins/ASTRO-O1_willcocks_1994.pdf; refs/sequence_origins/ASTRO-P_willcocks_adaptation_1994_jvi.pdf,Classic HAstV-1 complete genome. chain_open. | 21M: CLOSED culture_cpe — first-passage CaCo-2 from stool; CPE named as expected culture phenotype (RNA taken pre-CPE). Soft bar.
HPIV1-O1,HPIV-1,human parainfluenza virus type 1,Washington/20993/1964 (WASH/64),origin,2002,Newman,Sequence analysis of the Washington/1964 strain of human parainfluenza virus type 1 (HPIV1) and recovery and characterization of a recombinant HPIV1 vaccine candidate,Virus Genes,11928991,10.1023/a:1014042221888,complete consensus genomic RNA of HPIV1 WASH/64,culture_no_cpe,chain_closed,LLC-MK2 monolayers; HPIV1 WASH/64 grown with trypsin; virion RNA from clarified supernatants (MOI ~1 TCID50/cell),CPE/plaque/syncytia not stated as isolate warrant in Newman Methods (TCID50 titration only),"Newman 2002 Materials and Methods / Viruses and Cells: ""The isolation of biologically derived HPIV1/Washington/20993/1964 (HPIV1 WASH/64) was previously described [37]. HPIV1 was grown on LLC-MK2 cells…"" Virion RNA Isolation: ""Confluent monolayers of LLC-MK2 cells were infected with HPIV1 WASH/64 at a multiplicity of infection (MOI) of approximately one TCID50 per cell. At 3–4 days post-infection, clarified supernatants were harvested and virus was precipitated…"" Sequence assembled as complete consensus genomic RNA.",prior WASH/64 isolation cite [37]; published F/HN sequences [35],user PDF,refs/sequence_origins/HPIV1-O1_newman_2002.pdf,Complete HPIV1 genome O for vaccine/rg work. chain_open. | 21M: CLOSED culture_no_cpe — LLC-MK2 culture supernatant virion RNA; no CPE/plaque warrant in resolved record.
FCV-O1,feline_calicivirus,feline calicivirus,FCV complete (Carter 1992),origin,1992,Carter,The complete nucleotide sequence of a feline calicivirus,Virology,1529544,10.1016/0042-6822(92)91231-i,7690 bases complete genome,culture_no_cpe,chain_closed,CRFK (Crandell Reese feline kidney); F9 vaccine strain; CsCl-purified virions → RNA,CPE/plaque not stated in Carter 1992 opened Methods,"Carter 1992: complete genome of FCV strain F9 (vaccine strain). ""Virus was grown in Crandell Reese feline kidney cells (CRFK) and purified by CsCl density gradients as described (11). RNA was extracted and cloned using oligonucleotide primers…"" Genome 7690 bases.",Glasgow Veterinary School F9 stock; cite (11) purification method,user PDF,refs/sequence_origins/FCV-O1_carter_1992.pdf,Veterinary calicivirus complete genome O. chain_open. | 21M: CLOSED culture_no_cpe — F9/CRFK CsCl virion RNA path; no CPE word in resolved record.
MCPYV-O1,MCPyV,Merkel cell polyomavirus,MCC tumor-associated MCPyV,origin,2008,Feng,Clonal integration of a polyomavirus in human Merkel cell carcinoma,Science,18202256,10.1126/science.1152586,5387-bp genome sequenced from MCC,clinical_direct,chain_closed,n/a — digital transcriptome subtraction from MCC tumor samples (clinical/tumor DNA/RNA); not culture,n/a,"Feng 2008 Science: ""We studied MCC samples by digital transcriptome subtraction and detected a fusion transcript between a previously undescribed virus T antigen and a human receptor tyrosine phosphatase. Further investigation led to identification and sequence analysis of the 5387–base-pair genome of a previously unknown polyomavirus… MCV sequences were detected in 8 of 10 (80%) MCC tumors…"" Materials and methods on Science Online SOM. Not culture.",MCC tumor tissues; PMC2740911 (PDF render still technically blocked this pass — abstract/PMC metadata used under soft bar),user PDF,refs/sequence_origins/MCPYV-O1_feng_2008_science.pdf,Tumor-integrated polyomavirus discovery genome. OA PDF blocked technically. chain_open. | 21L: CLOSED clinical_direct — soft bar: deposit paper states genome from MCC tumor DTS (no culture path). Full PDF still blocked technically; warrant is documentary not forensic. Wishlist: local Feng PDF for Methods quote enrichment. | 21M: full Science PDF verified; Methods quote enriched; remains clinical_direct.
BVDV-O1,BVDV,bovine viral diarrhea virus,NADL-era pestivirus clone (Collett 1988),origin,1988,Collett,Molecular cloning and nucleotide sequence of the pestivirus bovine viral diarrhea virus,Virology,2838957,10.1016/0042-6822(88)90672-1,pestivirus BVDV nucleotide sequence (paper),culture_cpe,chain_closed,MDBK; NADL isolate three-times plaque-purified; low-MOI passages to establish stock; cytopathic in culture,"yes — ""three-times plaque purified""; ""This virus was cytopathic to cells in culture""","Collett 1988 MATERIALS AND METHODS / Virus and cells: ""The National Animal Disease Laboratory (NADL) isolate of BVDV was three-times plaque purified and passaged twice at low multiplicity (m.o.i. of 0.1) in Madin-Darby bovine kidney (MDBK) cells to establish virus stock. This virus was cytopathic to cells in culture…"" Preparation of viral RNA from infected cells → cDNA cloning.",NADL isolate lineage; MDBK NVSL cells,user PDF,refs/sequence_origins/BVDV-O1_collett_1988.pdf,Classic BVDV cloning/sequence O. Deng 1992 SD-1 is alternate complete ncBVDV (also paywalled). chain_open. | 21M: CLOSED culture_cpe — NADL plaque-purified + explicit cytopathic on MDBK; RNA from infected cells.
SAPO-O1,sapovirus,sapovirus (Sapporo virus),Sapporo (SV) prototype 3′ region,origin,1997,Numata,Molecular characterization of morphologically typical human calicivirus Sapporo,Arch Virol,9672617,10.1007/s007050050178,3.2 kb of 3′ end (RdRp–capsid–ORFs); not full genome,clinical_direct,chain_closed,n/a — RNA from diarrheal stool specimen; typical calicivirus morphology by direct EM (no culture),n/a,"Numata 1997 Materials and methods / Virus: ""HuCV Sapporo (HuCV/Sapporo/82/Japan; SV) was isolated from a 7 month old child involved in an outbreak… Virus with typical calicivirus morphology was identified in a diarrheal stool by direct EM."" ""Viral RNA was extracted from a stool specimen from the Sapporo outbreak…"" GenBank U65427 (3′ ~3.2 kb RdRp–capsid region; not full-length genome).",Sapporo 1982 outbreak stool; Chiba group prior EM characterization,user PDF,refs/sequence_origins/SAPO-O1_numata_1997_archvirol.pdf,"Foundational SV molecular O (3′ partial). Full-length O still to locate. chain_open. | 21M: CLOSED clinical_direct — stool RNA→RT-PCR/clones; EM morphology only; no culture. Note: 3′ partial foundational O, not complete genome."
SAPO-C1,sapovirus,sapovirus (Sapporo virus),GV.2 Sweden 2016 outbreak S3/S6,confirmation,2017,Hallström,Complete Genome Sequence of a Sapporo Virus GV.2 Variant from a 2016 Outbreak of Gastroenteritis in Sweden,Genome Announc,28153884,10.1128/genomeA.01446-16,complete GV.2 genomes from stool supernatants S3/S6,clinical_direct,chain_closed,Stool supernatants S3/S6; total RNA → Ion RNA-seq; no culture,n/a,Total RNA was extracted from 200-μL aliquots of two stool supernatants (S3 and S6)… Ion total RNA-seq… SaV contigs → KY040366. Sapporo virus detected in stool by EM when routine diagnostics failed.,outbreak stool EM detection (unpublished Hergens et al.); classic Numata SV,PMC5289670 EuropePMC PDF,refs/sequence_origins/SAPO-C_yac_2017_genomea.pdf,OA complete-genome C from clinical stool (no culture). chain_open to type SV first principles. | 21j: Closed clinical_direct: stool WGS; PDF content is Hallström 2017 GenomeA (filename SAPO-C_yac historical).
BTV-O1,bluetongue,bluetongue virus,BTV-10 segment-completion era (Fukusho/Roy lineage),origin,1989,Fukusho,Completion of the sequence of bluetongue virus serotype 10 by the characterization of a structural protein…,J Gen Virol,2544660,10.1099/0022-1317-70-7-1677,BTV-10 segment set completion (paper),culture_cpe,chain_closed,BHK-21 monolayers; US prototype BTV-10 (CA-8) plaque-cloned; purified viral dsRNA segments,"yes — ""plaque-cloned using monolayers of BHK-21 cells""","Fukusho 1989 METHODS / Viruses and cells: ""United States prototype BTV-10 (CA-8) was plaque-cloned using monolayers of BHK-21 cells. The viral dsRNA was purified (Ritter & Roy, 1988) and the 10 individual RNA segments were separated and isolated…"" Completes BTV-10 segment set (VP6/NS2 / S8–S9).",Ritter & Roy 1988 dsRNA purification; prior Purdy segment clones,user PDF,refs/sequence_origins/BTV-O1_fukusho_1989_jgv.pdf,Segment-era complete-genome O stub. Prefer full Methods when OA/PDF appears. chain_open. | 21M: CLOSED culture_cpe — BTV-10 CA-8 plaque-cloned on BHK-21; dsRNA→cDNA completion.
BTV-C1,bluetongue,bluetongue virus,BTV-6 NET2008/05 (Heeten),confirmation,2010,Maan,Full Genome Characterisation of Bluetongue Virus Serotype 6 from the Netherlands 2008 and Comparison to Other Field and Vaccine Strains,PLoS ONE,20428242,10.1371/journal.pone.0010323,NET2008/05 complete 10-segment genome,culture_cpe,chain_closed,"Bovine EDTA blood → C. sonorensis KC cells (NET2008/04, no CPE) → BHK-21 (NET2008/05); RNA from cell-free infected tissue-culture supernatants and infected KC/BHK cells",KC passage without CPE; BHK-21 passage causing 100% CPE at 4 dpi; SNT plates also read for CPE. Genome amplicons from culture supernatants/infected cells (also blood RNA used).,Virus isolation: washed RBC used for isolation in C. sonorensis (KC) cells; at 7 dpi KC supernatant (KC1-NET2008/04) harvested and used to infect BHK-21; resulting isolate KC1/BHK1=NET2008/05 used for sequencing. Results: isolated (single passage) in KC without CPE then passaged in BHK-21 causing 100% CPE at 4 dpi. Viral RNA for RT-PCR extracted from cell-free infected tissue culture supernatants…,Field bovine blood Heeten Netherlands 2008; SA BTV-6 vaccine comparison,PLoS ONE gold OA PDF,refs/sequence_origins/BTV-C_maan_btv6_2010_plosone.pdf,OA full-genome C with blood→KC→BHK path. Classic BTV-10 O Methods still blocked. chain_open. | 21j: Closed culture_cpe: BHK 100% CPE on sequenced isolate path; Methods quote CPE↔genome.
CDV-O1,canine_distemper,canine distemper virus,CDV genome completion (Onderstepoort-lineage termini; Sidhu 1993),origin,1993,Sidhu,Canine distemper terminal and intergenic non-protein coding nucleotide sequences: completion of the entire CDV genome sequence,Virology,8438593,10.1006/viro.1993.1103,completes entire CDV genome (termini + intergenic),culture_no_cpe,chain_closed,Onderstepoort laboratory standard adapted to HeLa spinner culture; RNA from CDV-infected cells / nucleocapsid RNA,CPE/plaque/syncytia not stated in Sidhu 1993 Methods (OCR),"Sidhu 1993 MATERIALS AND METHODS / Preparation of virus and extraction of CDV RNA: ""The laboratory CDV standard is the Onderstepoort strain adapted to Hela cells in spinner culture. RNAs were extracted and purified from CDV infected cells by previously reported methods (Leppert et al., 1979; Dowling et al., 1983; Crowley et al., 1988)."" Genomic termini/intergenic junctions completed by RT-PCR on nucleocapsid RNA.",Onderstepoort vaccine/lab lineage; Crowley/measles-method cites for RNA prep,user PDF (image; OCR used),refs/sequence_origins/CDV-O1_sidhu_1993_virology.pdf,Classic complete-genome O. Stock/culture Methods blocked. chain_open. | 21M: CLOSED culture_no_cpe — Onderstepoort/HeLa spinner; infected-cell RNA. OCR of image PDF. No CPE warrant in Methods.
CDV-C1,canine_distemper,canine distemper virus,American raccoon epizootic isolates 1998–2001,confirmation,2004,Lednicky,Genetically distant American Canine distemper virus lineages have recently caused epizootics with somewhat different characteristics in raccoons…,Virol J,15507154,10.1186/1743-422X-1-2,subgenomic F/P + complete H; isolates in Vero,culture_cpe,chain_closed,raccoon brain/lung tissue → primary isolation in Vero; subgenomic F/P + complete H sequenced from isolates/tissues,yes — viral CPE in Vero (granular cytoplasm/vacuolization); 2001 viruses formed large syncytia in tissue and during primary isolation in Vero,"Virus isolated from tissues of 11/11 animals. Viral CPE in Vero cells… Only the 2001 viruses formed large syncytia in brain and/or lung tissue, and during primary isolation in-vitro in Vero cells…",raccoon necropsy tissues; comparison to Onderstepoort/A75/17,PMC524033 BMC OA PDF,refs/sequence_origins/CDV-C_lednicky_2004_virolj.pdf,OA confirmation path with explicit Vero syncytial CPE. Not full-genome O replacement. chain_open. | BAR2026-09-21i: CLOSED culture_cpe — explicit Vero CPE/syncytia on primary isolation for sequenced raccoon CDV material (C event; soft bar).
CDV-C2,canine_distemper,canine distemper virus,3 vaccine + 2 WT South Africa (Loots 2017),confirmation,2017,Loots,Genome Sequences of Three Vaccine Strains and Two Wild-Type Canine Distemper Virus Strains from a Recent Disease Outbreak in South Africa,Genome Announc,28684581,10.1128/genomeA.00603-17,complete genomes; vaccine America-1; WT South African lineage,culture_no_cpe,chain_closed,VerodogSLAM; 1–3 passages of vaccine + WT outbreak isolates (Loots 2017),CPE word not stated in brief Genome Announc; culture/passaging explicit,Samples were cultured and passaged between one and three times on VerodogSLAM cells grown in 25 cm2 tissue culture flasks (12). Viral RNA was extracted using Trizol (Invitrogen). Sequence-independent whole-genome reverse transcription-PCR amplification…,Onderstepoort-area vaccines; SA outbreak material,PMC5502862 ASM/EuropePMC OA PDF,refs/sequence_origins/CDV-C_loots_2017_genomea.pdf,OA complete-genome C including vaccine strains. First-principles Onderstepoort still open. chain_open. | 21k: CLOSED culture_no_cpe — VerodogSLAM 1–3× → Trizol RNA → complete genomes (vaccine America-1 + SA WT). No CPE warrant in brief report; do not inflate.
CSFV-O1,classical_swine_fever,classical swine fever virus (hog cholera),HCV/CSFV genome (Meyers Tübingen),origin,1989,Meyers,Molecular cloning and nucleotide sequence of the genome of hog cholera virus,Virology,2763466,10.1016/0042-6822(89)90625-9,12284 nt; one long ORF,culture_no_cpe,chain_closed,"Pig lymphoma cell line 38A,D; Alfort reisolated from organs of experimentally infected moribund pig; RNA from partially purified virions (Rümenapf et al. 1989 methods)","CPE not stated for HCV Alfort in Meyers Methods (contrast: ""cytopathic BVDV strain NADL""); most CSFV historically grow without CPE (see CSFV-C1)","Meyers 1989 MATERIALS AND METHODS / Viruses and cells: ""The virulent HCV strain Alfort (Aynaud, 1976)… The Alfort strain was reisolated from organs of an experimentally infected moribund animal and used thereafter for multiplication in the pig lymphoma cell line 38A,D…"" cDNA synthesis: ""using RNA extracted from partially purified virions"" (methods per Rümenapf et al., 1989). Accession J04358; 12284 nt.",Aynaud 1976 Alfort; Rümenapf 1989 RNA/cDNA methods; Liess Hannover stock,user PDF,refs/sequence_origins/CSFV-O1_meyers_1989_virology.pdf,"Classic pestivirus/CSFV complete-genome O. Methods blocked. chain_open. | 21M: CLOSED culture_no_cpe — Alfort×pig-lymphoma 38A,D virion RNA; no CPE warrant for Alfort in resolved record."
CSFV-C1,classical_swine_fever,classical swine fever virus,Alfort/187 infectious full-length clone,confirmation,1996,Ruggli,Nucleotide sequence of classical swine fever virus strain Alfort/187 and transcription of infectious RNA from stably cloned full-length cDNA,J Virol,8648680,10.1128/JVI.70.6.3478-3487.1996,Alfort/187 complete; infectious clone pA187-1,culture_no_cpe,chain_closed,Alfort/187 on PK-41 porcine kidney; RNA from clarified freeze-thaw extract of infected PK-41 p2 (1.6e6 TCID50/ml); titration by IFA not CPE,Explicit: most CSFV strains grow without inducing CPE; Alfort/187 scored by immunofluorescence/TCID50. CAP strain is CPE exception (not the sequenced strain).,"Cells and viruses: PK-41… The virulent Alfort/187… PK-41 cells were infected with Alfort/187, and cells from the second passage were submitted to three cycles of freeze-thawing… titer 1.6e6 TCID50/ml. RNA of CSFV Alfort/187 obtained by lysis of the clarified extract from infected PK-41 cells… Intro: In cell culture, most of the CSFV strains and isolates grow without inducing a cytopathic effect.",Alfort strain history (Hannover gift); Meyers 1989 HCV genome; Brescia/Alfort Tübingen comparisons,PMC190221 EuropePMC PDF,refs/sequence_origins/CSFV-C1_ruggli_alfort187_1996_jvi.pdf,OA complete genome + infectious clone C. Explicit no-CPE culture note. Field Alfort first principles still open. Filename keeps O1 label from download; event is C1. chain_open. | 21j: Closed culture_no_cpe: PK-41 culture↔genome + explicit no-CPE for Alfort/187 class.
COV-O7,coronavirus,human coronavirus 229E,Inf-1 cDNA / lab-adapted VR-740 lineage (AF304460 / NC_002645),origin,2001,Thiel,Infectious RNA transcribed in vitro from a cDNA copy of the human coronavirus genome cloned in vaccinia virus,J Gen Virol,11369870,10.1099/0022-1317-82-6-1273,AF304460 / NC_002645.1 (~27317 nt; Inf-1),culture_no_cpe,chain_closed,Parental HCoV 229E propagated in MRC-5 (human lung fibroblast); poly(A)+ RNA from infected MRC-5 → cDNA library/RT-PCR; full-length cDNA assembled and cloned in vaccinia (vHCoV-inf-1); AF304460 = sequenced 27.3 kb cDNA insert. Inf-1 rescue into MRC-5 for validation.,"CPE/plaques used for vaccinia recombinant isolation and for Inf-1 rescue validation (""cytopathic effects characteristic of human coronavirus infection""; plaque purified) — not the production warrant for the sequenced vaccinia-borne cDNA insert. Upstream Hamre 1966 documents HEL/WI-38 CPE for original 229E isolation (P node); not inflated into O path_score per soft bar / no-inflate rule.","Thiel METHODS: HCoV 229E… propagated, titrated and purified by using standard procedures… Poly(A)-containing RNA was isolated from coronavirus-infected MRC-5 cells… Plasmids were constructed from a library of HCoV 229E cDNA clones and RT–PCR products… The sequence of the 27.3 kbp cDNA insert of vaccinia virus vHCoV-inf-1 was determined and has been deposited in the GenBank database (AF304460).",Hamre & Procknow 1966 PSEBM (COV-229E-P_hamre); Thiel 2001 JVI replicase companion (COV-229E-P1); Raabe et al. 1990; Herold et al. 1993,user PDF,refs/sequence_origins/COV-O7_thiel_2001_jgv.pdf,Expansion-list HCoV-229E O stub. Companion Thiel JVI OA PDF in hand as P node (not complete-genome Methods). chain_open. | 21M: Hamre 1966 PSEBM PDF verified (CPE in HEL/WI-38; 229E limiting-dilution purified) — strengthens first-principles P node but Thiel 2001 JGV Inf-1 Methods still missing; remain chain_open. | 21N: CLOSED culture_no_cpe — Thiel JGV Methods: MRC-5-propagated parental 229E RNA→cDNA→vaccinia vHCoV-inf-1 insert sequenced (AF304460). Inf-1 rescue CPE/plaques and Hamre isolation CPE kept as P/validation context; not inflated to culture_cpe (sequenced material is culture cDNA insert). Soft method↔deposit bar.
COV-C4,coronavirus,human coronavirus 229E,clinical 0349 (HAE-propagated) + uncultured J0304 vs Inf-1/NC_002645,confirmation,2012,Farsani,The first complete genome sequences of clinical isolates of human coronavirus 229E,Virus Genes,22926811,10.1007/s11262-012-0807-9,clinical 229E complete genomes (0349 / J0304) vs Inf-1,culture_no_cpe,chain_closed,HCoV-229E 0349: respiratory swab → pseudostratified HAE; apical wash 72 h pi. J0304: uncultured clinical swab (clinical_direct arm).,Classical CPE not stated; HAE apical propagation for 0349,"The virus was propagated upon human airway epithelial cells, as described previously [9]. The apical supernatant was harvested 72 h post-infection by apical washing. … Total RNA was extracted from the apical washing from 0349 and from the Copan collected swab of J0304…",Inf-1/Thiel COV-O7; Dijkman HAE methods [9]; Hamre isolation still open,PMC7088690 EuropePMC PDF,refs/sequence_origins/COV-229E_C_farsani_2012_virusgenes.pdf,OA clinical-genome confirmation vs lab-adapted Inf-1. Springer publisher PDF blocked; EuropePMC OK. chain_open. | 21k: CLOSED culture_no_cpe for cultured isolate 0349 (HAE apical RNA→complete genome). J0304 remains clinical_direct arm in same paper; primary path_score culture_no_cpe. Soft method↔deposit bar.
COV-O8,coronavirus,SARS-CoV-2,WH-Human 1 / Wuhan-Hu-1 (MN908947; 29903 nt),origin,2020,Wu,A new coronavirus associated with human respiratory disease in China,Nature,32015508,10.1038/s41586-020-2008-3,MN908947 (Wuhan-Hu-1 / WHCV),clinical_direct,chain_closed,none (direct BALF RNA; no culture for sequenced material),no culture/CPE for sequenced material,"Total RNA was extracted from 200 μl of BALF and a meta-transcriptomic library was constructed for pair-end sequencing using an Illumina MiniSeq… whole genome sequence (29,903 nt) … GenBank accession number MN908947.",clinical BALF only,user PDF,refs/sequence_origins/COV-SARS2_wu_2020_nature.pdf,Expansion-list SARS-CoV-2 type material O. Direct clinical sequencing path; first-principles culture isolation not in this paper. chain_open. | BAR2026-09-21h: CLOSED clinical_direct — deposit paper itself states BALF→total RNA→MiniSeq→MN908947. Method↔deposit link adequate; no forensic custody needed.
COV-C5,coronavirus,SARS-CoV-2,WIV04 (Wuhan/WIV04/2019) from patient ICU-06 BALF,confirmation,2020,Zhou,A pneumonia outbreak associated with a new coronavirus of probable bat origin,Nature,32015507,10.1038/s41586-020-2012-7,WIV04 / related GISAID EPI_ISL_402127–402130,culture_cpe,chain_closed,Vero E6 and Huh7 inoculated with ICU-06 BALF,Clear cytopathogenic effects after 3 days; IF + rising qPCR; EM coronavirus morphology,…isolated … from both Vero E6 and Huh7 cells using the BALF sample of patient ICU-06. Clear cytopathogenic effects were observed in cells after incubation for three days… identity of strain WIV04 verified by IF and metagenomics; viral load increased day 1→3.,clinical BALF ICU-06,user PDF,refs/sequence_origins/COV-SARS2_zhou_2020_nature.pdf,Culture+CPE confirmation path complementary to Wu direct-seq O. Patient→first Vero isolation still chain_open for full first-principles. chain_open. | BAR2026-09-21h: CLOSED culture_cpe — deposit Methods state BALF→Vero E6/Huh7 with explicit CPE day 3→WIV04 sequence. Adequate method↔deposit link.
VSV-C1,VSV,vesicular stomatitis Indiana virus,HR / T1026R1 / plaque isolates 22-20 & 22-25,confirmation,2019,Russell,Near-Complete Genome Sequences of Vesicular Stomatitis Virus Indiana Laboratory Strains HR and T1026R1 and Plaque Isolates 22-20 and 22-25,Microbiol Resour Announc,30975700,10.1128/MRA.00012-19,MH919396; MH919397; MH919398; MH919399,culture_cpe,chain_closed,Vero propagation MOI 0.0001 until 80–90% CPE; supernatant harvested; RNA from virus stock / L929 for Sanger,"Explicit: Once 80 to 90% of the cells exhibited a cytopathic effect, the supernatant was harvested. Title/abstract: plaque isolates 22-20 and 22-25 (Marcus plaque-purified).","Virus stocks were propagated in Vero cells at a multiplicity of infection of 0.0001. Once 80 to 90% of the cells exhibited a cytopathic effect, the supernatant was harvested… For Illumina… RNA was extracted from 1 ml of virus stock… We are also grateful to Philip I. Marcus, who plaque purified… 22-20 and 22-25.",Marcus plaque isolates; Jean Lucas-Lenard HR/T1026R1 stocks; NC_001560 reference,PMC OA PDF,refs/sequence_origins/VSV-C_russell_2019_mra.pdf,21j NEW confirmation: OA MRA documents Vero CPE→genome for Indiana lab/plaque strains. Adds culture_cpe to VSV family (O closed culture_no_cpe).
CDV-C3,canine_distemper,canine distemper virus,JA88/2020,confirmation,2021,da Costa,First complete genome sequence of Canine morbillivirus isolated in Central Brazil,Sci Rep,34158515,10.1038/s41598-021-92183-2,MW460905,culture_cpe,chain_closed,Clinical swabs → VerodogSLAM (VDS) cells; passages until CPE; RNA from cell lysate + supernatant for WGS,Daily CPE observation; syncytial effect/detachment; third passage JA88 confluent CPE (~80%) at 48 h; CPE-positive cultures → whole-genome sequencing.,"Cell culture plate observed each day… whether a cytopathic effect (CPE) developed. If there was a CPE, the supernatant was collected… All positive cell cultures were subjected to… whole genome sequencing. Results: Gross lesions such as detachment of cells and the syncytial effect were observed… In the third passage of JA88, a confluent CPE (~80%) was observed… Viral RNA… from cell lysates plus supernatant… GenBank MW460905.",Brazilian dog clinical swabs 2019,PMC OA PDF (EuropePMC render),refs/sequence_origins/CDV-C_brazil_2021_scirep.pdf,21j NEW confirmation culture_cpe: VDS CPE/syncytia→complete genome. CDV family already had CDV-C1 culture_cpe; adds independent field isolate.
BTV-C2,bluetongue,bluetongue virus,OBP live attenuated vaccine bottle A plaque-selected serotypes 1/4/6/12/14,confirmation,2020,Coetzee,Complete Genome Sequences of Virus Strains Isolated from Bottle A of the South African Live Attenuated Bluetongue Virus Vaccine,Microbiol Resour Announc,,10.1128/MRA.00310-20,MT070889–MT070938 (segment set; see paper Table 1),culture_cpe,chain_closed,Plaque selection on Vero from OBP bottle A; one round Vero propagation; cells harvested when CPE advanced; dsRNA from infected pellets,Plaque-selected on Vero; harvested when cytopathic effect was advanced.,The serotypes were isolated from bottle A… using plaque selection on Vero cells… plaque-selected viruses were propagated for 1 round on Vero cells… harvested when the cytopathic effect was advanced. Total RNA extracted from the infected cell pellets…,OBP commercial live attenuated BTV vaccine bottle A,PMC OA PDF,refs/sequence_origins/BTV-C_coetzee_obp_bottleA_2020_mra.pdf,21j NEW confirmation culture_cpe: plaque+CPE→genome for vaccine bottle A strains.
BVDV-C1,BVDV,bovine viral diarrhea virus,SuwaNcp / SuwaCp virus pair (BVDV-1k),confirmation,2013,Marques Antunes de Oliveira,Complete genome sequences of both biotypes of a virus pair of bovine viral diarrhea virus subgenotype 1k,Genome Announc,23887907,10.1128/genomeA.00287-13,KC853440 (SuwaNcp); KC853441 (SuwaCp),culture_cpe,chain_closed,Bovine turbinate cells; biotypes separated by plaque formation; SuwaCp RNA from infected turbinate cells,Yes — cytopathic vs noncytopathic biotypes defined by effect on cultured cells; separation/cloning by plaque formation; SuwaCp is the Cp biotype,"Separation and biological cloning of the two biotypes were performed by plaque formation (6, 11, 12). … the sequence of SuwaCp was directly determined from PCR fragments obtained after RNA isolation of infected bovine turbinate cells (QIAamp RNA blood minikit…)","PI calf mucosal disease pair; Swiss BVDV-1k prior isolation papers (6,11,12)",PMC3735061 EuropePMC OA PDF,refs/sequence_origins/BVDV-C_marques_suwa_biotypes_2013_genomea.pdf,21k NEW confirmation culture_cpe: plaque-separated Cp/Ncp pair → complete genomes KC853440/41. Prefer culture_cpe (Cp plaque path). BVDV-O1 Colett still open (paywalled).
BVDV-C2,BVDV,bovine viral diarrhea virus,SLO/1170/2000 (ncp 1f) + SLO/2416/2002 (cp 1d),confirmation,2019,Toplak,"Nearly complete genome sequences of two bovine viral diarrhea virus isolates, subtype 1f strain SLO/1170/2000 and subtype 1d strain SLO/2416/2002",Microbiol Resour Announc,31727701,10.1128/MRA.00931-19,KX987157 (SLO/1170/2000); KY849592 (SLO/2416/2002),culture_cpe,chain_closed,Bovine turbinate (BT) cells; RNA from culture supernatants (QIAamp viral RNA),Yes for cp isolate — SLO/2416/2002 produced cytopathic effect on BT cells; SLO/1170/2000 explicitly no CPE (ncp),"BVDV strain SLO/1170/2000 … produced no cytopathic effect on bovine turbinate (BT) cells, while BVDV strain SLO/2416/2002 … produced cytopathic effect on BT cells. Total RNA extraction from supernatants of isolates was performed using the QIAamp viral RNA kit…",Slovenian PI cattle / mucosal-disease cow isolates,PMC6856267 EuropePMC OA PDF,refs/sequence_origins/BVDV-C_toplak_1f_1d_2019_mra.pdf,21k NEW confirmation culture_cpe: cp SLO/2416/2002 CPE on BT → supernatant RNA → KY849592. Pair includes ncp without CPE; path_score culture_cpe on the cp warrant.
FMDV-C1,FMDV,foot-and-mouth disease virus,SAT1 plaque-purified and primary-passage genomes from Cape buffalo OPF (Kenya 2016),confirmation,2022,Palinski,Genome sequences of foot-and-mouth disease virus SAT1 strains purified from coinfected Cape buffalo in Kenya,Microbiol Resour Announc,36094180,10.1128/mra.00725-22,OM562514–OM562591 (passage + plaque set; Table 1),culture_cpe,chain_closed,OPF → one passage on LFBK-αVβ6; subset plaque-purified on 6-well plates (agar overlay); RNA from passage/plaque material,"Yes — plaque purification (agar overlay, plaques picked for sequencing); classical plaque warrant","Following confirmation, isolates were either sequenced directly or subjected to plaque purification (8, 9). Briefly, for plaque purification, 6-well plates of cells were inoculated with OPF for 1 h… overlaid with agar, and plaques were extracted for sequencing. Total RNA was extracted from the samples…",Kenya Cape buffalo OPF surveillance 2016; FMDV-O1 Forss Kaufbeuren still separate O,PMC9584208 EuropePMC OA PDF,refs/sequence_origins/FMDV-C_palinski_sat1_buffalo_2022_mra.pdf,21k NEW confirmation culture_cpe: plaque-purified SAT1 → near-complete genomes. Adds C culture_cpe alongside FMDV-O1.
EV71-C2,enterovirus_71,enterovirus A71,NIV2420350 (Rajasthan 2022) + NIV224291 (Mizoram 2024); genotype A BrCr-like,confirmation,2025,Jagtap,"Near-complete genome sequences of human enterovirus A71 genotype A (BrCr-like) isolates from hand, foot, and mouth disease patients in India",Microbiol Resour Announc,41805185,10.1128/mra.00887-25,PX021637; PX021638,culture_cpe,chain_closed,RD cell isolation; cultures with CPE harvested; plaque-purified twice in Vero; RNA from culture supernatants,Yes — RD cultures showing cytopathic effects harvested; plaque-purified twice in Vero,Virus isolation was performed in rhabdomyosarcoma (RD) cells… Cultures showing cytopathic effects were harvested and plaque-purified twice in Vero cells. Viral RNA was extracted from culture supernatants…,Indian HFMD clinical swabs; EV71-O1/C1 Brown BrCr lineage context,PMC13064089 EuropePMC OA PDF,refs/sequence_origins/EV71-C_jagtap_brcr_india_2025_mra.pdf,21k NEW confirmation culture_cpe: RD CPE + Vero double plaque → supernatant RNA → PX021637/38.
BK-O2,BK_polyomavirus,BK polyomavirus,Dunlop (Dun),origin,1979,Seif,The genome of human papovavirus BKV,Cell,229976,10.1016/0092-8674(79)90209-5,5153 bp BKV(Dun) complete DNA sequence (paper),culture_no_cpe,chain_closed,Secondary human embryonic kidney (HEK) cultures; prototype BKV and Dunlop grown; form I DNA by Hirt + CsCl,PFU used as MOI (0.1–1 pfu/cell); plaque-purification not stated as isolate warrant in Experimental Procedures,"Seif 1979 Experimental Procedures / Viral DNA Preparation: ""Prototype BKV and BKV strain Dunlop (Dun) were grown in secondary cultures of human embryonic kidney cells infected at a multiplicity of 0.1–1 pfu per cell. Three days after infection, form I BKV DNA was purified by the Hirt procedure followed by ethidium bromide–cesium chloride equilibrium centrifugation."" Complete Dunlop sequence 5153 bp.",Howley personal communication on Dunlop similarity to prototype; Gardner/Howley BK lineage,user PDF,refs/sequence_origins/BK-P_seif_1979_cell.pdf,21M NEW: alternate complete-genome O for Dunlop (parallel to Yang MM BK-O1). CLOSED culture_no_cpe — HEK culture DNA clear; PFU=MOI only → not inflated to culture_cpe. Filename BK-P_* retained (gitignored); event is O-class.
